y_test,pred_test
0.98238856,1.1548165
0.600373,1.1495048
0.6578,1.148902
1.7040833,1.1562058
1.2494249,1.1585101
0.58568084,1.1556501
0.5743035,1.1427792
0.6085993,1.1465814
2.925753,1.1598109
2.15209,1.1553525
1.172411,1.1610211
0.50454175,1.155914
0.6638469,1.1505653
0.7388154,1.1563712
1.0020419,1.1551101
1.3046321,1.1647924
2.4602628,1.1558334
4.073126,1.1614112
0.51766163,1.143473
0.53241473,1.1449691
0.6230959,1.1487345
1.2814854,1.1429499
0.5078824,1.1416287
0.6189115,1.1436818
0.71070445,1.1432139
0.23416829,1.1427981
0.5348796,1.1531342
0.6209701,1.1450573
0.7112289,1.1511579
1.9185834,1.1623219
1.1501712,1.159612
1.732914,1.1538484
0.8600546,1.1556437
1.5202334,1.1481341
1.1630666,1.1478292
0.08809821,1.153339
3.600576,1.1613244
2.8037984,1.1599991
1.4465996,1.1627386
1.0466158,1.1594874
0.7213437,1.1632309
1.0694145,1.1558799
0.7372842,1.15876
1.4420679,1.1602482
1.4900869,1.1595808
0.7927333,1.1603974
1.587305,1.1664164
3.1809108,1.1582608
4.1127644,1.1637121
0.016502399,1.1409804
0.0069564297,1.141706
0.56541896,1.1369253
0.00475289,1.1389577
1.3472397,1.1535078
0.8094689,1.1489494
0.53740287,1.1550006
0.50420344,1.1584384
1.3839574,1.1489431
2.4871645,1.1546925
2.5112157,1.163364
1.5704924,1.1605242
1.5116473,1.1550394
1.4892794,1.1503199
0.840125,1.156216
0.8745982,1.1496505
0.87680894,1.1491612
0.0,1.153952
0.013208835,1.164258
0.505034,1.1606407
3.1674454,1.162365
0.5395114,1.1639618
2.8676481,1.1600672
1.6436164,1.1624662
1.3680043,1.1603813
0.5464933,1.1642927
0.817504,1.1638206
2.286307,1.1564063
0.8770667,1.1598469
1.7450365,1.1606041
2.0586207,1.1602696
0.94182557,1.1609713
1.677969,1.1675771
3.7202783,1.1587069
4.3877454,1.1650914
0.54933435,1.1483582
0.65358335,1.1470505
0.021853266,1.1320624
1.384152,1.1487559
1.3592564,1.1442151
0.61898243,1.1509703
0.50756174,1.1418507
0.7462926,1.1437372
0.6491187,1.1462054
0.7819765,1.1548524
1.2492139,1.1450582
2.4545143,1.1496533
2.2602377,1.1646245
1.4342774,1.16166
1.2161715,1.1535447
1.0213482,1.1488231
0.51787716,1.1547276
0.5600833,1.1517174
0.07581028,1.1479844
0.71761477,1.1475774
0.5019863,1.1588637
4.029066,1.1647319
0.73143363,1.1643993
3.356962,1.1601295
1.7290988,1.1640989
1.2827276,1.1595906
0.63300353,1.1662096
0.8758065,1.1653187
2.0880244,1.1565663
0.7139185,1.1532677
0.90620834,1.1592249
1.7196671,1.1604617
2.2676997,1.159808
1.1379353,1.1594993
1.7626191,1.167969
4.0459604,1.162191
5.0752993,1.1664066
0.88327634,1.1627218
0.8067017,1.15925
0.62843394,1.1524491
0.6580133,1.1476415
0.09404033,1.1540247
0.5240616,1.1502429
0.23160042,1.1499039
2.266508,1.1606506
2.0372946,1.1583992
1.3368436,1.1619807
0.9265599,1.1595385
0.55757964,1.1620008
1.421862,1.1554866
0.6143449,1.1585263
1.3114794,1.1590081
1.3135364,1.1591241
0.6103087,1.1600945
1.2884439,1.1667017
2.350802,1.1565254
2.7993624,1.162361
0.01749468,1.1289937
0.0026558463,1.1388823
0.08043383,1.1400577
0.5299658,1.1474129
1.0740854,1.1516842
1.0339304,1.1457282
0.510694,1.1465071
0.57210124,1.1555585
1.3273025,1.1488022
1.9338102,1.1534806
0.5214297,1.1497597
0.5824577,1.1475041
1.3816297,1.149336
1.331554,1.1452698
0.65459746,1.15107
0.69899416,1.1443547
0.5947497,1.1468784
0.76515305,1.1545485
1.1426334,1.1452678
1.8930023,1.1505402
0.0010905173,1.1259263
0.88098216,1.1481615
0.67487407,1.1407502
0.896845,1.1419426
1.5217373,1.1495237
1.1053691,1.1424265
0.9025848,1.1434051
0.0,1.1249748
2.6956902,1.1480458
2.0736568,1.1418205
1.3525417,1.1480035
0.6980349,1.1421117
0.8808042,1.1375383
0.5481667,1.1412762
1.0650783,1.1419952
1.1665889,1.1419092
0.5969564,1.1425146
1.2840325,1.1510545
3.25713,1.142073
3.6861413,1.149106
1.7515326,1.159858
2.8002732,1.1565808
1.6210072,1.1613044
0.5654512,1.1626512
0.583696,1.1588862
1.2154024,1.1592487
2.485872,1.1586076
1.1876944,1.156172
0.8347462,1.1551639
0.9703759,1.1543864
0.55813336,1.1602484
1.4524724,1.1608516
1.4719291,1.1555481
1.4611344,1.1602515
0.92777383,1.1590937
1.6258348,1.1578382
0.858608,1.1565793
0.75624627,1.1556461
0.6977011,1.1551604
0.53555197,1.1599766
4.1579833,1.1614832
1.6411978,1.1580657
2.3678539,1.1646923
0.0049833334,1.1592817
0.85351425,1.1605366
1.502564,1.1611542
0.94606835,1.15652
3.6871421,1.1635414
1.5759792,1.1587001
1.9185834,1.1663991
1.4995403,1.1691085
2.650867,1.1726962
0.523542,1.1644728
0.87249863,1.1663646
3.1452734,1.1699846
0.01713021,1.1639138
1.1184644,1.1616693
0.0051713837,1.1698934
1.1986578,1.1657249
1.0885024,1.1686615
0.0057100696,1.1527576
0.014425439,1.1448339
0.0,1.140395
1.2924167,1.1474206
1.0486667,1.1730657
0.6852083,1.1542846
0.60882443,1.1600438
1.066862,1.1572373
1.7080747,1.1613065
3.703518,1.1572798
0.69434446,1.1571466
2.8882813,1.161399
0.81955534,1.164667
1.5481586,1.1593338
0.020086486,1.1586139
2.664297,1.159586
4.033624,1.158599
3.094276,1.1575229
0.79629296,1.1566643
0.97468275,1.1564062
0.9717861,1.1600591
0.0029737793,1.1533458
0.6763669,1.1527681
0.75372916,1.1569277
0.77967393,1.162007
0.68944675,1.1586496
0.03945139,1.154095
0.53411114,1.1527385
0.07395899,1.1550618
2.7888749,1.1583925
3.1582592,1.1541315
3.0864167,1.1597072
1.5670416,1.1606637
1.2463579,1.1570598
2.4421706,1.1576511
4.77449,1.1567788
1.936348,1.1537124
1.1582232,1.1527799
1.261598,1.1523116
1.3481334,1.1589901
1.9298059,1.1621343
1.9539315,1.158081
0.9283129,1.1624833
0.62064064,1.1653901
0.54719126,1.1599833
0.7598976,1.1606671
0.927354,1.159629
1.0977083,1.157796
0.93633384,1.157251
0.8712701,1.1569184
1.6874105,1.1606792
1.8587445,1.1564101
1.318551,1.1619604
0.59446955,1.1627595
0.70259994,1.1601056
1.7846508,1.1593592
0.8462059,1.1550071
0.68410695,1.1542987
0.7062014,1.1636934
0.84096086,1.1596476
0.7047857,1.1607269
0.93996733,1.1632162
1.1327391,1.1593336
0.9059362,1.1633223
0.59892285,1.1612655
1.761405,1.1595237
2.6980803,1.1551496
2.8338556,1.1508166
1.7782108,1.1564437
0.8215381,1.1574931
0.87875944,1.1543549
1.7159309,1.1534355
0.6427359,1.1505691
1.1127543,1.1495718
0.92690295,1.1490341
0.8680537,1.1557719
0.79910976,1.1508368
1.7121309,1.1470248
0.9442871,1.1587998
1.0446944,1.1546792
1.141042,1.1602905
0.5942694,1.1582757
1.6360013,1.1575493
0.40401435,1.1525139
2.1890144,1.1602687
2.2693877,1.1564332
0.07060564,1.1563207
1.9100349,1.1612779
0.86030453,1.1625023
0.95707923,1.1598212
2.373537,1.157997
0.5654074,1.1558033
1.1833682,1.154937
0.9405844,1.1544495
0.57285887,1.1607388
0.15569231,1.1679715
2.0872693,1.1588017
2.770228,1.1543922
1.9346161,1.1600186
0.6082565,1.1607244
0.58446234,1.1574353
1.2409388,1.1581882
2.4815865,1.1571381
1.0878814,1.1537824
0.99315524,1.1527027
0.96193594,1.152526
0.7014065,1.1591476
0.6366148,1.1593357
1.2771322,1.1550138
1.04742,1.1605088
0.6172301,1.1585197
1.0453178,1.1579663
0.56925,1.154585
0.5060981,1.1597189
0.004050493,1.1591719
1.7614352,1.1667649
1.9718773,1.1630136
1.439445,1.1671895
0.59583336,1.169536
0.59336126,1.1649183
0.97212636,1.1656067
1.3077275,1.164445
1.1197909,1.1622173
0.232875,1.1623293
0.9513,1.1617771
0.92154056,1.1615375
2.013522,1.1579137
4.239156,1.1539019
5.3907323,1.157945
1.0438007,1.1610142
0.5471808,1.1549476
1.9262271,1.1558312
3.6592414,1.1564374
5.0028086,1.1546127
2.424272,1.1539086
0.6312482,1.153621
1.1151257,1.1533582
1.0972006,1.1528257
2.3574529,1.1571928
0.75426036,1.1609877
0.5223472,1.1684698
2.4059975,1.1644562
4.026444,1.1600717
3.2983704,1.164605
1.266004,1.1669571
2.3962872,1.1623718
3.323819,1.1628181
3.608567,1.1614505
3.9106638,1.1603931
0.7179013,1.1603252
1.287983,1.1595744
1.4474714,1.1587477
1.1568452,1.163711
0.8360446,1.1571307
2.5527532,1.1612203
0.0056130355,1.1477869
0.8190921,1.1444043
0.68107396,1.1440599
2.0869832,1.1584305
0.7098405,1.1584638
0.005431661,1.1457678
0.72373265,1.1648225
0.6867077,1.162552
1.0236531,1.167719
1.0914966,1.1538687
0.8359864,1.1478494
0.0044798166,1.1486233
1.4159867,1.1651806
0.9630438,1.1633918
0.69913036,1.1667026
0.69087124,1.163639
0.55275434,1.1616781
0.73648244,1.1702542
1.8807497,1.1614331
2.4030876,1.1667737
1.2425112,1.1419867
1.8863382,1.1460131
1.9551278,1.1428723
0.75372916,1.1436172
1.233375,1.1481467
0.5481667,1.1468378
1.3156,1.1453245
1.9396666,1.1430756
1.3704166,1.1587306
0.0,1.152431
0.83367014,1.149675
0.0,1.1311244
0.013704167,1.1666917
1.717216,1.1483406
2.9749463,1.1526017
1.642994,1.1505896
3.2775798,1.1496146
1.1115602,1.1487293
0.1796357,1.1475393
1.3789818,1.151271
1.233375,1.1454536
2.76575,1.1478301
1.032593,1.1454092
3.3388333,1.143979
0.5600833,1.148559
0.020302469,1.147589
0.5835323,1.1530484
0.6924211,1.1498195
0.69377345,1.1434134
0.9754142,1.1486596
1.0049722,1.1454135
0.0,1.1452638
0.71566206,1.1484096
0.60121506,1.1523188
0.8770667,1.1480547
0.5824271,1.1369237
1.3623554,1.1421179
0.14211729,1.1393737
1.0134709,1.1384501
0.0,1.143669
0.021083333,1.1658916
0.8655263,1.1434466
1.4988933,1.1480275
1.562275,1.1442461
0.49833333,1.1612861
1.0682223,1.1419955
1.2473588,1.1468619
1.9326389,1.143638
0.0018902299,1.1412194
0.76743335,1.1479605
0.58813715,1.15149
0.9414167,1.1557499
0.91543835,1.1527978
2.1265087,1.1451936
2.1584063,1.1493049
3.8763216,1.1542639
0.5329398,1.1492902
1.20175,1.151926
2.0475638,1.1519905
4.202611,1.150519
1.3704166,1.1494125
0.9935521,1.1487144
0.78485346,1.1658498
0.5667137,1.155868
1.7181343,1.1513466
1.1329165,1.156628
0.9156663,1.1542538
1.9087752,1.1538609
0.2701491,1.1536233
0.60448515,1.150966
2.2298636,1.1551834
0.6166875,1.1541998
0.5091081,1.1551124
0.5265722,1.1487583
0.9978762,1.1635336
2.1533601,1.1667117
0.6833237,1.1586403
0.005220635,1.1436256
0.007407658,1.1570143
0.0027967687,1.1331543
0.004090796,1.1341256
1.9168292,1.1638186
0.61908627,1.1555221
0.89176387,1.159396
0.95868796,1.1621257
0.16736062,1.1378964
0.0069388184,1.1471282
0.008141089,1.1359915
0.023627874,1.1424844
0.0037804598,1.1399803
0.50079423,1.165398
2.6877115,1.1529056
2.3124902,1.1576896
1.5233263,1.1552414
0.85056275,1.1553878
2.3042848,1.1555876
2.2993793,1.1547624
1.8966206,1.1543335
0.82262856,1.1565973
0.01367444,1.1607243
0.56851345,1.1659425
1.1155556,1.152824
2.044205,1.1474472
1.795492,1.1537987
0.91211337,1.1508559
0.567069,1.1499292
1.7604789,1.1512414
2.3588805,1.1506566
0.95057803,1.147956
0.6964111,1.1463068
1.2104313,1.1530551
0.012814286,1.1467961
0.873602,1.160355
0.51425296,1.1591603
1.1372923,1.1539581
0.55315,1.1590725
0.5718118,1.1568776
0.88770753,1.1560682
0.85371,1.1485392
0.5762778,1.1547538
1.1475555,1.1519362
0.02514526,1.149075
0.003729025,1.152328
0.51684284,1.1541635
0.8040452,1.1549096
0.55315,1.1604992
0.59707123,1.1487541
1.1711413,1.143178
0.9002822,1.1493698
0.58390665,1.1470408
1.2873333,1.1463434
0.006406623,1.1638709
0.49126357,1.1468369
0.82771343,1.1503826
0.00978869,1.1531752
0.62074625,1.1661098
0.6134137,1.1541246
1.1477975,1.1489271
0.8590538,1.1545807
0.5516649,1.1527086
1.3491678,1.1511179
0.9344511,1.1659573
0.5371791,1.1530639
1.4557682,1.1475084
0.9923946,1.1536297
0.75102556,1.1515115
1.5895643,1.150719
0.6071947,1.148288
0.5201193,1.1544516
0.5708808,1.1518701
0.9858079,1.1655793
0.57907593,1.1629136
1.3255197,1.158013
0.7192317,1.1629161
0.6545698,1.16091
1.1073146,1.1601468
1.0303296,1.1596915
2.7060905,1.1489292
4.087757,1.1538283
2.0047238,1.1512676
0.9927428,1.1514035
2.9994442,1.1519439
3.9946623,1.150386
1.4706528,1.1505069
1.0684967,1.1532387
0.013435458,1.1458522
0.6902068,1.1595763
3.5684752,1.1540807
2.853691,1.1595064
0.6472052,1.155002
2.5800378,1.1569456
1.0018219,1.1565573
3.416768,1.1572684
3.476865,1.1560982
3.1896677,1.155188
0.7596589,1.1549946
0.54190403,1.1540347
0.82225,1.1532575
1.3815784,1.1585647
0.83391315,1.1337965
0.050992247,1.1498266
0.577744,1.1348461
1.1710833,1.1333859
0.022465847,1.131189
0.0,1.1163951
0.0,1.1153764
0.0066849594,1.1441104
0.51654166,1.129306
0.0,1.1273497
1.3517896,1.1397341
2.8921678,1.138668
0.004216667,1.1364349
0.0,1.1254025
0.598,1.1297122
0.0,1.1305108
1.3319938,1.1330787
3.2280927,1.1318434
0.0,1.1245455
0.0,1.126837
0.0018902299,1.1423495
0.81190723,1.1308731
0.0,1.1465043
0.0,1.1246594
0.0,1.1196967
0.0014425438,1.1245515
0.0064871795,1.1245949
0.0,1.1416448
0.89077085,1.1320218
0.0,1.145031
0.0,1.1503577
0.7619517,1.13126
1.201433,1.1325544
0.003806713,1.1253358
0.24311994,1.1444392
0.007027778,1.1402742
2.646862,1.135553
1.8757578,1.1341653
0.010541666,1.139028
0.36727166,1.1446161
0.5481667,1.1414655
2.0287676,1.1420006
3.4896681,1.1406547
1.9003111,1.1369063
0.99970734,1.138935
1.2190824,1.1378726
1.0430393,1.1382016
0.9749536,1.1415944
1.1525556,1.1400236
0.014425439,1.146149
0.6817958,1.1378413
0.0047351797,1.132625
2.9946892,1.139643
1.1454229,1.1425601
0.6693404,1.1383277
0.0,1.1348912
0.7254345,1.1526272
0.0031503832,1.1317382
0.0026354166,1.1157404
2.174151,1.1442267
2.9921901,1.147479
1.0214578,1.1392483
0.61808586,1.146393
0.0020006082,1.1177169
0.004134878,1.1291789
0.0,1.1228627
1.00264,1.1540761
0.0,1.1359485
0.7772722,1.132395
0.5187197,1.1338885
1.6973933,1.142197
0.98052347,1.1471812
0.62029386,1.1445748
2.11192,1.1447607
2.0830333,1.1435939
0.014425439,1.1356434
0.0031870154,1.1462475
3.5429301,1.1358061
1.1000879,1.1416361
0.8983843,1.1386015
2.067456,1.138866
2.7206378,1.1375266
1.3115395,1.1435105
0.5481667,1.146185
0.61095667,1.1447945
1.774329,1.1347458
0.8539392,1.1380297
1.4789646,1.136731
0.050816886,1.1316007
0.005270833,1.149006
0.83576113,1.1430904
0.56495833,1.1449531
0.6667417,1.1429504
0.00291578,1.1489388
1.1896561,1.1286978
0.7065838,1.1313909
0.58194906,1.1301447
0.024707722,1.1332072
1.3257985,1.1358871
0.5930344,1.1387907
0.755893,1.1375966
1.9974424,1.1368862
1.0174605,1.1401069
1.3943508,1.137745
0.0048596337,1.1479298
1.899801,1.1363367
0.552416,1.1415604
1.0361873,1.1393933
1.4807619,1.1380149
0.023032213,1.1481727
0.8422269,1.1358596
0.50904226,1.1386776
0.55656475,1.1376735
2.1161783,1.1469263
0.52489096,1.1489625
0.8437833,1.149754
0.99018544,1.1480967
2.809354,1.1392003
1.7387161,1.144126
1.27075,1.1409582
2.354356,1.1416306
4.056433,1.1399925
0.014425439,1.1417438
2.310131,1.1445292
1.6361945,1.1498462
1.2419401,1.1468989
2.1510816,1.1471745
2.0123487,1.1457725
1.4739166,1.165464
4.54135,1.1593552
2.5464833,1.1556481
1.0425915,1.1605345
2.0037713,1.1622452
0.7511489,1.1579124
1.5411571,1.1579744
1.4269736,1.1555736
3.993242,1.1543674
3.3817046,1.1538061
1.9396666,1.1652699
2.5804853,1.1579238
1.5941582,1.1525687
0.66948223,1.1573638
0.8793507,1.1605425
0.82225,1.155306
1.2570028,1.1548468
0.6602917,1.153855
2.59831,1.152783
2.1076064,1.1521693
2.4753826,1.1591831
0.005481667,1.1596328
1.0062774,1.162613
2.2678185,1.1601366
0.68322223,1.1630601
0.004216667,1.1343012
0.9728028,1.164697
1.6445,1.1684136
1.2719299,1.1619023
1.0415167,1.1567565
2.5773177,1.1656897
1.1566156,1.1571771
1.1619991,1.1615225
0.9065833,1.1647781
0.0,1.1447383
0.006159176,1.1534511
0.572,1.1674877
1.0043054,1.1561517
0.7582972,1.1516715
1.1101362,1.1503038
0.73496234,1.1502362
0.5841324,1.160072
4.4226756,1.1588691
4.3661475,1.1548376
1.8458408,1.1590499
1.5917584,1.162345
0.649679,1.1570786
1.7659874,1.1566358
2.102462,1.1561635
4.503279,1.1550505
4.319824,1.1540626
3.559759,1.1537156
1.498415,1.1572026
0.0021581366,1.1522993
0.945469,1.1599118
0.7786458,1.1557095
0.8672835,1.1545975
1.3628032,1.1666632
4.147721,1.1571041
3.9783611,1.1526009
1.2901971,1.1582985
2.1926668,1.1596113
1.2342591,1.1555129
2.3421667,1.1554364
2.8550348,1.1524495
3.740375,1.1512107
3.6718466,1.1509117
0.8614048,1.1571165
0.7879896,1.16051
2.7932317,1.1608193
3.1779113,1.1603693
1.7612692,1.1561214
0.71566206,1.1606297
1.3380355,1.1637653
0.6366208,1.1582433
1.2698038,1.157853
1.0180238,1.1560678
0.54111105,1.1555818
3.095861,1.15532
2.9787853,1.1549267
1.40875,1.1596955
1.3159405,1.1644353
2.8141909,1.1574696
1.2224602,1.1527499
0.9576794,1.1600744
0.51059073,1.1558137
1.0000337,1.1556882
2.9761233,1.1519135
2.0010197,1.1510701
0.5818464,1.162606
0.6304836,1.1620492
1.5473566,1.1608869
0.8278819,1.1565446
0.012478591,1.1570054
0.5102549,1.1578276
1.4409745,1.1562274
1.2632395,1.1555531
0.020963881,1.1640856
0.0,1.1535733
0.6636894,1.1632956
1.979971,1.1608027
1.3325115,1.1567186
0.6465019,1.1639129
0.72004944,1.1571008
1.7474748,1.1563238
1.2990487,1.1556177
0.9645625,1.1612364
3.261539,1.1536541
1.4368612,1.1489469
0.6016986,1.1545925
1.2395785,1.1561257
0.5537088,1.1519376
1.0981016,1.1516073
0.56742656,1.1491015
0.0069789737,1.1543286
3.148759,1.1478351
2.7168102,1.1473788
0.001539794,1.1412694
1.6269772,1.1511738
0.34118256,1.1470853
1.0795528,1.1652372
1.764604,1.1560297
1.1019269,1.1514996
0.6058684,1.1582444
0.6473032,1.1545027
1.8530416,1.1501883
1.3302369,1.1497284
0.29460293,1.162253
2.1690238,1.1663591
3.6290474,1.1577301
2.0450833,1.1534597
0.7120366,1.1584903
1.2280104,1.1605438
0.75967026,1.1562222
1.6154795,1.1550921
0.6407624,1.1537706
3.1980379,1.1524361
2.956833,1.1519352
0.94655544,1.1642753
1.7448006,1.1657895
3.5166464,1.1570963
2.0517464,1.152469
0.62312007,1.158114
1.473601,1.1593727
0.010246106,1.1546763
0.55126363,1.1556255
1.4019483,1.1552116
0.8134934,1.1521844
3.3580234,1.1508733
2.9394495,1.1507729
0.66876334,1.1655437
2.053639,1.157868
1.048115,1.1533074
0.5056731,1.1564049
0.5776833,1.1530718
2.1351976,1.152119
1.7126423,1.1513573
0.0044566398,1.1526378
0.5162183,1.1666249
2.3511338,1.166463
2.9470246,1.1642362
2.0491934,1.1601697
0.62633115,1.1645558
1.4174024,1.1672138
0.7171013,1.1622516
1.2524568,1.1619481
0.998345,1.1598684
3.1086676,1.159089
2.8606992,1.158786
1.0212142,1.165112
0.5481667,1.1564114
2.6838458,1.1592879
4.952273,1.1560911
3.4402184,1.1517636
4.755346,1.156064
2.6951528,1.1594979
1.0298889,1.1540548
2.2724,1.1538681
3.3575208,1.1526294
4.7217083,1.1522273
0.50171185,1.1514838
5.3802934,1.1514331
3.6498764,1.150788
1.866377,1.1546165
1.0365334,1.1577021
0.53960156,1.1512047
0.7773183,1.1657935
0.5121031,1.164431
0.82225,1.1662315
5.4406147,1.1611212
4.3652782,1.1568619
2.8201733,1.1614898
1.9555628,1.1637956
0.5160931,1.1570998
0.9980208,1.1595632
2.535,1.1590879
2.6325536,1.1583025
5.4948754,1.1569029
0.8153287,1.1564294
0.39363033,1.1566037
5.29818,1.1558906
4.4573274,1.1550943
2.316273,1.1599449
0.0020006082,1.1480343
0.008018396,1.1437784
0.0,1.1411436
0.0,1.1385201
0.00042559524,1.1325773
0.0016122549,1.1507814
0.54417515,1.1514326
0.52823335,1.1444176
1.3180916,1.1478323
0.0016217949,1.1396002
0.0012235863,1.1457685
0.0016009541,1.1637232
0.005107143,1.1619042
0.0006801075,1.1299808
0.007830952,1.1567293
0.004121554,1.1453166
0.008324961,1.1608135
0.5152767,1.14754
0.7491611,1.1527528
0.8580354,1.1456548
1.1628226,1.1477267
1.6138363,1.1435746
1.1284467,1.1430626
0.80961496,1.1422144
0.59974974,1.1459452
1.0784894,1.1447716
0.00843781,1.1426288
1.0467851,1.1416999
0.77566665,1.1413149
0.8360632,1.1474205
0.0038244186,1.1515685
2.263398,1.1479588
0.7077077,1.1511637
0.7023385,1.1599213
0.0167124,1.1535219
0.0033022088,1.1534077
1.5646904,1.1561537
0.0,1.1487572
0.0,1.1263853
0.0,1.1332175
0.0083562,1.1291705
0.008701058,1.1454942
0.0031145834,1.1371213
2.3792858,1.1464545
1.4554914,1.1518244
1.2879313,1.1492159
1.861347,1.148172
2.0880392,1.1468416
1.7838799,1.1454724
0.9586967,1.1452981
0.82225,1.150185
0.0075609195,1.1373166
0.9579303,1.1448525
1.817451,1.1410804
1.0160205,1.1476303
0.953855,1.1447209
1.7859154,1.143665
0.83160895,1.1405321
1.9321369,1.1387668
1.6367601,1.1385006
0.5763259,1.1464463
0.13404949,1.149388
0.6924592,1.1531855
0.73076105,1.1518332
1.1647152,1.1476556
0.59250367,1.1533046
1.0504515,1.1496352
0.51730615,1.1472639
1.7449034,1.1462313
1.2059325,1.1461207
0.6081731,1.1414677
1.0003221,1.1445376
1.0588809,1.139366
0.78955704,1.1388007
0.0,1.1366459
0.005339286,1.1548184
0.5997204,1.1487583
0.51101565,1.1472806
0.016170109,1.1516684
0.72591007,1.1367922
0.8706991,1.1392387
1.2342707,1.1350402
1.0174817,1.134432
0.5021667,1.1419669
0.5405107,1.1449915
0.63379014,1.1396868
0.0018902299,1.1454866
1.0254261,1.1421064
0.5193098,1.1458608
1.2826306,1.143937
1.5428308,1.1399418
1.1207635,1.1397275
0.78756374,1.141328
1.0801579,1.144195
1.4744363,1.1390082
1.0237434,1.1388434
0.76797277,1.139874
0.7639926,1.1582743
0.5880165,1.1552343
1.0878717,1.1515222
0.5620695,1.1569017
0.19472587,1.1540722
1.0427642,1.1534714
1.6269841,1.1496322
1.2544329,1.149608
0.05083587,1.1593267
0.0023833334,1.1381971
0.6565819,1.1522254
2.6237037,1.1420137
0.016445,1.1426806
2.1983767,1.1473991
2.035512,1.1448845
2.742856,1.1432377
1.3755493,1.1425979
2.0213647,1.141263
0.8093215,1.1408107
0.7912415,1.151348
3.3692565,1.1472547
2.4098074,1.1530838
0.6376343,1.1502944
1.917184,1.1504122
2.639078,1.1489421
2.9538586,1.147286
2.658986,1.1457556
1.6814975,1.1451225
1.1930686,1.1514099
2.1073534,1.1601287
2.6217124,1.1567451
2.2344317,1.1617063
0.6511842,1.163124
0.91151565,1.1589283
1.3873146,1.1591597
2.3075602,1.1589516
0.8838912,1.1565233
1.4331723,1.1555939
1.4988933,1.154725
0.18029056,1.1640308
1.6382858,1.1589032
1.7734804,1.1535403
1.6672219,1.1583493
0.60814613,1.1556807
1.0373163,1.1566566
1.6546263,1.1557838
0.59230477,1.1549886
0.026764946,1.1600099
1.0607886,1.1541373
1.1321356,1.1533319
0.02895975,1.151498
3.9312348,1.1612757
2.4544775,1.1576661
2.5763834,1.1647378
0.6626247,1.1598859
1.0613002,1.1607162
1.3841208,1.1564485
4.130152,1.1617502
1.7916929,1.1569933
2.3639688,1.1649013
0.002875,1.1373395
0.0042825523,1.136556
1.2562153,1.1667099
0.008243108,1.1622424
1.8252275,1.1705548
0.007720657,1.1644204
0.6497387,1.1640345
2.2351968,1.1678995
0.0158125,1.1605443
0.5818424,1.1595404
0.75290364,1.1635889
0.54582405,1.166711
0.0024042397,1.1477228
0.0071190475,1.1507952
0.0,1.1458269
1.3771485,1.1474489
1.0250716,1.1712183
0.056222223,1.1684896
0.61296356,1.157806
0.7300229,1.153564
0.7476993,1.1596035
0.86658704,1.1566608
0.0,1.1594197
0.0,1.1509627
1.4715453,1.1599828
3.1709714,1.1558717
0.5804118,1.1562272
2.8981287,1.1600623
0.59737957,1.1634641
1.8026342,1.157683
2.5570226,1.1579076
3.5089371,1.1571053
2.8640027,1.1563514
0.632361,1.1556462
0.8172539,1.155643
1.182702,1.1550967
0.52445704,1.1586405
1.2370788,1.1537594
0.7647414,1.1573826
0.5894122,1.1627468
0.6208306,1.159329
0.08189741,1.1576098
1.4534723,1.1540926
0.65487087,1.1559678
2.4293585,1.1570747
3.108682,1.152619
2.8418725,1.1583859
0.97804475,1.1595708
1.3585935,1.1554734
2.2633154,1.1558743
3.7386198,1.1553668
1.8311327,1.1525637
1.5399675,1.1516807
1.6224028,1.151017
0.525179,1.1573547
2.0902097,1.1600531
1.8273365,1.1559601
1.1382927,1.1604081
0.5190347,1.1635503
0.51472414,1.1574847
0.6562533,1.1582106
0.9384778,1.1574388
0.6265246,1.156
1.2367918,1.155608
1.3725045,1.1549274
2.0137477,1.1580137
1.9677876,1.153511
1.5092438,1.1591974
0.51457804,1.1604285
0.69442123,1.1569161
1.7533951,1.1565179
0.2028283,1.1537684
1.1623012,1.1526816
1.207906,1.1516842
0.71826994,1.1619745
0.77262837,1.1578802
0.51261526,1.1620662
0.5657033,1.1589329
0.9716488,1.1615021
1.0394757,1.1574928
0.9521801,1.1615633
1.1417791,1.1576816
0.5627396,1.1565168
2.8314722,1.1539038
2.986257,1.1493875
1.844929,1.1552101
0.78565365,1.1564043
0.81982243,1.1526695
1.5768577,1.1520394
0.5248254,1.1493548
1.7221061,1.148512
1.7184691,1.1478013
0.50964004,1.1509278
1.4743793,1.1468815
1.2701529,1.1569204
1.2392763,1.152584
1.2181481,1.158433
0.56399214,1.1559354
1.4425439,1.1555258
0.76578647,1.1513995
0.786127,1.1506704
2.5278585,1.1579232
2.6047544,1.1537993
1.8736677,1.1588123
0.7584667,1.1604513
0.5221347,1.1561481
1.0001186,1.1569008
2.01825,1.155496
1.6390928,1.1529461
1.7170483,1.1521804
1.9995311,1.1575928
2.7584195,1.15312
2.0212414,1.1588907
0.5449657,1.1598235
0.6670343,1.15599
1.1885617,1.1565459
2.2111886,1.1557864
0.8103797,1.1527978
1.2581962,1.1517551
1.4355898,1.1514235
0.0026870915,1.1495477
0.6695042,1.1583012
1.0329567,1.1538997
1.163302,1.1595069
0.65939754,1.1570593
0.8565634,1.1567763
0.6157396,1.1519029
1.9129678,1.1652657
2.0485036,1.1614294
1.562837,1.1657583
0.52448046,1.1682943
0.5978597,1.1631323
0.8083004,1.1637013
1.13308,1.162902
0.63599735,1.1611509
1.1621364,1.1606898
1.35746,1.1601979
2.3459318,1.1565703
3.9508731,1.1522696
5.7720323,1.1563796
0.9638381,1.1598142
2.9633648,1.1540507
3.916937,1.1545095
5.229246,1.1530234
3.226153,1.1528021
0.9305391,1.1524702
1.6418988,1.1523812
1.6618975,1.1514815
1.0772667,1.1553272
0.5086516,1.1593839
0.0048367647,1.1607707
2.4352183,1.16269
4.4857497,1.1583132
3.3642476,1.1629125
1.126352,1.1654489
0.50012434,1.1589612
3.0413234,1.160482
0.014630783,1.1603148
3.708004,1.1607558
3.7742147,1.1596555
3.671613,1.1588006
1.1750466,1.1585742
1.3860629,1.1580583
1.802314,1.156966
0.6757451,1.1616886
1.3445694,1.1416488
0.003493219,1.14173
0.83820665,1.1445082
1.9320117,1.1432606
0.73376644,1.1401086
0.56838596,1.1453155
1.0296464,1.1439923
1.7181343,1.1423746
2.3834207,1.1429726
0.6291606,1.1462709
0.0038244186,1.1193374
0.7804371,1.1515188
0.0045079496,1.1295902
0.0023336513,1.1249865
0.002750657,1.1401149
0.2457574,1.1391315
0.77008075,1.1382161
0.00225583,1.1453133
1.5270357,1.1422023
1.5567317,1.1471556
0.8457824,1.1444637
2.1563368,1.1451374
4.169982,1.1437694
0.5167145,1.142228
2.2692835,1.1367966
1.4423635,1.1430707
0.66891664,1.1399697
1.8559953,1.1406738
2.889402,1.1391455
0.6951389,1.1426975
0.003011905,1.1316553
1.1862246,1.1441718
0.5471993,1.1492778
0.7330672,1.147308
1.28271,1.1458311
0.1142704,1.1513342
0.004170833,1.1305524
0.059050474,1.15311
1.2628518,1.1346968
0.76783013,1.138442
1.6615211,1.1369902
0.6074103,1.1479387
0.6482713,1.1441784
0.60600233,1.1465541
1.1623574,1.1443775
0.88100976,1.1322843
0.66761553,1.135835
1.4507514,1.134379
0.0013663177,1.1301652
0.808099,1.1379045
0.589365,1.141718
1.2759283,1.1403804
0.0059215534,1.136758
1.5250487,1.136612
0.64752185,1.142119
0.51641464,1.1394793
1.158236,1.1403905
1.9068159,1.1378292
1.2590775,1.1390775
0.57885283,1.1448095
0.852774,1.1431018
1.742789,1.1415124
0.0032203002,1.1503159
0.75016695,1.1398818
0.8857194,1.1425987
1.4882494,1.1482673
0.7566227,1.1532793
0.5072843,1.1507143
0.87601876,1.1516507
1.600586,1.1499443
1.8284243,1.138743
3.2372286,1.1437255
1.1761634,1.1407512
3.4216835,1.1415969
4.574229,1.1397742
0.52939385,1.1386193
0.003383745,1.1404811
2.1219356,1.1427313
2.2127829,1.1482545
1.3883474,1.1453681
2.6651275,1.1459972
4.1960855,1.1443063
1.1750594,1.1434107
0.89077085,1.1427864
0.5828839,1.1622175
1.0747468,1.1654409
2.2190173,1.1610765
2.1329706,1.1577231
0.89537394,1.1626233
0.9035614,1.1601938
0.85879445,1.1592032
1.8562917,1.1594948
0.6396819,1.1565037
1.4455056,1.1556655
1.3403802,1.1651192
1.5277733,1.1596543
1.1378611,1.1545966
0.7513948,1.159368
0.64069164,1.1568296
0.93995845,1.1566144
1.658616,1.1565659
0.63593495,1.1548268
1.0853875,1.1539971
0.5639112,1.1615472
3.0900042,1.1582199
2.0334282,1.1547325
1.1583786,1.1615237
0.006909664,1.1587406
4.163581,1.1578726
1.363009,1.1533184
2.0969172,1.1609578
0.81389844,1.1528208
0.95526665,1.1634253
1.7342975,1.1672231
2.734903,1.1601284
1.1152357,1.155255
3.1898634,1.1639847
2.272661,1.1553673
2.473713,1.1602808
0.748291,1.1555238
1.8139989,1.1634226
0.5316113,1.1559507
0.98889613,1.1452667
0.01969353,1.1633168
0.012080808,1.150152
0.7876131,1.1671844
0.5041397,1.1555759
0.5739965,1.1514871
0.59055066,1.1542
2.473699,1.1622247
3.3588483,1.1582206
1.7492107,1.1625104
0.67582005,1.1655716
1.5428239,1.1601365
1.8746964,1.1593856
2.8657038,1.1593839
2.3088098,1.1586311
0.6206041,1.1575747
1.2684351,1.1578342
1.7370049,1.157314
1.341912,1.1606426
0.0041332077,1.1603669
0.6620167,1.1575233
0.5371112,1.1592449
0.6772324,1.1620692
0.9695082,1.1659731
3.310822,1.1567276
2.673283,1.1525184
1.0395205,1.1583664
0.78185225,1.158959
1.2074285,1.1556373
1.5675559,1.1548859
2.8155835,1.1549762
0.96878964,1.1520404
1.3923131,1.1511031
2.0468347,1.1506184
0.51586026,1.1571015
0.0024471725,1.1498905
1.299732,1.1584927
2.0829203,1.1597176
1.8865716,1.1612436
1.7576265,1.1574665
0.7386263,1.1619351
0.673214,1.1592804
0.6772704,1.1587273
1.4534117,1.1587869
0.84545636,1.1566608
1.2101002,1.1560386
1.2607397,1.1579821
0.7142014,1.1615158
0.85427445,1.1636332
1.8068745,1.1567613
1.7098075,1.1525378
0.584302,1.1582731
0.5487198,1.1554755
0.65122277,1.1550546
1.5661448,1.1552035
1.278807,1.150405
0.5935535,1.1612889
0.83302414,1.1635793
0.69271314,1.1596725
0.67309654,1.1605225
0.0021288027,1.1560265
0.991031,1.1625816
0.9406895,1.1587318
0.5087396,1.1594839
1.0989159,1.1588763
0.624762,1.1574446
0.7271851,1.1583319
0.75163466,1.1617268
2.5532234,1.1538397
2.156736,1.1493107
0.9051713,1.1552378
0.9993248,1.1523949
0.7810306,1.1518204
1.6241975,1.1517826
0.9017847,1.1482658
1.6899775,1.1477203
0.5814086,1.1589121
0.66467595,1.1462101
0.69881296,1.1651839
1.0254327,1.1558291
0.99685127,1.1517519
0.5229011,1.1541597
1.3396784,1.1543685
0.7365772,1.1495985
1.0876323,1.1627485
0.0018740741,1.1509337
1.3538713,1.1652807
2.393639,1.1575207
2.0282166,1.1535939
0.96671873,1.1585236
0.8265359,1.1560429
1.0045437,1.1557275
1.9528438,1.1549283
0.6812909,1.1524414
1.6255456,1.1517643
1.0148491,1.1625836
0.5796686,1.1620148
1.5132418,1.1658684
2.1257274,1.1568714
2.1540656,1.1524506
0.9232196,1.1582397
0.90866756,1.1555649
0.8421457,1.1550725
1.8558745,1.1548527
0.6013456,1.1509386
1.3434739,1.1506988
0.5646777,1.1601485
0.54138523,1.1645799
0.81682366,1.1563753
1.0054098,1.152147
0.50276846,1.1578447
0.8190562,1.1548
0.7256829,1.1500205
0.9600446,1.1647125
1.906697,1.1654356
1.8253759,1.1650995
1.8377435,1.1615468
0.68740016,1.16597
0.73702776,1.1635896
0.77927244,1.1629494
1.5899323,1.1628256
0.8102324,1.16039
1.2071002,1.1598533
0.0017703562,1.1654005
1.0090721,1.1636876
1.0015998,1.1578912
0.0027408334,1.1521567
2.0377314,1.1606028
2.7470677,1.1598352
3.5038981,1.1557063
2.8263273,1.1599307
0.64924705,1.1628469
2.3884404,1.1575828
2.9061117,1.156979
4.0708,1.1563426
1.7778041,1.1559839
0.5189467,1.155214
1.396032,1.1555376
2.0801961,1.1545508
1.4913614,1.1584576
1.3581239,1.1587325
0.7592993,1.1672897
0.72764707,1.1646801
0.6498283,1.1666288
3.484234,1.1635535
4.3356433,1.1594182
0.5090119,1.1593505
2.7698267,1.164185
1.1793152,1.1660972
2.4042118,1.1618701
2.6161914,1.1610807
3.7187595,1.1606497
3.3173308,1.1594528
1.1621004,1.1588023
1.9707068,1.1587105
2.6856017,1.1576675
2.1078062,1.1624681
0.33026662,1.1651075
0.5555743,1.1625322
0.7972942,1.1665257
0.96788234,1.1594127
1.4423982,1.1560585
0.5184212,1.1605718
0.6925172,1.1582698
0.58512175,1.1575296
0.96968794,1.1567792
0.5935862,1.1549869
0.71199554,1.1539432
0.86647266,1.1648756
0.8543351,1.1575428
0.6646125,1.1526412
0.53563714,1.1568584
0.6115433,1.1544707
0.6724346,1.1547567
0.89406866,1.1534997
0.020257272,1.1531549
0.5659097,1.1528333
0.6900518,1.1519454
0.01612255,1.1493621
2.4207323,1.1592361
1.6125861,1.1556444
0.8056389,1.1622442
0.5558428,1.1544381
3.294147,1.1587766
1.4791799,1.1541274
1.6214463,1.1614685
0.9489619,1.153876
0.0021329443,1.1348711
0.59064287,1.1651009
0.086035125,1.1600648
1.2553368,1.1684282
0.0018151214,1.1634499
0.0,1.1398524
1.2527916,1.1616939
0.5719206,1.1569074
2.2909436,1.1651174
1.0712681,1.1569531
0.0055935374,1.1648642
1.5393903,1.1602484
0.9935521,1.1630102
0.0025856919,1.16177
0.72465354,1.1433588
0.004350529,1.1407017
0.010718343,1.1459354
0.7617186,1.1456691
0.0060523134,1.1409706
0.002641767,1.1719092
0.508756,1.1680236
0.0028256015,1.1622348
0.0017660009,1.1558203
0.8847439,1.1584809
2.4846506,1.1543072
1.331509,1.1583459
1.5373354,1.1561482
1.8277017,1.1557055
2.2491786,1.1545793
2.1098936,1.1552297
0.6814729,1.1543468
0.6912666,1.1537839
0.7478919,1.1566387
0.47216037,1.1611825
0.69682205,1.1658765
1.7552997,1.1551436
1.9472531,1.1512393
1.3879113,1.1566157
1.2648273,1.1538554
1.5746024,1.1533937
2.2042313,1.1523585
0.8796866,1.1507004
1.0490776,1.1497647
1.0691878,1.1490769
0.8118087,1.1580036
1.1758646,1.1594615
1.2184613,1.1594073
1.3669385,1.1554476
0.55127245,1.1597832
0.6974327,1.157297
0.613196,1.1570745
0.92887145,1.1557623
0.76714,1.1548225
0.7957044,1.1542366
0.59934044,1.1579157
0.5661799,1.1628863
1.1011418,1.1568402
1.0595554,1.1526932
0.024916667,1.1532167
0.59473425,1.1553409
0.54831904,1.1551442
1.0264608,1.1542627
0.52803904,1.1514376
0.7983221,1.1505512
0.02957454,1.1644741
0.21556555,1.1588676
0.50747645,1.159408
0.68983424,1.1555861
0.8228071,1.1548456
0.014066486,1.156932
0.57189685,1.1587559
0.52704054,1.1630999
1.5567205,1.1529111
1.5053741,1.1485627
0.7689399,1.1540443
1.209248,1.1512618
0.71593237,1.1508278
1.2034192,1.1497096
0.9255751,1.1475797
1.0538595,1.146767
0.0027825718,1.1454757
0.6204624,1.155267
0.64986277,1.1513817
0.7282131,1.1528002
0.9566417,1.1628811
0.74967396,1.1657238
1.6613004,1.1561685
1.4900694,1.1524302
0.7963115,1.1569506
0.87402993,1.1545736
0.8223868,1.1546308
1.32925,1.1526324
0.87213933,1.1511272
1.1252799,1.1504049
0.5214337,1.1625549
1.1000458,1.1669753
1.2611545,1.1563976
1.5910441,1.1521633
0.7745972,1.1574416
0.85861355,1.1548302
0.8071078,1.1546509
1.3203492,1.1534172
0.7250008,1.1506366
0.85138273,1.1502191
0.6852083,1.1530303
0.6277083,1.1546389
0.0023129396,1.152256
0.7936608,1.1645049
0.0011712963,1.1598624
1.2722241,1.1651773
1.0715803,1.1639968
1.3085269,1.1603738
0.5415711,1.1645223
0.7601713,1.1623342
0.75514406,1.1620144
1.1473744,1.1607682
0.731408,1.159329
0.8333969,1.1587507
0.6227241,1.1538357
1.4056579,1.1576791
1.0620977,1.1546501
2.84714,1.1503974
2.4429166,1.1543324
0.5890616,1.1517652
2.0381246,1.1520203
2.6019568,1.1519144
2.923145,1.1501096
1.562573,1.1512271
0.9324989,1.1506194
0.67892563,1.1496823
0.989374,1.1532342
0.53324765,1.1558771
1.3819195,1.1599635
3.1523411,1.1556674
2.0248291,1.160127
0.6906104,1.1564014
2.3474307,1.1578496
2.463979,1.1573924
2.5698423,1.1558789
2.5667782,1.1562963
0.85292125,1.1561114
1.0204495,1.1553887
1.0739248,1.1542221
1.1089022,1.158606
0.0013960102,1.1528245
0.5402386,1.1346685
0.755893,1.1356586
0.012371818,1.1346236
0.7433472,1.1360874
0.0057100696,1.1283139
1.1152357,1.1385006
0.28102216,1.1417707
0.0,1.1169741
0.0,1.1223937
0.006159176,1.1457211
0.0029791666,1.1259471
0.0,1.1241195
0.0,1.1143903
0.0042825523,1.1388912
0.0,1.1174275
0.00676749,1.1253246
0.0027003284,1.1162256
0.0029954463,1.1172285
0.0021496732,1.1147572
0.0037545662,1.1173646
1.2726641,1.1416479
1.7300047,1.1400317
0.0,1.1262965
0.8866,1.132727
0.9854542,1.1363734
1.8610028,1.1343898
0.6420656,1.1383127
0.5023302,1.1399945
0.04770182,1.1390458
0.0024042397,1.1409918
0.0068276986,1.1410729
0.0139579475,1.1377027
0.0,1.12626
0.6136194,1.1340543
0.72946453,1.1326396
0.0005906968,1.1404877
0.51217157,1.1431099
0.13488692,1.1482406
0.5677116,1.1444474
0.04287337,1.1388747
0.9592917,1.1396048
2.15037,1.1373588
3.0613716,1.1353326
0.8385092,1.1403011
1.1124558,1.1460062
1.954973,1.1435871
2.7163615,1.141566
0.6054378,1.1405901
0.002806314,1.1415049
0.0060907407,1.1267084
0.004894345,1.1365544
0.0,1.1402862
0.01957738,1.1145896
0.0,1.1128992
0.018272223,1.1304716
0.0,1.1149043
0.0,1.1092128
0.001978941,1.1106039
0.0023032213,1.1398802
0.0057701753,1.1212616
0.005143655,1.1213806
0.0020816457,1.1208637
0.01957738,1.132501
0.013177084,1.1335311
0.003943645,1.127031
0.0021752645,1.1220299
0.0009912598,1.1459683
0.004953313,1.1317347
0.0023922485,1.1286057
0.0026870915,1.1382843
0.0048084795,1.1188577
0.01070638,1.1279283
0.0043923613,1.1258761
0.004389235,1.1333201
0.0026354166,1.1202542
0.00079675385,1.1208283
1.381191,1.141781
0.19791509,1.1442496
0.533997,1.1443506
1.7440139,1.1434239
0.93481994,1.1412601
0.65132034,1.1449069
1.413531,1.1435491
0.013741305,1.1471213
0.66989285,1.1421238
2.6430383,1.1439892
1.1576512,1.1470501
0.0042275065,1.1311897
0.19359155,1.153217
0.9056932,1.1567429
1.6005433,1.1519756
0.671389,1.143166
0.0027034017,1.1540557
0.5037207,1.1555568
0.60737145,1.1399165
0.013441886,1.1365658
1.7117751,1.1450367
1.2268817,1.1500326
0.6195363,1.1473812
1.5009773,1.1478082
2.580506,1.1467007
0.5792971,1.1453828
0.0023425927,1.1503577
0.003566247,1.1375375
0.59027225,1.1420782
2.0590856,1.1382495
0.9299256,1.1442087
0.06729286,1.1447542
1.2354833,1.1417723
2.852524,1.1405988
0.51644784,1.1436186
1.1482923,1.1455775
1.0102686,1.1473197
0.0010561978,1.1436657
1.1521567,1.138434
1.6947323,1.1409818
0.019644199,1.1550776
0.50675493,1.1490763
0.64198595,1.1463792
1.0030284,1.1466682
0.001360215,1.1422819
0.9089196,1.1334649
1.176497,1.135643
0.8328426,1.1377785
1.2527614,1.1402142
0.0048040436,1.1365954
1.3017989,1.1387587
0.5991446,1.1423514
1.7249197,1.1400329
0.57446086,1.1565993
1.266989,1.1393474
0.45394516,1.1448557
0.2091851,1.1421796
0.56229955,1.1429656
1.5858176,1.141807
0.6337139,1.1391097
0.65759,1.1418277
0.52543944,1.153578
1.4660113,1.1491121
0.5628746,1.1522561
1.3732668,1.1508734
2.556023,1.1426715
2.162213,1.1474634
0.9900808,1.1444875
2.61327,1.1453631
3.5430982,1.1436577
0.52223986,1.1417766
2.979107,1.146509
1.961193,1.1519446
0.6015981,1.1464962
1.1416267,1.1491393
2.268609,1.1496049
3.289,1.1480793
1.0385098,1.1464249
0.94920635,1.1458575
0.20291252,1.1507682
1.186362,1.1429375
0.7764511,1.1457077
1.7373385,1.1441588
0.6610245,1.1404117
0.91551673,1.1441914
1.6460752,1.1422919
1.6070694,1.1461049
0.0025683846,1.1259209
0.0057100696,1.12415
0.0016903818,1.131647
0.005958333,1.1321496
0.0022993567,1.1489009
0.0028329026,1.1260765
0.003761928,1.1251112
0.0,1.1254581
0.0022326761,1.1279179
0.71997595,1.1413311
1.6742498,1.1426488
1.5503998,1.1473755
1.067605,1.1450356
2.0682242,1.1455739
3.2940652,1.14385
0.59967226,1.1434172
0.5142325,1.14296
0.0009418671,1.139892
2.3247132,1.1376439
1.0948274,1.1435827
0.79676247,1.1409535
1.8046819,1.1415297
3.0007465,1.1397067
0.6967964,1.1428465
1.2506856,1.1441948
0.72481513,1.1472661
1.3076719,1.1454672
1.1406438,1.1387013
0.6785484,1.1425501
1.6033183,1.1408256
0.027563546,1.1366901
0.0056693414,1.1439683
0.66396713,1.1469191
0.66560465,1.1441985
0.57937235,1.1466138
1.2008929,1.1441025
0.79894185,1.1354845
0.6295473,1.1391528
1.3118011,1.1372215
0.0044704257,1.1355361
0.8512861,1.1390109
0.5315424,1.1428493
1.3113958,1.1412379
1.3739097,1.1373409
0.52012444,1.1399167
1.0303912,1.1410061
1.8688912,1.1382664
0.0023997058,1.157494
1.2674787,1.1396662
0.7525822,1.1435021
1.7042124,1.1416551
0.6051701,1.1405244
0.0026541317,1.1403859
0.8156021,1.1429058
1.4116471,1.1479121
0.5755362,1.1524967
0.5456961,1.1502565
0.8220116,1.1511555
1.671931,1.1491902
1.829404,1.1388017
0.0021137532,1.1395668
3.2602289,1.1434804
1.457044,1.1409291
3.122508,1.141739
3.982795,1.1395043
0.58067423,1.1390754
2.338607,1.1433957
1.9406291,1.1486489
0.53665775,1.1437472
1.3682628,1.1463002
2.4325573,1.1467488
3.4790802,1.144622
0.9389495,1.1438519
0.9506591,1.1435097
0.16533177,1.1474587
0.12236215,1.139027
0.7352215,1.1357328
0.5348083,1.1386815
1.4508072,1.1370208
0.5325234,1.14055
1.0530571,1.1385053
0.00874734,1.1340195
2.2322402,1.1376303
0.5767798,1.1407367
0.00583156,1.1167536
0.0,1.1140217
0.0066044177,1.1369501
0.0034915074,1.1239755
0.0013501642,1.125302
1.364032,1.141646
1.6599475,1.1465214
1.5215743,1.1420852
0.64945835,1.1439353
1.8593813,1.1447455
2.930008,1.1430372
1.133621,1.1416367
0.0016353421,1.1314622
1.6247084,1.133353
0.024166487,1.1322443
1.3438925,1.1393058
0.942763,1.1322521
1.545923,1.1373678
2.867071,1.1353667
0.53018713,1.1304059
1.8072889,1.1389202
0.0053048385,1.1407026
0.54278004,1.1416447
0.5206973,1.1432545
0.5256879,1.1338233
0.87494373,1.1361231
0.3386825,1.1305803
0.10797117,1.1446882
0.034459837,1.1436235
0.61612433,1.1415852
0.7501972,1.1307238
0.0024233717,1.1487702
0.7548119,1.1346341
0.008361298,1.1508127
0.75420666,1.1336977
1.0180808,1.1347969
0.6528451,1.1331806
1.3289808,1.1351302
0.005964817,1.15002
0.001145195,1.1448499
0.60814846,1.1441958
0.7944356,1.1458296
0.517923,1.1419028
1.3307346,1.1358888
3.6313531,1.1406975
1.7356344,1.1370509
0.79133207,1.1377128
2.8312068,1.1390047
4.3990374,1.1367795
0.7077357,1.1360935
0.53714454,1.1352824
1.8843229,1.1439648
2.0604904,1.142646
2.4047832,1.1481405
2.62405,1.1429347
1.1470308,1.1453718
2.6773949,1.1461713
3.6332357,1.1440309
1.8569915,1.1425153
1.0488544,1.1420428
0.6395278,1.1504046
1.6036791,1.1358418
0.5824271,1.1378947
0.88469934,1.1387006
1.7293353,1.1372037
0.51771295,1.136531
1.133879,1.1406013
1.196,1.1386071
0.5143292,1.1355156
1.2242389,1.1361072
0.08186905,1.1361964
2.46675,1.1410228
0.7194688,1.1442838
0.0,1.1181333
0.69766665,1.1549644
0.013704167,1.1509525
0.0,1.1455756
0.0,1.1474159
0.0,1.1464639
0.9710381,1.1507572
0.054816667,1.1412512
0.007830952,1.1509074
0.0,1.1205449
0.010963334,1.1227726
0.0,1.1241063
0.5090119,1.1325548
0.68048275,1.1348635
2.747359,1.1414212
1.7458417,1.1462415
0.81394446,1.14195
1.3877882,1.1435672
2.6602552,1.1444976
4.062581,1.1429042
1.7456181,1.1416692
0.02055625,1.146915
1.1087917,1.1377306
3.3061302,1.1343104
1.6546513,1.1401551
0.7519722,1.1330363
1.0714166,1.1373824
2.2847586,1.1382421
2.5658865,1.1362765
0.79261935,1.1332294
0.52947915,1.131568
1.0501025,1.130447
1.4693912,1.1395
1.4681097,1.1411183
0.6077999,1.1446075
0.68919986,1.142835
1.12097,1.1349819
0.64295053,1.1389323
1.5644307,1.1372362
0.5305735,1.1309212
0.004238402,1.1299304
0.6075043,1.1410091
0.51508766,1.1434679
1.0481429,1.1409862
0.65887135,1.1342123
1.341974,1.130463
0.6446654,1.1340594
1.0916481,1.132257
1.000703,1.1281117
1.0543643,1.1268165
0.63430715,1.1340157
0.5824271,1.1378342
1.7089902,1.13613
0.650022,1.1384529
1.4475026,1.135166
0.9894873,1.1388979
1.5754561,1.136171
0.7387978,1.1314192
1.7412353,1.1348684
0.61308116,1.140037
1.0569594,1.138784
1.9730246,1.1368729
0.0021752645,1.136716
0.72750515,1.1352929
0.51693213,1.1391082
0.5721157,1.1375862
0.16728535,1.1327099
1.4229493,1.1444634
0.84861475,1.147981
1.1441094,1.1461843
2.1505,1.1360577
4.522375,1.140735
0.9690804,1.1370748
1.8856933,1.1376362
3.356751,1.1389672
4.323042,1.1368481
0.86441666,1.13601
0.82225,1.1354653
0.8496583,1.143921
3.4260416,1.1422477
3.177885,1.1475965
2.3913772,1.1425188
2.6551824,1.1447164
3.9865174,1.1456894
5.242722,1.1436757
2.7475183,1.1421313
0.9193212,1.1419607
0.51147836,1.1391499
6.2011356,1.1626662
2.7050834,1.1600269
2.4827383,1.1663929
0.0024692193,1.1592855
0.0034694092,1.1612226
0.93756557,1.1620477
1.600054,1.1620427
0.78008336,1.1582276
5.7267466,1.165473
1.562684,1.1611885
2.2187698,1.1689819
0.011690758,1.1626664
2.719223,1.1692001
0.5917708,1.1654856
4.4909434,1.1739019
1.9614089,1.1648585
0.005958333,1.1554772
0.0033424797,1.146916
1.6956003,1.1661783
4.175363,1.1708573
2.5279222,1.1616815
1.9368556,1.166092
1.4906777,1.1699897
0.0024148312,1.1478504
1.6087755,1.1508821
0.0040306374,1.1482512
0.5173323,1.1790558
0.6996338,1.1701069
2.3705804,1.1740116
4.0812287,1.1635861
1.0771475,1.1588215
2.680268,1.1667665
0.8874673,1.1620013
1.303715,1.1611551
1.0777756,1.1588563
2.4165363,1.1658634
1.517365,1.1596612
1.2196709,1.168761
0.54263586,1.163511
0.008589506,1.1521668
0.0,1.1479112
2.0592892,1.1705228
0.030276647,1.1680019
3.9428375,1.1744275
0.034299392,1.1675376
0.025695313,1.1666427
1.7054943,1.1660117
0.020219263,1.1523796
0.016372235,1.1657573
1.2816035,1.1680716
3.2290225,1.1722411
1.9824322,1.1635306
1.6463838,1.1664685
1.5255963,1.1698712
0.0031145834,1.1496621
0.024729323,1.1574961
0.01028731,1.150165
0.024916667,1.1464113
1.213945,1.1517338
0.5777837,1.1783074
0.5063423,1.1707155
2.243957,1.1736687
2.0248785,1.166808
0.89762294,1.1635708
1.1378611,1.1698288
0.0016028265,1.1623474
0.7797864,1.1663853
1.6970639,1.1693112
0.7042901,1.1723188
0.0,1.1471716
0.5749792,1.1722263
1.8205668,1.1761612
0.0,1.1559023
1.3146298,1.1738516
0.010246106,1.151476
0.0021581366,1.155386
0.0,1.1633834
0.6245505,1.1770095
4.293554,1.1601233
2.1124055,1.1560842
3.276749,1.1640285
0.97857827,1.158351
0.9233132,1.1576803
1.1186186,1.1558458
4.0408697,1.1602036
1.5154096,1.1549276
3.5511668,1.1637794
0.043657005,1.1580824
1.276482,1.1672791
1.5266548,1.1660612
0.6648972,1.1629567
0.008061275,1.156937
0.0,1.1489477
0.0024581465,1.1500937
0.0030318953,1.1503309
0.009451149,1.1628467
0.024564702,1.1630152
3.3524377,1.1639365
0.49878228,1.1605365
1.361356,1.1666867
0.0474375,1.1626276
3.1980913,1.1675652
0.6395278,1.1627601
1.4308763,1.1703459
0.016511044,1.1634573
0.0055651437,1.1687309
0.031028302,1.1628257
1.7313215,1.1767949
0.0,1.1488593
2.23668,1.1735009
0.52075833,1.1470218
0.0012458334,1.172221
0.62796307,1.1757523
0.0041527776,1.1705347
5.1106234,1.1647581
3.282576,1.1610029
4.169039,1.167861
1.0899186,1.1637229
1.6026907,1.1636006
0.004517857,1.1605314
1.7663865,1.1597632
0.77451175,1.159243
5.0635734,1.1664084
2.1888063,1.1610951
3.4200833,1.1696062
0.011285785,1.1680025
0.70255536,1.1614928
2.664965,1.1709929
0.78154457,1.166098
4.172296,1.175177
1.9805231,1.166067
0.010151234,1.1566926
0.0,1.1661426
1.3357333,1.1689931
3.7222285,1.1733097
1.4829541,1.1640772
2.0498111,1.1675981
1.8677225,1.1711208
0.0031870154,1.1530764
2.328532,1.1512975
0.0,1.1498288
0.6639648,1.1799412
0.7088362,1.1719035
2.0933611,1.1754166
4.682612,1.1604766
3.1829612,1.1567899
3.0655255,1.1645861
1.2344635,1.1589676
2.4046755,1.158269
2.570965,1.1561983
0.8019166,1.155667
3.9765224,1.1614273
2.1555028,1.1562688
0.004894345,1.160693
2.4114914,1.1647807
0.57050383,1.1568149
0.529763,1.1566311
0.0,1.1515921
1.2207624,1.1636528
3.6062417,1.1679775
1.0785934,1.1592256
0.007613426,1.1526846
0.8616531,1.1624222
3.0959835,1.1670574
0.002514526,1.1584123
1.606332,1.1578443
1.2062625,1.1603485
1.1977657,1.1642586
0.0024042397,1.1507527
0.010963334,1.1482512
1.9306289,1.1540445
0.0,1.1519091
1.3868617,1.1685208
4.6164694,1.1665447
2.556068,1.1633168
2.8113577,1.1699809
0.83947086,1.1659489
1.5876999,1.1658504
1.1538733,1.161607
3.9971056,1.1681085
1.1260257,1.163186
1.8906869,1.1716243
0.0014275174,1.1428221
0.8481552,1.1701735
2.7206306,1.1746583
0.7476993,1.1652446
0.0014656862,1.157424
0.69254464,1.1684462
2.4872522,1.1732184
0.013983844,1.1651822
1.4122778,1.1634372
1.0559267,1.16774
0.9683673,1.1716987
0.024285866,1.1633471
0.0017797619,1.1463921
0.009116506,1.1543798
1.6004763,1.1535499
0.034049712,1.1565362
0.0028337163,1.1739874
0.78241783,1.1753978
0.0017457537,1.1700164
2.6984668,1.1617253
1.131196,1.1580731
1.418795,1.1655921
0.69268817,1.159145
2.4580348,1.1624178
0.7453463,1.1570865
0.049833335,1.1582637
1.5459472,1.1657323
1.8465784,1.1695356
0.0012021199,1.1556966
0.0030397412,1.1625283
0.10914171,1.1586555
1.7914968,1.1676198
0.7244805,1.1584367
0.60167193,1.1653427
0.0021513605,1.1520466
0.008495242,1.1509901
0.0023161971,1.1520485
0.0078123515,1.1524731
0.5078254,1.1701795
0.0032684554,1.1647607
2.898621,1.164761
1.2568326,1.1612601
1.3360299,1.1680592
0.67652696,1.1615316
0.006992913,1.161636
0.5840677,1.1605691
2.134243,1.1649448
0.97436273,1.1678481
0.004911888,1.1659385
1.2223155,1.1718057
0.030188259,1.1650158
0.0,1.1612519
1.2883414,1.1709534
0.5521752,1.162274
0.0,1.1508406
0.007330609,1.1570566
0.59394604,1.1551765
0.005647321,1.1545788
5.3997498,1.16032
2.9753854,1.156953
3.8542573,1.1636659
1.220553,1.1597472
2.3091798,1.1596414
1.7692837,1.1552708
5.4303794,1.1625781
1.8176938,1.157586
4.196643,1.1657358
0.667687,1.1575342
0.0062767174,1.1433307
1.7462106,1.1669105
3.8753958,1.1709026
1.7122623,1.1620127
1.4407147,1.164787
4.6495986,1.1687559
2.3660486,1.1597949
2.0105834,1.1629096
1.8414603,1.1663737
0.008751572,1.1386749
2.2684278,1.1462537
0.027689556,1.1401297
0.62491,1.1765004
0.0033343472,1.1736089
0.0023129396,1.1557789
0.0,1.1546136
0.009290961,1.1608436
1.4941963,1.1715871
0.0015059524,1.1693028
2.2426195,1.1548802
3.2932296,1.1583112
0.9226905,1.1612412
0.60211325,1.1631203
1.1669734,1.1670346
0.0,1.1434227
0.004249354,1.1612879
0.95365983,1.1620272
0.0,1.141944
0.0026103174,1.1487201
3.555951,1.1652743
1.7849677,1.1619118
1.8070598,1.1683038
0.6073869,1.1645247
1.3317639,1.1645066
1.0097808,1.1601211
3.3594067,1.1678945
0.8742911,1.162815
1.3243523,1.1709374
0.8764559,1.1707218
2.626632,1.1748658
0.8362844,1.1658734
0.51314,1.168084
1.8024464,1.1723535
1.206161,1.1630833
0.7187074,1.1677386
0.0,1.1643602
0.5860718,1.1711864
0.0,1.1525666
0.0,1.1538762
0.9851486,1.1520656
0.0,1.1474675
0.0,1.159369
0.87243426,1.1757497
5.33546,1.1667845
3.3262396,1.1635857
3.68068,1.1699575
1.279615,1.1661226
2.209083,1.1648325
1.7188802,1.1619589
0.5246805,1.1615361
4.797627,1.1691976
1.71925,1.1644143
0.008663554,1.1667792
2.7201762,1.1725138
0.05182986,1.167467
0.0027685186,1.1504382
1.2490239,1.1717001
3.445666,1.1760107
1.3663723,1.1672162
0.028256014,1.1608771
0.0,1.1535827
1.1830387,1.1697223
3.6822054,1.1742631
0.34037483,1.1678455
2.3359292,1.1651491
1.6390691,1.1684252
0.006229167,1.1667928
1.7571468,1.1722051
0.0,1.167753
0.00291578,1.147163
0.017682796,1.1548072
2.5034168,1.1535915
0.006219071,1.1494963
0.0017607067,1.1520272
0.0055935374,1.173934
0.0,1.1614884
0.008170506,1.1580713
1.4814378,1.176394
0.0016789178,1.1737214
0.0022014726,1.1758623
5.44604,1.164333
2.958375,1.160982
3.38536,1.1675676
1.4220556,1.1639079
2.2709763,1.1635371
1.1385225,1.1586004
5.3981347,1.1666826
2.1010613,1.1616696
0.018740742,1.1665764
2.8305576,1.1697809
0.00083055557,1.1426893
2.342187,1.1708243
3.7831187,1.1749991
0.02995222,1.1674299
1.5648979,1.1658472
0.027408333,1.1658592
0.0023750723,1.1662179
0.0027408334,1.1507109
1.9556496,1.1669763
0.51442695,1.1623474
4.042378,1.1712323
0.045046102,1.1636385
2.2671227,1.1618543
2.203136,1.1670752
1.9103163,1.1705676
0.0019033565,1.1430618
2.0554435,1.1493963
0.0024285866,1.1502355
0.64272857,1.1793712
1.9283515,1.1754229
2.6989834,1.1652591
1.2465016,1.162074
1.389994,1.1687814
0.7643137,1.1646688
0.5428704,1.160227
2.6037917,1.1678693
0.84509027,1.1628928
1.489683,1.1711082
0.72120345,1.1704575
1.8109077,1.1749282
0.0,1.1495548
1.5488625,1.172093
0.56336164,1.1619585
0.513084,1.1671156
0.53973335,1.1710025
0.01265,1.1443415
0.6882212,1.152028
0.0025675255,1.1498283
0.69671565,1.176073
0.0014201209,1.174935
4.502731,1.1661668
2.5622172,1.1628835
3.2305,1.1699939
0.98288226,1.1648595
2.0130415,1.1642839
2.0834236,1.1617019
0.6336481,1.161332
3.3369935,1.1684842
1.4549085,1.1635369
2.1013055,1.1717981
0.005639575,1.1648815
0.0054453644,1.1720351
1.4671189,1.169748
3.2434182,1.1739819
1.2203438,1.1654755
0.9306159,1.1689066
2.6402128,1.1734265
1.51276,1.1644543
1.2409738,1.1681684
1.2951983,1.1719583
0.0,1.1628879
1.8149967,1.158662
0.0012021199,1.1542448
0.5499738,1.1791716
1.3782032,1.1749281
6.1238046,1.1589531
2.5927653,1.1547831
4.8443403,1.1626763
2.3070538,1.1573585
3.1909945,1.1559416
1.805451,1.1549556
5.3599424,1.1590137
1.8834791,1.1538144
5.1836143,1.1623431
0.55752563,1.1552461
0.5202732,1.1547843
2.6598907,1.1633747
4.8381143,1.1677243
1.3802679,1.1594049
0.003945829,1.1611239
1.3353565,1.1629049
4.3748617,1.1675354
1.4841231,1.1588756
1.4102614,1.1590825
0.01147993,1.1565256
2.5243201,1.1627437
0.0047833044,1.1478505
0.010578655,1.15042
1.2087646,1.1723343
0.62139916,1.1621033
2.1556737,1.1656562
5.1569185,1.1665556
2.9787376,1.1624069
4.2290926,1.1698616
0.5521679,1.1639658
1.4740072,1.16475
1.2527893,1.1638848
1.712105,1.162316
5.3600535,1.1670295
1.8721014,1.161632
0.0072127194,1.1642308
4.463643,1.1700015
0.0035595237,1.1525509
1.7054074,1.1738898
2.26941,1.1736652
1.2460427,1.1699282
0.03915476,1.1510636
1.0772265,1.178734
1.1094948,1.1630497
4.8809805,1.1646227
1.823901,1.1602101
1.0081769,1.1569327
0.71452737,1.1617604
0.8147127,1.1634272
0.6490915,1.1589108
1.1051606,1.1589831
1.4560572,1.1553901
1.2963041,1.1548221
2.7270608,1.1617707
0.9362183,1.1625786
0.51801753,1.1620729
4.0956144,1.1647221
1.3068584,1.1582235
0.87595016,1.1530455
0.5523027,1.1582271
0.58944,1.1606488
0.76936924,1.1558648
1.1079372,1.1554233
0.052393597,1.1533245
0.09795184,1.1538386
1.3952602,1.1530033
1.1929021,1.1524919
2.3167088,1.1621875
0.76143515,1.1618549
1.4695616,1.1552819
3.3474925,1.1558869
0.9502758,1.1506823
1.8164443,1.1590362
0.8226224,1.1529968
0.6847774,1.1543581
2.893647,1.1600777
1.4929659,1.155192
2.723474,1.1641632
1.7133008,1.1555305
0.0015484934,1.1412076
3.1097007,1.157197
2.8070314,1.1524088
3.087516,1.16149
2.5380745,1.1525708
2.3441632,1.1572256
1.0337634,1.1524668
1.6004244,1.1608592
0.6453785,1.1541342
0.8172188,1.1526616
0.00078309525,1.1398313
0.0013219453,1.1389295
0.63402146,1.1403075
0.0119617125,1.1438748
0.24090232,1.1433904
0.14677595,1.1694355
0.0019775133,1.1634473
0.9907056,1.1528631
0.017887544,1.1572754
2.0976202,1.1640238
1.1729206,1.1619382
1.0888283,1.1592237
2.7643712,1.1588007
1.4859946,1.1599894
1.5622451,1.1559546
1.5660393,1.1604999
0.59558433,1.1633368
0.57217324,1.1564299
1.6386541,1.1578393
1.9711056,1.1573694
1.533841,1.1562859
0.69373196,1.1552979
0.5464916,1.1551243
2.5019808,1.1584939
0.7832865,1.1631054
2.0147426,1.1576533
1.0324117,1.1568238
1.5010374,1.1633556
4.137547,1.1656212
2.0072575,1.1572601
1.3281227,1.1529498
1.0463945,1.1587876
0.85719836,1.1598109
1.3165417,1.155851
1.848087,1.1557933
0.5285607,1.1524628
1.3238478,1.1514823
1.0944448,1.1513146
1.3283811,1.1574556
0.62342346,1.1606334
2.7972274,1.1641115
1.3828124,1.1633879
1.2645087,1.1613331
4.9270954,1.1603056
1.2265606,1.1610259
1.044412,1.1571735
0.54493034,1.164599
0.006717141,1.15775
0.5950035,1.1591061
0.9140487,1.1588613
2.1800332,1.1561525
2.1947317,1.1558619
3.6523938,1.1596909
1.2699659,1.1585327
0.6033328,1.1537694
0.5073537,1.1629835
1.2078762,1.1627953
4.4904428,1.1631304
1.1554971,1.1576675
0.8320016,1.1532937
0.8306862,1.156117
1.3192332,1.1521059
1.2966224,1.1514438
2.959163,1.1620102
1.1703275,1.1613383
0.59707457,1.162534
2.8424633,1.1624111
0.0063048685,1.1584574
0.537207,1.1595851
1.6362474,1.1607574
0.0049726395,1.1564759
2.1545272,1.1622454
0.625791,1.1617998
0.58074266,1.158261
0.6239193,1.1573517
0.5400904,1.1566885
1.5586663,1.1616082
1.3610103,1.159087
3.9886508,1.1611906
0.97695374,1.1537166
0.9971449,1.1492057
0.6326757,1.1550009
0.5385964,1.152027
0.8432984,1.1518565
0.013006426,1.1486695
1.5600648,1.147947
1.4660459,1.1476669
3.2131934,1.1594449
1.3047467,1.158476
0.001296138,1.1536013
0.0022020622,1.1421123
0.8851706,1.1635873
3.2300766,1.1647631
0.89070684,1.1570708
0.59866136,1.1557914
0.8809724,1.1512823
0.8495065,1.1509494
2.0473156,1.1626782
0.7268413,1.1623708
2.0404298,1.1647555
5.593379,1.1654564
1.6398681,1.1581832
1.1987582,1.1543014
0.705574,1.1595937
0.6857567,1.1609818
0.77364206,1.1569817
1.2051517,1.1558346
1.875533,1.152824
1.859114,1.152429
4.118534,1.1642909
1.7962466,1.1628921
0.8471172,1.1624717
5.2674055,1.1647402
1.5884292,1.1567225
0.9026536,1.1524006
0.6634621,1.1581057
0.65823066,1.1592063
0.60904545,1.1554265
1.094695,1.1550795
0.023434075,1.1516894
1.4434493,1.150585
1.2407655,1.1506287
2.3735058,1.1614002
0.64627606,1.1620102
0.5298806,1.1567086
2.937379,1.1635724
0.6019207,1.1569229
0.75138783,1.1514012
0.66531897,1.1506866
1.3319668,1.1612335
1.3076264,1.1664723
4.95296,1.1650422
1.4079434,1.1646605
0.97358555,1.1610268
0.021926668,1.1599181
0.5638147,1.1656392
0.62893856,1.1678833
0.10573754,1.1607488
0.64289445,1.1630569
0.91280055,1.1627506
1.9413313,1.1595823
1.9431126,1.1593391
3.239967,1.1644794
1.420474,1.1646432
0.69057435,1.1592197
0.54915553,1.1679525
2.7873337,1.1569346
6.2749467,1.1587106
2.608237,1.1567441
2.2967675,1.1526452
3.0542798,1.1573447
1.2801889,1.160067
0.83470833,1.1533803
2.80032,1.1547872
3.4116507,1.1534728
1.2636516,1.152911
1.2591828,1.1521494
1.0666678,1.1515555
2.6638978,1.1555432
0.8621685,1.159409
5.2648444,1.1579307
2.3182144,1.1560539
0.6911395,1.1509064
1.7281405,1.1642561
3.3917813,1.165063
2.2845972,1.161141
2.2430146,1.1570052
2.4247785,1.1621121
0.95938236,1.1637008
1.1921493,1.1572303
2.5025902,1.15948
2.627724,1.1585382
2.2693672,1.1568317
0.7033424,1.1565999
0.8978108,1.1559372
0.7844492,1.1553321
3.4564333,1.1602466
1.3152096,1.1637777
2.3654547,1.1644527
1.4409178,1.1623522
0.0031870154,1.1537074
2.3145735,1.169372
3.479793,1.1610507
2.0006373,1.1576643
0.77384806,1.1632596
0.70528555,1.160477
1.7974768,1.1605865
2.8836317,1.1557454
1.699978,1.1551102
2.2753267,1.1693105
2.5619824,1.1601394
1.4688969,1.1551138
0.55989784,1.1607107
0.78636193,1.1583122
1.3857437,1.1578602
2.2728646,1.1546367
1.293038,1.1538469
0.6728781,1.1665081
1.9789746,1.1611089
3.2838006,1.1606694
1.0863667,1.1631407
0.002514526,1.1406082
0.97140735,1.1665336
1.9041579,1.1698269
0.59369695,1.1615204
0.0057701753,1.1384584
1.5601667,1.1635575
1.5086364,1.1586622
2.5305989,1.1669399
1.4994895,1.1584646
1.2864633,1.1629044
0.22808333,1.1579317
1.0599506,1.1656554
0.24091925,1.1457582
0.0029025467,1.1442484
0.91195,1.1707567
1.0906738,1.1574411
0.5858203,1.1529423
0.78565073,1.1512786
0.9545061,1.1637243
2.4353426,1.1624557
3.3099654,1.1584817
1.8037102,1.1632818
0.2748241,1.1585883
1.6024433,1.1606848
2.593097,1.160251
1.1756341,1.1584522
2.3774705,1.1573921
0.6022507,1.1568977
1.8226541,1.1610924
0.0038173166,1.1639408
0.004050493,1.1558994
0.027761664,1.1593579
0.76454824,1.1675025
2.5470254,1.171499
3.880642,1.1596593
2.6136343,1.1554459
1.2258083,1.161955
1.1609328,1.1589929
2.220299,1.1589569
0.8064981,1.1546286
3.2935166,1.1533328
1.7380384,1.1531343
1.0742917,1.160231
0.72976273,1.1694046
1.5991344,1.1639851
3.6438518,1.1644928
3.3628137,1.1639003
1.9557984,1.1598693
0.7579588,1.1648643
0.54988503,1.166842
0.70623404,1.1621641
1.5911126,1.1619152
0.52986795,1.1595423
3.0093672,1.1586263
2.0175772,1.1579419
0.501955,1.1629707
1.9105879,1.1635964
0.0036063597,1.1577628
0.64398444,1.1579949
0.66899914,1.1650683
2.1153045,1.1670742
2.5185597,1.1579794
1.3036528,1.153665
0.044873998,1.1534289
1.4021337,1.1572558
1.8471048,1.1520716
1.1717265,1.151256
0.9024779,1.1657562
1.4246594,1.1665201
1.489304,1.1651818
0.7512551,1.1609983
0.026765438,1.1610006
0.68268955,1.1626438
1.0798675,1.1602155
1.0816939,1.1667775
1.4989126,1.16361
0.7892279,1.1597668
0.89553124,1.1605216
1.0653658,1.1588181
0.57253426,1.157895
0.004350529,1.1440653
2.0351934,1.1642226
2.6513326,1.1538554
1.5258669,1.1493651
0.5871645,1.1557215
0.5181059,1.1528035
1.1581267,1.1525066
2.1408176,1.1476789
1.2148507,1.1470841
0.0049833334,1.1524686
0.57586277,1.1622037
0.001539794,1.1452173
0.6719345,1.1524681
1.5117558,1.1697947
1.9328533,1.1583096
0.94901353,1.1540216
0.87445635,1.1577469
1.4335414,1.151954
0.8093948,1.1516184
0.517923,1.1673647
1.0550668,1.1685096
0.0018394855,1.1531204
3.0341783,1.171167
3.198734,1.1598059
1.7448443,1.1560054
0.8068397,1.1621946
0.83583206,1.1593846
1.8567678,1.1582766
2.6261208,1.1539956
1.5713524,1.153596
1.4082037,1.1694533
0.5733412,1.1629726
2.5229568,1.1698104
3.0687807,1.1584059
1.4830351,1.1540982
0.64925855,1.1605293
0.58307165,1.1578397
1.4341279,1.1574702
2.4368272,1.1517752
1.4019412,1.1516703
1.0803347,1.1689476
1.5942167,1.1588523
0.90231454,1.1546553
0.66877687,1.1584333
1.3618804,1.1526896
0.59198016,1.1519315
1.1605289,1.169833
0.0011018425,1.1641728
3.3919265,1.1701323
3.0885365,1.1675024
1.8881538,1.1637815
0.694446,1.168626
0.5414444,1.1699308
0.6911173,1.1661133
1.4783448,1.1658767
2.875084,1.162087
2.0114172,1.1615921
1.4590999,1.1689986
0.0011232924,1.1632732
0.6326625,1.1639761
0.69178635,1.1600655
3.380361,1.1635069
1.9586279,1.1588043
3.7556825,1.1546642
2.759444,1.1597792
0.68822026,1.1574042
2.4325533,1.1572258
3.1673653,1.155945
0.60140586,1.1548344
2.1955068,1.1538728
1.558849,1.1579064
0.007543578,1.1551776
1.3513831,1.162032
0.6237153,1.1550492
0.7268284,1.1673567
1.2994311,1.1699954
3.1776726,1.1634384
3.9303281,1.1595348
3.0412412,1.1648208
0.8025789,1.1627417
2.3019586,1.1621717
2.9746842,1.1614097
1.7527277,1.1590527
3.2514405,1.1579179
0.96506184,1.1570507
2.53658,1.1627115
0.53876954,1.1660193
1.61161,1.1412426
3.7418334,1.1480331
0.0,1.1298141
1.081518,1.1568477
2.08725,1.1620578
0.048367646,1.1527368
1.6504583,1.1523553
0.76833194,1.152955
2.7231505,1.1581349
1.4792439,1.148264
0.664125,1.1501728
1.397825,1.1548296
0.0046454803,1.1348549
0.0,1.1357228
0.0,1.1275247
0.0,1.1585355
0.759,1.158322
1.3116845,1.147153
1.5896833,1.1509473
1.0963334,1.1589469
2.4496198,1.1631553
1.5531389,1.1541786
0.84716666,1.1560929
2.4035,1.1604991
1.0530571,1.1513298
0.03426042,1.1332651
0.0,1.1434091
1.5074583,1.1536193
0.5024861,1.1568464
1.0963334,1.1631814
0.0,1.138699
0.012458334,1.1454109
4.019889,1.1492045
1.7012069,1.1532993
0.5285893,1.1463798
0.0,1.1431952
0.0,1.1417161
1.4599133,1.1580945
0.0046064425,1.1541274
0.0,1.137465
0.31671852,1.1517593
2.6449041,1.1567377
1.1166358,1.1528424
0.014488987,1.1571399
0.0,1.1412171
0.6395278,1.1565809
1.2117368,1.1500583
0.5090119,1.1637987
0.0,1.1532408
0.0,1.1516917
0.0,1.1292955
0.0,1.136408
0.0,1.1636628
0.0,1.1632727
2.451523,1.1477746
0.024916667,1.1429785
2.4439096,1.1648611
0.0,1.1560266
2.2513988,1.1551462
0.9065833,1.1584256
1.8438333,1.1532255
0.00978869,1.1286322
0.6166875,1.1691772
2.140591,1.1484858
0.7491611,1.1470462
4.493524,1.1507939
0.6287794,1.1458484
2.437899,1.1547418
0.0,1.1486479
0.7308889,1.1457943
0.0,1.1441879
0.0,1.1436106
0.7867207,1.1537726
3.460302,1.1584915
2.3790433,1.1490933
0.0,1.1463419
0.88816875,1.1526849
0.13704167,1.1485451
3.206775,1.1576624
2.1428332,1.1479118
1.1746429,1.1498443
2.9516666,1.1543821
0.021926668,1.1379946
0.01713021,1.1428723
0.0,1.1394476
1.7288333,1.1584567
1.8993495,1.1487814
0.019933334,1.1429509
3.3359857,1.1531051
1.7815417,1.1569519
0.0,1.1314121
0.55673176,1.1594952
2.7408333,1.1642728
1.56975,1.1544758
0.5481667,1.1579814
2.561625,1.1628426
1.6559201,1.152723
0.62377584,1.1545943
0.84608334,1.158842
0.0,1.147393
0.0013568482,1.1449612
0.017380895,1.144828
1.9968928,1.149882
1.3480425,1.1539152
0.0,1.1422919
2.1281765,1.158435
0.0,1.1494211
0.010748366,1.1391107
0.9629461,1.1565307
0.57676667,1.146713
0.0015572917,1.1430645
0.0,1.1375934
0.0,1.1551694
0.0,1.1395867
0.70294315,1.1502733
1.7612392,1.1514432
0.897,1.1549888
1.1991146,1.1605061
1.153434,1.1597179
0.6173048,1.150509
0.50395966,1.153958
0.0,1.1370299
0.0026870915,1.1375654
0.003703829,1.1367482
0.25378087,1.1581811
0.010963334,1.1503049
2.1231809,1.1407752
0.6578,1.1403484
7.556869,1.1452011
0.0,1.1256793
0.0,1.1323133
0.015226852,1.1239631
2.0708518,1.1590914
1.5160234,1.1494055
0.54193753,1.1522499
0.0,1.1521789
5.5913,1.1566474
1.4008703,1.1468982
0.8803889,1.1478151
1.9185834,1.1521155
0.0,1.1224804
0.10278125,1.1460098
1.6335367,1.1435566
0.022840278,1.1505507
0.0,1.1415344
0.0,1.1314524
0.0,1.1552297
1.8363583,1.1649565
1.6866667,1.1624159
0.8112867,1.1526831
2.0448465,1.1499285
0.50756174,1.1484219
4.4108295,1.1540139
3.2567549,1.1576376
0.0,1.1347783
0.0,1.132631
2.4882467,1.1650451
1.9778446,1.1558803
0.644902,1.1585912
2.8248267,1.1632735
0.0065257936,1.1553916
1.965925,1.1538178
0.9417222,1.154782
1.8119954,1.1588048
0.0,1.1364845
0.005374183,1.1372548
0.0,1.1328979
0.004420699,1.1307261
0.006136194,1.1368252
0.0024916667,1.132595
0.740025,1.1611098
1.612764,1.1461437
5.1484675,1.1510319
2.0784652,1.1547929
0.0,1.1547438
1.2578467,1.1597584
3.0149167,1.164273
2.3484614,1.1545347
0.008305555,1.1268247
0.86310714,1.1552838
2.7646668,1.1597538
1.6935896,1.1498213
0.9592917,1.1538785
1.1847473,1.1578809
0.005075617,1.1278714
0.0050444785,1.1249542
0.0,1.1343831
0.0,1.150921
2.6354167,1.1607791
0.530194,1.1477773
2.8353448,1.1528503
0.7765694,1.1565791
2.9318612,1.164179
0.7153575,1.1539006
0.01713021,1.1556592
0.79339916,1.1612887
0.5943605,1.1506383
0.0,1.142018
0.5329398,1.1612633
2.139187,1.1525632
0.98213196,1.1513604
3.8969667,1.1565441
0.57100695,1.1515969
1.61161,1.1604618
0.014425439,1.152577
0.0,1.1425086
0.89823353,1.1594856
3.8020277,1.1641296
2.1165323,1.1550163
0.0,1.154262
0.8611271,1.1586401
2.9618683,1.1635524
1.6512675,1.1539738
1.10825,1.1570159
1.8119954,1.1614329
0.018408582,1.1642765
1.774329,1.1639605
6.3671665,1.1453389
3.864575,1.1491967
1.8869584,1.1517302
3.502176,1.1564058
2.226927,1.147384
1.3992676,1.1509686
4.6594167,1.155937
0.0,1.1486541
2.8524969,1.1466128
0.0,1.1333032
1.2059667,1.1601907
0.7308889,1.1519688
6.495775,1.1539648
2.6312,1.1638157
0.56339353,1.1547066
0.6395278,1.1590326
2.055625,1.1634378
0.8989933,1.1542685
0.6779956,1.1541704
1.3205833,1.157916
0.017875,1.1425189
0.0,1.146332
0.0,1.1382958
0.0,1.140685
1.299358,1.1681923
3.3598552,1.1576551
0.57308334,1.1539524
0.6861448,1.1610873
0.45488304,1.1564825
0.5800368,1.1564728
0.5513211,1.1588045
0.9515518,1.1534393
0.0071274624,1.1472656
1.9702809,1.1646041
4.071373,1.1687921
2.2276742,1.1600629
0.83591235,1.1611927
2.7403314,1.1654743
0.9941651,1.1565279
1.2022779,1.1606388
1.468784,1.1640862
0.005958333,1.1429185
0.0073088887,1.149011
1.3491408,1.1674042
0.03559524,1.1612474
0.7369953,1.157436
0.5451213,1.1485461
0.7554422,1.1674578
0.007027778,1.1589679
0.52525294,1.1651658
0.0027136963,1.1434091
1.0371562,1.1596022
0.012974359,1.1649706
1.5357509,1.1697513
0.006599117,1.1635889
0.53699857,1.1614015
0.7713542,1.1673006
0.0016314484,1.1487001
0.007613426,1.1489106
0.0069879605,1.1389564
0.004249354,1.1420931
0.00235409,1.1652294
0.0141767245,1.1650016
0.003806713,1.1523916
0.0053048385,1.152572
1.322049,1.1577947
0.64398444,1.1527613
0.6068226,1.1613508
0.71753377,1.1555353
0.5813542,1.1549182
1.5408403,1.1500655
0.004906863,1.1464595
1.4746789,1.1631296
0.0068520834,1.1469741
1.560392,1.1623888
0.05451839,1.1552494
0.25923154,1.156158
0.8752694,1.1596137
0.0,1.1474023
0.0072127194,1.1496786
0.009728267,1.1466168
0.5429591,1.1683694
0.012638287,1.1601633
0.013704167,1.1581098
0.0078590205,1.1564687
0.9588793,1.1574988
0.8423337,1.170556
0.011505747,1.1622666
0.59869367,1.166926
0.0114076305,1.1598741
0.01010051,1.1431233
0.009781413,1.1481845
0.0017237946,1.1638064
0.003513889,1.1619035
0.00602381,1.1649905
3.8660784,1.1592535
0.934887,1.1545794
1.3569921,1.1621354
0.670987,1.1577843
0.7443684,1.1577235
0.012411321,1.1554999
0.70121604,1.1586546
1.2891368,1.1522889
0.01270585,1.1550342
1.3470905,1.165248
3.1035907,1.1689192
1.6886381,1.1600283
0.6518823,1.1629623
2.5162714,1.1668359
0.016412176,1.1585251
0.021594444,1.158882
0.06003213,1.1597741
0.011550209,1.1647749
0.98440534,1.1577609
1.4132061,1.160988
1.4644452,1.1641182
0.010408228,1.1397724
0.011956655,1.1409583
0.9709548,1.1445775
0.682998,1.1731644
1.1285784,1.1675891
3.0593119,1.157999
0.99759525,1.1532634
1.000207,1.161731
0.71916306,1.1559584
1.3079282,1.1553854
1.0731714,1.1576616
0.84956414,1.1512345
1.583414,1.1595049
4.470334,1.1635314
2.2471673,1.1549691
0.01957738,1.1590534
0.011187075,1.1563438
0.79379845,1.1591171
2.7998288,1.1634799
1.5221798,1.1545546
1.2595769,1.157453
1.5332055,1.161144
0.010027439,1.1490232
0.009045655,1.151858
0.8441509,1.1512128
0.019253789,1.146998
0.00788729,1.1494647
0.009353412,1.1629817
1.2628816,1.165141
2.8460863,1.1594816
0.52501774,1.1552856
0.63596827,1.1627613
0.57951343,1.1583246
0.724397,1.1593245
0.6766018,1.1532152
0.0063152844,1.1623248
0.7813698,1.1636947
2.458049,1.1677543
1.6116782,1.1585392
0.02787288,1.1384318
2.1970172,1.1664406
0.011183071,1.1585776
0.92775995,1.1567756
0.757895,1.1603059
0.96597666,1.1639373
0.0052372613,1.1591657
0.6530533,1.1450119
0.006652508,1.1705602
1.2673936,1.1586854
0.017176216,1.1562952
0.17365585,1.1556693
0.006909664,1.1545762
1.9780787,1.1647564
0.011094827,1.159243
0.008274214,1.1532277
1.1835259,1.163447
0.3234667,1.1546243
0.019145528,1.1521591
0.008014132,1.1546596
0.5430436,1.1614442
0.004934397,1.149377
0.0055557434,1.1547546
0.008206088,1.1480762
0.009500515,1.1491588
0.009578181,1.1527447
1.2365713,1.1605085
0.0027047698,1.156696
1.5386286,1.1666632
0.53454113,1.1586069
0.011575163,1.163998
0.9628257,1.1659113
0.006252852,1.151203
0.012767857,1.1489421
0.007515996,1.1502943
3.5146966,1.1533536
0.76418877,1.1487654
1.248158,1.1564788
0.5622089,1.1521064
0.8522532,1.1519879
0.61273885,1.1526309
0.84704804,1.1461824
0.0040306374,1.1321815
0.0043853335,1.1356759
0.87695026,1.1600572
3.2976813,1.1635975
1.4884981,1.154847
0.01495,1.159505
0.6196234,1.1577663
2.704647,1.1614481
1.2022685,1.1525058
0.011871783,1.1609235
1.2577933,1.1556529
1.5954851,1.1588432
0.00934375,1.139115
0.007281151,1.1436905
0.9936101,1.1384574
0.010609677,1.1484584
0.6351071,1.1625026
0.58658075,1.1492118
0.030771758,1.1447276
0.002875,1.1436183
0.0059843524,1.1506256
0.018272223,1.1526123
0.009906626,1.1367544
0.0060907407,1.152108
0.01749468,1.1322892
0.0065257936,1.1382143
0.005910991,1.131123
0.0064744093,1.1486228
0.0051713837,1.1598002
1.9044762,1.1583294
0.053458977,1.1527232
0.0072127194,1.1373011
0.70867634,1.164513
1.8272222,1.1680874
1.1797764,1.1593922
0.011813937,1.1643236
0.0082225,1.1670132
1.4837784,1.1654295
0.5683511,1.156376
0.6349804,1.1603457
0.9036185,1.1633401
0.003943645,1.1484402
0.009290961,1.1371019
0.019122094,1.1510359
0.5329398,1.1670803
0.021169038,1.1604277
3.1639528,1.1601388
0.7364389,1.155767
0.9910996,1.163016
0.87219405,1.1576765
0.85048026,1.160736
0.99240243,1.1545959
0.9438404,1.1652838
3.4391828,1.1689984
2.0643275,1.160545
0.6229167,1.163295
2.8813436,1.1673595
1.4206104,1.1585683
1.0719926,1.1612557
1.5895585,1.1645554
0.010289818,1.1602992
0.02380536,1.1452938
0.007928031,1.1479005
0.88384175,1.146128
0.010678572,1.1453229
0.011454229,1.1533967
0.88233435,1.1674969
3.4434059,1.1581784
0.6300854,1.1537536
0.7872547,1.1611784
0.686443,1.1567584
0.8674286,1.1521705
1.9131867,1.1651728
3.5630834,1.1688021
1.9214716,1.1599385
0.0066849594,1.1603538
0.003729025,1.1406457
0.8080203,1.1607516
2.730479,1.1646055
0.8703471,1.1554346
1.3802888,1.1604823
1.4001008,1.1635848
0.0059974473,1.1632632
0.008758988,1.1426224
0.0066158045,1.1442846
0.006354446,1.1378386
0.0061179316,1.143956
0.007716776,1.17002
0.009370371,1.1568731
1.175948,1.1675302
1.3459934,1.1595153
0.008628017,1.1571889
0.69056594,1.1646731
0.010997171,1.1615816
1.9592414,1.168569
0.8019389,1.1592056
0.010235477,1.160894
0.009529388,1.1668257
0.9923784,1.1658797
0.0021412761,1.1404988
0.0,1.1442829
2.7709594,1.162664
0.88785684,1.1584243
0.9234417,1.1661441
0.6020104,1.1608394
1.0995278,1.1605195
0.010496808,1.1631659
0.85901725,1.1634816
0.87436444,1.1573417
0.0047255745,1.1502153
0.010176362,1.1561774
1.7490845,1.164885
4.0464616,1.1687926
2.0814135,1.160417
0.016581554,1.1641425
0.77173954,1.1642009
0.15659153,1.1591631
2.4920416,1.1685008
1.2129956,1.1596553
1.2716854,1.1637245
1.3881661,1.1672395
0.7269467,1.1554866
0.03800901,1.158572
0.017814344,1.1502908
0.004831597,1.1547233
1.5703802,1.1704041
0.0044411654,1.1639062
0.01257263,1.163623
2.1891527,1.1548588
0.82519716,1.1496803
1.2130482,1.1581177
0.95311207,1.1528047
1.17975,1.1514307
0.0148884775,1.1517692
1.8093268,1.1537052
2.1974752,1.1471707
0.70675576,1.1564435
0.008701058,1.1492728
0.0,1.143916
2.0211182,1.1587459
4.0022516,1.1625549
1.6291993,1.154364
0.022168506,1.1569124
1.0710282,1.1577357
4.152122,1.1618849
0.02296177,1.1593279
0.70822847,1.1534299
0.016474955,1.1577388
1.5845443,1.1547152
3.1389754,1.1579317
0.0,1.1426044
0.01957738,1.1440626
1.154337,1.167821
0.02090466,1.149896
1.8247192,1.1606287
2.5224233,1.1622237
1.0082351,1.1571443
1.2974195,1.165094
1.0504568,1.1601421
0.613345,1.1593438
0.53793967,1.1614801
2.3982291,1.1551282
0.5081418,1.165497
1.965378,1.1690174
0.020371059,1.1612641
2.6258683,1.1685992
0.70649636,1.1618005
1.4617778,1.1648012
0.016855393,1.1527904
0.009966667,1.14594
1.4423163,1.1739596
0.68363315,1.1676006
0.0,1.1241217
0.0,1.1282269
0.0060907407,1.145744
0.0055935374,1.126421
0.0,1.1407849
0.015226852,1.1458853
0.0,1.1344374
0.021083333,1.1265665
0.0,1.1257228
0.0053220065,1.141039
0.0091361115,1.124337
0.0,1.1298848
0.0,1.1274756
0.01713021,1.1430463
0.014425439,1.1433011
0.0,1.1173755
0.007830952,1.1514131
0.0,1.1326791
0.005204114,1.13745
0.0021581366,1.1423818
0.0,1.142999
0.002669643,1.1369385
0.0,1.1257652
0.0066849594,1.1320983
0.0,1.13332
0.0,1.1295649
0.0,1.144257
0.0035595237,1.1410831
0.0,1.1352757
0.0,1.1259164
0.0,1.1417845
0.0,1.1407403
0.0,1.1205592
0.0,1.1214551
0.0,1.1283778
0.0045680557,1.1372684
0.007944444,1.1284896
0.7126167,1.137087
0.0,1.1390396
0.0,1.1332065
0.0030453703,1.1347157
0.0036063597,1.1271522
0.0,1.130291
0.0,1.1173291
0.0,1.1398464
0.005958333,1.1450514
0.0020006082,1.1419249
0.006252852,1.1177291
0.010963334,1.1489168
0.0015842967,1.1353705
0.0,1.1328946
0.0023425927,1.1322514
0.0,1.1353563
0.004060494,1.1312355
0.003079588,1.1294323
0.003003653,1.1455151
0.0021357143,1.1493388
0.0,1.1345559
0.0036382743,1.1531426
0.0,1.1345488
0.0013240741,1.1249851
0.0,1.1154436
0.0,1.1202261
0.0,1.1183985
0.0,1.1350745
0.0,1.1217707
0.0,1.1285886
0.0,1.1368669
0.0,1.1297007
0.0,1.1347178
0.0,1.1341251
0.007407658,1.1428032
0.0,1.1177906
0.0,1.1262581
0.019122094,1.135159
0.0,1.1419498
0.008770667,1.1435306
0.021083333,1.1372067
0.007027778,1.1410764
0.0010833334,1.1204518
0.0027408334,1.1250805
0.0020227553,1.1469487
0.0030063984,1.141352
0.0,1.1346234
0.008841398,1.1285007
0.0,1.1432823
0.0,1.1253315
0.001702381,1.123639
0.0,1.1205815
0.009616959,1.1407424
0.013704167,1.131994
0.0,1.1240724
0.0,1.1259446
0.0064744093,1.1391343
0.0026870915,1.1226603
0.0026103174,1.1434957
0.009451149,1.132157
0.0,1.1416677
0.004350529,1.1397179
0.0,1.1354755
0.0,1.1408151
0.0,1.1445695
0.0,1.1486677
0.004894345,1.1460804
0.0,1.1399913
0.0,1.1259571
0.0,1.1207572
0.007830952,1.1386698
0.0,1.1372887
0.014425439,1.1295373
0.0,1.147273
0.0,1.1388367
0.0,1.1491874
0.043853335,1.1288778
0.0,1.1312503
0.0,1.1486914
0.003126426,1.1429421
0.0,1.1343724
0.0,1.147945
1.102994,1.1372
3.7787857,1.1418847
0.76423234,1.1380192
1.777214,1.1450077
0.5152767,1.1404053
0.007921483,1.1463135
1.461212,1.153309
1.1348836,1.1444426
0.0,1.1490945
0.0,1.1327659
0.0,1.1293744
0.005790493,1.1398933
0.0013704167,1.1473597
2.810285,1.1426305
4.1122975,1.1465675
1.6067805,1.1377717
0.77959114,1.145794
0.0015484934,1.1275072
0.0017265092,1.1281188
0.0031888695,1.1309884
0.0038969195,1.1240326
1.4413756,1.1539756
0.003513889,1.1484933
0.008841398,1.1437486
1.2272388,1.1406198
1.9704369,1.145764
0.8496583,1.1402763
0.5193158,1.1479862
0.0,1.1277846
0.0072127194,1.1269263
1.9968928,1.1548803
0.8777192,1.1465904
2.1584063,1.1446148
3.1561112,1.1477569
1.423465,1.1393454
0.7126167,1.1446157
0.5995573,1.1471405
0.96380955,1.1545826
0.004216667,1.1490085
0.010151234,1.1561826
0.6212556,1.1547396
0.009238764,1.1364976
1.690012,1.1441454
0.56158334,1.1468211
0.0,1.150045
0.0,1.1278993
0.007543578,1.1399822
0.78158927,1.1442107
1.334857,1.1474922
0.005123053,1.1399981
0.00063152844,1.1572168
0.0054095397,1.1428381
1.8709167,1.1434668
0.51162225,1.1386031
0.0025856919,1.137383
0.9299256,1.1401428
1.9955986,1.1439382
0.0029921762,1.1414123
1.7015427,1.1437565
0.25375444,1.1455418
1.0773915,1.1488813
0.0027299137,1.1429514
0.0,1.1402301
0.0022283199,1.1239239
0.0036642158,1.1233923
0.0026354166,1.1235164
0.0027619542,1.1299597
0.0027546063,1.126164
0.0,1.123814
0.002787288,1.1240212
1.2918036,1.1391231
3.3131838,1.1428767
0.537625,1.1385857
1.7175889,1.1457378
1.5873994,1.1549524
0.87445635,1.1458377
2.2411158,1.1450766
3.2323713,1.1484673
1.3851236,1.1394638
0.5976539,1.1438485
0.72517884,1.1466388
1.4084839,1.1549412
0.71783733,1.1547316
1.7217903,1.1433593
0.6453101,1.1416427
3.9086666,1.1446925
0.80231667,1.1394498
2.0202594,1.1476927
1.3165789,1.1419027
1.6875702,1.1484975
1.3436768,1.1402339
2.9235556,1.1414826
3.5051043,1.1454188
0.5792483,1.1368569
1.9865471,1.1368564
0.7330436,1.1429043
1.6445,1.1463045
0.6585277,1.1514776
1.0111717,1.1394244
0.018178998,1.1334497
3.7792418,1.1439711
1.3898399,1.1470215
0.5703896,1.1428579
0.0,1.1302301
0.63492686,1.1536769
0.5514167,1.144296
1.9271933,1.1447343
3.2006342,1.148687
1.2598286,1.1392597
0.63094354,1.1466448
0.0035457094,1.1275452
0.0014855466,1.1549542
0.0024471725,1.1442627
0.0,1.1365798
0.0016918725,1.1411322
2.1620917,1.1472144
0.63875353,1.1501144
0.5108071,1.1428188
1.7436627,1.1466995
0.0024362963,1.1454378
0.0046454803,1.1361663
0.00073480787,1.1357745
0.0,1.1397649
0.000593254,1.1456596
2.026024,1.146896
0.52325,1.1491174
0.0065257936,1.1338303
0.0,1.1333164
0.987596,1.144161
1.4955417,1.147332
0.0010113777,1.140669
0.6050244,1.1392516
0.110145636,1.1429967
0.0051390626,1.1385497
0.002669643,1.1414589
0.0014275174,1.1386484
0.0,1.1378618
0.0,1.1473689
1.2900189,1.1334696
0.001166312,1.12755
4.552829,1.1362296
0.6427907,1.131716
2.0891242,1.139479
0.7913051,1.134756
0.004090796,1.1403526
0.0034153687,1.1214393
0.0,1.1234697
0.6735226,1.1492051
0.9389053,1.1400772
0.0038603286,1.1430429
2.2674167,1.1398054
0.09220315,1.1356372
3.7411323,1.143341
1.7108246,1.1343373
0.69069,1.1403791
0.008565105,1.1240677
0.0033977274,1.1179045
0.0017913943,1.1196834
1.3459241,1.1501685
0.0,1.1407818
0.0,1.1431785
2.2535741,1.139422
0.020054879,1.13704
0.009966667,1.1351625
0.004216667,1.1446036
0.008841398,1.1425632
0.015226852,1.127819
0.70153975,1.1427534
0.0,1.1289496
0.0072127194,1.1207081
0.0027546063,1.1429428
0.0,1.145856
0.9592917,1.1401701
3.0841296,1.1459119
1.1403824,1.148647
0.0,1.1481806
0.59906787,1.1557893
0.603444,1.1468617
1.1396097,1.14597
2.2254794,1.1493449
0.7953791,1.1404539
0.0,1.1419104
0.0,1.1263605
0.0037545662,1.1365803
0.005220635,1.1520687
1.4711083,1.1417319
0.0037674685,1.1475204
4.477284,1.1468741
0.77744794,1.14288
1.9567641,1.1494995
0.7932604,1.1447726
0.2690635,1.1413618
0.8408529,1.1561588
1.029255,1.1476328
0.0033424797,1.153021
0.0014895833,1.1332
2.3359692,1.1464182
4.045584,1.1499435
2.025261,1.141292
1.0975735,1.1483499
0.004693208,1.1348177
0.0033390864,1.1316948
0.008681373,1.1293424
0.0028003405,1.132445
0.0014128007,1.1348381
0.0029710932,1.1257095
0.76097727,1.1574644
0.0,1.1493783
1.5566528,1.1397372
0.11627778,1.1395782
4.5533843,1.1440005
0.8674286,1.139628
1.6897833,1.1467348
0.9026478,1.1425219
1.5784962,1.155219
1.2783247,1.1462089
0.0046454803,1.1317136
0.0044931695,1.1277721
3.0948713,1.1441973
4.079625,1.147833
2.0578353,1.1388091
0.53750193,1.1452832
0.83095104,1.1482093
0.0029872842,1.1261269
0.0033222223,1.1241783
0.0022840279,1.1271981
1.3362004,1.156068
0.6755185,1.1553649
0.6578,1.1397129
0.0021496732,1.135172
2.638052,1.1453892
0.91668206,1.148023
0.84777737,1.1538051
0.010623385,1.1482637
0.5189497,1.1444869
0.0,1.1382238
0.008701058,1.1302035
1.1587751,1.1435477
2.0891125,1.1474
0.740025,1.1379713
0.0030538533,1.1331424
0.0,1.137612
1.7681799,1.1470377
0.044257082,1.1440984
0.55399823,1.145625
0.036940742,1.1424623
3.9607193,1.1498245
1.0290146,1.1448649
2.4502273,1.152525
1.1425779,1.1472918
0.0013790356,1.1381494
0.0,1.1398267
1.930118,1.1531172
1.3314307,1.1451857
0.005099225,1.1521654
2.5797167,1.1460418
3.6573412,1.1496508
0.010374085,1.1443793
0.50314313,1.1412672
1.6888461,1.1413751
0.73470354,1.1485393
0.0077864584,1.1478885
1.3401797,1.1515607
0.0,1.1381177
0.006229167,1.1386751
0.8299311,1.156124
0.002373016,1.1447421
0.0052980026,1.1417376
0.0,1.145277
0.6066531,1.1567
3.889373,1.142661
1.3116845,1.138515
3.371225,1.1452479
0.9189853,1.1401205
0.01713021,1.1382602
1.455344,1.1491437
0.93527406,1.1412643
3.2093678,1.1398143
4.990726,1.1436375
1.6886476,1.1353434
0.6680781,1.1395788
1.2126111,1.1424357
0.0,1.1303934
0.0,1.1359737
0.012458334,1.137859
0.013369919,1.1300589
1.6735206,1.1509645
3.09166,1.147338
1.6866667,1.1495957
0.0,1.1365142
0.0,1.1420838
1.6812673,1.1466726
2.5458126,1.149737
0.5581941,1.1414224
1.3011082,1.1553053
0.0051713837,1.1481365
4.032702,1.1608919
0.62914586,1.1580034
1.7547634,1.1650858
0.0036302428,1.1573449
4.0361824,1.1614832
1.5454338,1.1651956
1.9096134,1.1641592
0.6290437,1.1601334
3.3131838,1.1690127
1.1914697,1.159865
0.0068520834,1.1573156
2.1714902,1.1613563
1.6532011,1.1571873
3.8525248,1.1661671
1.9377751,1.1568102
2.0664036,1.1617461
1.2773317,1.1658894
0.0027967687,1.1743454
0.01661111,1.1548942
0.92138654,1.1682569
2.7777884,1.1606761
1.8241769,1.1643002
0.5824271,1.1561273
1.7600449,1.1611869
0.5481667,1.1550846
0.64542204,1.1644516
0.015661905,1.1602122
0.018272223,1.160623
0.007027778,1.1438618
0.0027408334,1.1429521
0.0057100696,1.1456722
0.0045680557,1.1453191
1.5565865,1.1650912
3.4199054,1.1691856
1.3099571,1.1606356
0.039970487,1.1486295
0.0,1.1481715
1.9338756,1.162168
0.8574893,1.156283
3.0562468,1.1665326
2.0609643,1.1576356
1.7063898,1.161561
1.4336667,1.1652826
0.104796566,1.1578329
0.018902298,1.1486849
0.024916667,1.1467568
0.94875,1.168552
1.3462329,1.1633004
0.0,1.1589175
0.7054276,1.1667494
1.0076014,1.1641234
0.0,1.1627374
0.5005985,1.1666615
1.3973757,1.1707349
0.6603562,1.1641146
0.63039166,1.1593695
1.5226852,1.168296
0.008923643,1.1607087
0.65447,1.1594018
0.5156483,1.1636642
0.0,1.1602489
0.0,1.1597514
0.013051587,1.1612278
6.928257,1.1579809
2.2975073,1.1542727
5.703873,1.1623307
0.6667998,1.1561462
3.6321762,1.1535269
1.0746521,1.1531729
4.35488,1.1576926
0.8801549,1.1527606
2.623369,1.1614863
0.039708186,1.1549493
0.5338915,1.1545538
2.2406313,1.1637069
0.0028550348,1.1561048
0.01842577,1.1550041
0.021926668,1.1562792
0.99339277,1.1575385
1.083338,1.1528
3.749708,1.1623887
1.201697,1.153059
1.3265977,1.1559354
2.0646114,1.1600753
0.0032628968,1.1483343
0.003806713,1.1470838
0.03087963,1.1651642
0.7290395,1.1694527
2.1526544,1.1605244
0.5962515,1.1636673
0.014815316,1.1591076
1.3669473,1.1628875
0.0,1.1491562
0.00275,1.1681148
0.0,1.1520597
0.9563759,1.1677841
5.6655455,1.1630365
1.8283364,1.1593982
3.7049334,1.1667639
2.0562131,1.1580001
0.93395627,1.1576723
3.3128333,1.1618193
0.80702317,1.156833
2.6817174,1.1652677
0.5024861,1.1595961
1.6277194,1.1658089
0.6578,1.1606513
2.9847674,1.1702353
1.3232813,1.1608981
0.008841398,1.1667703
0.026103174,1.1443573
2.2342134,1.1636273
3.227197,1.1584486
3.9821913,1.1681937
0.18442309,1.158991
2.6402934,1.1586121
2.8980281,1.1625961
0.934375,1.157571
1.5642805,1.1665434
0.92766666,1.1577463
0.0,1.1477891
0.0,1.1439377
1.5162525,1.1497502
0.09561046,1.1523516
1.1530403,1.1696197
4.6012135,1.1594679
1.3959523,1.1557614
3.3722236,1.1637686
1.5949517,1.1550678
3.8766742,1.1592535
1.3260796,1.154071
2.610576,1.1628779
1.5348667,1.156087
0.77020884,1.1547127
0.63261396,1.1544605
2.372215,1.1598295
0.99072325,1.1552231
4.5726466,1.1644325
1.8377287,1.155517
0.006264762,1.1584656
0.0038603286,1.1572671
3.3353674,1.1588434
4.1757402,1.1543038
4.264869,1.1636231
0.5102081,1.1549219
3.830416,1.1543671
3.689306,1.1576308
1.3418664,1.1529155
3.3618033,1.1617137
0.010748366,1.155145
0.77295446,1.1539246
1.0200261,1.1533277
0.0,1.1519958
1.1615913,1.1524831
0.0040705446,1.1483899
1.2822059,1.1662816
3.6191876,1.1624876
0.5574054,1.1590261
1.9840589,1.1665257
3.2254446,1.1617856
0.62158185,1.1568404
1.8892173,1.1655098
1.0155278,1.1641282
3.11057,1.1687385
0.13356346,1.1596582
1.1536212,1.1592212
0.0,1.1623629
2.0980592,1.1621464
2.3297083,1.1572591
3.8867495,1.1671051
2.7181818,1.1571139
2.0856028,1.1614927
2.1294167,1.1657907
0.0,1.1416667
0.5095139,1.1496698
0.0029791666,1.1467987
0.0015226852,1.1675528
2.9067678,1.1596552
1.6582222,1.1639792
1.9971423,1.1594664
1.0052233,1.1631292
0.0,1.1522657
0.57182664,1.1611809
2.7784526,1.1657343
0.8501311,1.1591941
1.300507,1.1543744
2.6069677,1.1638592
1.3837138,1.1545821
1.1024513,1.1581932
1.05299,1.1621734
0.0028580118,1.1492813
0.0016550926,1.15373
0.005107143,1.1516533
0.0022792793,1.1493616
2.4645095,1.1620413
1.3384608,1.165934
1.7457138,1.1613024
0.9438192,1.1647246
0.0,1.1506549
1.715007,1.1670614
0.93508595,1.1614028
1.1707077,1.1568481
2.2744613,1.1660551
0.0133337835,1.1589712
1.3208016,1.1571269
1.1052709,1.1593355
0.92171574,1.1632175
3.922206,1.1574279
1.1291296,1.1538585
2.613534,1.1612984
0.8513911,1.1524199
3.7477918,1.157389
0.5824271,1.1522902
1.6503316,1.1608623
0.5791116,1.1551886
0.0,1.1364468
0.7765694,1.1607196
2.5702927,1.1649598
0.018519145,1.1567175
1.0963334,1.155833
1.7740058,1.158606
1.7967685,1.1533667
3.9779122,1.1629053
2.4044862,1.1535833
1.8361666,1.1575722
0.0,1.1547786
1.352619,1.1614796
0.59915894,1.1526238
0.003383745,1.1476077
0.8078526,1.1441649
0.024471726,1.1625432
0.0022745505,1.1645166
1.1283404,1.1524392
0.0052372613,1.1497693
0.0,1.1383668
0.0023425927,1.1505692
0.0028256015,1.1555587
2.548091,1.1614329
1.3497868,1.1650587
2.2686503,1.1616467
1.0905018,1.1648915
0.021083333,1.1619601
0.8167408,1.1646415
2.4565988,1.1689626
0.866457,1.1598762
0.0,1.1506555
1.3573261,1.1616179
1.6735206,1.156619
2.4701338,1.1661106
1.793,1.1566645
1.6740167,1.1613619
1.2529523,1.1651806
0.0066849594,1.1574533
0.0,1.140226
0.005481667,1.1651226
0.06525794,1.1516718
0.5971101,1.168289
4.2485423,1.1629301
0.9225681,1.1596018
2.505265,1.1667838
0.24383965,1.1606327
0.60786283,1.1582111
3.8607526,1.1629132
1.0033407,1.1581756
2.7542033,1.1664724
0.61179316,1.1599224
1.2684805,1.1655449
0.5048904,1.160921
4.875,1.1700531
1.9094851,1.1610819
3.0402496,1.1636032
3.129118,1.158882
4.4287424,1.1683974
3.6552346,1.1590135
2.7592077,1.162274
0.70043516,1.1576478
2.3097231,1.1664616
0.004350529,1.1595474
1.1175652,1.157864
0.8244935,1.1508595
0.024042398,1.1527315
0.6916121,1.1690218
4.2779603,1.1609507
0.72967076,1.1573786
2.3563335,1.164653
3.8438222,1.1614395
0.5938472,1.1565243
1.8190559,1.1647428
0.0,1.1389163
1.986805,1.1648854
0.7276549,1.1599909
3.5285788,1.1691749
1.1687884,1.1598946
0.013051587,1.1417469
0.01661111,1.14432
2.1819317,1.1611505
1.7871352,1.1561846
3.613463,1.1654762
1.5865161,1.1559919
2.0099444,1.1613144
1.2294595,1.165079
0.7809724,1.1684679
2.494938,1.162744
1.3086861,1.1666834
1.6174043,1.1624186
0.7900049,1.1657802
0.68013275,1.1648084
1.6998523,1.1692978
0.73232865,1.1618828
0.7219412,1.1571065
1.888214,1.1666851
0.042399634,1.1587832
0.8239657,1.1565937
0.6828856,1.1619923
0.5352382,1.1660295
0.0037674685,1.1495385
0.0,1.1462717
0.005038297,1.1453196
0.0029366072,1.1449556
4.034636,1.164771
1.1606722,1.1614684
2.6057663,1.1688608
1.2012,1.1602799
3.54315,1.1655953
0.98570937,1.1606961
2.206905,1.1691064
1.0215833,1.1627731
0.50171185,1.1608891
0.53145427,1.1608734
0.0024471725,1.1513399
2.5193703,1.1657659
0.9201369,1.1613959
4.1233544,1.1702718
1.6661154,1.1615725
0.0010003041,1.1564156
2.755025,1.1645383
2.7942178,1.1602218
3.9856882,1.1692545
2.9645598,1.1601157
2.9362597,1.1646038
1.0963334,1.1601871
1.8175247,1.1685658
0.5434573,1.160776
0.85910153,1.1604005
0.8569355,1.157405
0.0,1.1554035
0.0025652149,1.1692983
0.9358597,1.172166
8.761966,1.1559104
3.1367314,1.1519102
6.509479,1.1601998
0.9698333,1.1537102
0.65257937,1.1527897
3.0981824,1.1516452
0.81452936,1.1512059
0.01957738,1.1552936
7.554663,1.155006
1.74317,1.1499442
4.3522544,1.1587907
0.99091667,1.1513935
0.6608037,1.1505677
2.4517088,1.1582831
0.8287758,1.1535734
5.173323,1.1630117
0.006739754,1.1598352
1.1812831,1.1542863
3.6620579,1.1571019
3.4071393,1.152147
7.3126564,1.1621383
3.5710049,1.1530085
0.007830952,1.1603044
3.7588573,1.1545981
0.96581745,1.1497424
3.0663073,1.1588002
0.7054276,1.1506704
0.0,1.1420239
0.9136111,1.1469616
1.4438318,1.169309
1.2292222,1.1613687
8.045152,1.1632015
3.3199449,1.1593958
6.500028,1.1669127
1.2188647,1.1613075
0.46383333,1.1606692
4.922591,1.1586
1.8582587,1.1579282
5.618708,1.1628795
1.134138,1.157903
3.528823,1.1661061
0.8097917,1.1597807
0.87119347,1.1596256
0.024916667,1.1599205
0.7221042,1.1580797
0.52412426,1.157673
0.0,1.1516865
0.74777085,1.1652642
2.6439352,1.1696472
1.5663356,1.1643564
1.78365,1.1596913
4.166447,1.1690115
1.8123307,1.159642
2.161521,1.1618952
2.8380888,1.1657339
0.81430554,1.1573076
0.0,1.1611583
0.005958333,1.1542141
0.0,1.15089
1.3212456,1.1531523
0.0,1.1505034
0.0016314484,1.1511917
1.379098,1.1753348
0.006374031,1.1519052
0.56298196,1.1685208
0.0020646579,1.1357491
0.7695417,1.1645981
0.0022032422,1.1526644
0.0037545662,1.1508046
0.0022465847,1.1350487
0.0,1.1357425
0.0,1.143451
0.0,1.1348988
0.0027896522,1.1289784
0.0053479676,1.1477879
0.8884868,1.1675566
0.5262915,1.1596729
0.012181481,1.1408356
0.0,1.1390535
0.004766667,1.1362039
0.0019033565,1.1384279
0.008527037,1.1605712
0.0,1.1492177
0.0,1.1466402
0.0017682796,1.133339
0.0,1.1262506
0.0,1.1594985
0.0,1.1257851
0.0008181592,1.1527779
0.0,1.1331851
0.0,1.1274205
0.0,1.1338779
0.0019301643,1.1334532
0.0006903862,1.1572651
0.0024471725,1.1595752
0.0,1.1498147
0.6951087,1.1629184
0.003513889,1.1410762
0.0036254409,1.1424499
0.0,1.157629
0.0020403226,1.1299762
0.0,1.1566343
0.0009625402,1.133475
0.0026481482,1.1530491
1.107597,1.1545991
0.0,1.1518128
0.0,1.134159
1.3973757,1.1668913
1.0154563,1.1581217
0.0,1.1569775
0.0,1.1301962
0.011963955,1.1490301
0.0012989731,1.1487705
0.5231362,1.1591779
2.438274,1.1627986
1.7333919,1.154376
0.0066310484,1.1578532
0.0039015422,1.1541048
0.0,1.1539545
0.005123053,1.1502937
0.0030009125,1.1428292
0.0042825523,1.153253
0.0065257936,1.1580328
0.82012534,1.1615009
0.0,1.12952
0.6784906,1.1659149
0.004965278,1.1353933
0.0025456657,1.1572803
0.0018858945,1.1552706
0.0047255745,1.1291645
0.0055184565,1.1451112
0.0014324913,1.1396711
0.005958333,1.140902
0.0009978762,1.1407467
0.0071190475,1.1481878
0.0014230703,1.1505561
0.0021926668,1.1525666
0.0013177083,1.141725
0.002119201,1.1449822
0.007613426,1.1494142
0.0,1.1392096
0.0,1.1386031
0.00050198415,1.1691241
0.0026870915,1.1508983
0.0030453703,1.1562214
0.0010265294,1.1415844
0.003079588,1.1432532
0.0018272222,1.1268665
0.0018151214,1.1291193
0.80751437,1.1595162
0.7511271,1.1509265
0.0,1.1273977
0.0022651516,1.1363938
0.013208835,1.1462097
0.0,1.1289679
0.0014219629,1.1436912
0.0,1.1416388
0.003164021,1.1289691
0.005958333,1.1531408
0.09225244,1.1634799
0.71500003,1.1668125
0.0,1.1647843
0.0,1.1302234
0.011420139,1.1526806
0.0018519145,1.1317731
0.0072604856,1.1619847
0.003806713,1.1593827
0.0,1.1596967
0.0033022088,1.1567556
0.003299724,1.1481591
0.0020006082,1.1382381
0.0010265294,1.1393362
0.8716749,1.1670345
0.5087215,1.1587125
0.0,1.1432617
0.0,1.1399413
0.002905477,1.1347147
0.005270833,1.1325506
0.0030453703,1.1401478
0.0015311919,1.1333216
0.0015661905,1.1505698
0.0,1.1500195
0.0017682796,1.1572988
0.0011491964,1.1324184
1.2083104,1.1642865
0.65678954,1.1554908
0.0015059524,1.152846
0.001986111,1.1345928
0.0,1.1272745
0.0006359242,1.125451
0.0,1.1293262
0.001986111,1.1258037
0.003495961,1.1375408
0.0020705068,1.1545054
0.0030453703,1.1547453
0.030149167,1.1523572
0.55294716,1.1637324
0.0051326468,1.155918
0.0010541667,1.1542693
0.00145789,1.1465048
1.2503127,1.1667255
0.75088036,1.1584369
0.0013704167,1.1480441
0.0011420139,1.1669441
0.0026103174,1.1497804
0.082225,1.1636485
0.0,1.1563092
0.0,1.1443158
0.00047916666,1.1449403
0.0026103174,1.1455294
0.5073861,1.1657454
0.0,1.1492833
0.0,1.1430457
0.0,1.1368394
0.0,1.137895
1.8647037,1.1638519
0.8546417,1.1559576
0.003915476,1.1602103
0.001845679,1.155762
0.1265,1.157847
0.0,1.1430498
0.0,1.1586
0.002045398,1.1669471
0.0,1.1477717
1.0022451,1.1690354
0.0,1.1650131
0.0,1.166097
0.0015935077,1.1654508
0.0,1.1401445
0.005481667,1.1429704
0.0,1.1440492
0.0,1.1451514
0.0,1.1519969
0.0,1.1525806
0.0,1.1512318
0.0,1.1555442
1.1113061,1.1486557
3.3540661,1.1497337
0.52369493,1.1459222
1.3204606,1.1532978
1.4606737,1.1611073
0.59776676,1.1519519
0.0,1.1421187
2.3544006,1.1566948
0.0029954463,1.1404077
0.0047255745,1.1618446
0.001539794,1.1437789
0.0,1.1482583
1.2938346,1.1474216
1.5219601,1.1486305
0.0034694092,1.1331557
0.0082225,1.1327972
0.004894345,1.1386639
1.3841208,1.1601113
0.5048287,1.1515257
0.0186875,1.1591386
2.0936005,1.1561736
0.030453704,1.1447762
0.005374183,1.1533035
0.0069388184,1.1372491
0.0,1.1342611
0.008305555,1.1341971
0.010259804,1.1347027
0.005339286,1.1620717
1.6360232,1.152064
0.013051587,1.1471163
0.008841398,1.128347
0.8782248,1.1587975
0.0062103476,1.1497195
0.0,1.148801
0.0025378086,1.1611298
0.0,1.1474671
0.72160554,1.1483337
0.026664216,1.1444622
0.86055875,1.1434311
1.0890169,1.1475283
1.2735938,1.1423713
0.94521713,1.1510893
0.54591084,1.1555214
0.006788442,1.1471466
1.7881526,1.1529033
0.0022792793,1.1386985
0.0037205883,1.1461467
0.0,1.1452662
0.8339297,1.1502442
0.0,1.136841
0.006411306,1.1523622
0.0014656862,1.1507922
0.0,1.1318358
0.0,1.1316717
0.0,1.1335955
0.0022328582,1.1320186
0.0051090093,1.1306332
0.007341518,1.15398
3.3232605,1.148674
0.82003963,1.1428655
4.3502374,1.1487861
1.1543125,1.1440934
1.8158021,1.1521971
0.0,1.1364244
0.009616959,1.1311605
1.6744419,1.1614946
0.51262003,1.1520408
0.0,1.1315235
0.003011905,1.1302025
2.9043422,1.1579231
0.7738271,1.1484659
0.73252034,1.1513475
1.1080798,1.1548837
0.0,1.1334193
2.6152356,1.1494945
4.181163,1.1491939
0.8903344,1.1436527
2.3714166,1.1524485
0.60298336,1.1464328
0.0046383333,1.1401414
2.5589895,1.1555129
0.004397059,1.1496602
0.65825874,1.1466872
0.8592883,1.1500329
0.71999586,1.1454592
3.73175,1.1542449
1.39002,1.1451378
0.9871798,1.1486837
1.4738443,1.1524351
0.007027778,1.1446782
1.7184516,1.1494646
3.5346544,1.1493336
0.5113495,1.1448067
1.6590961,1.1529318
1.4923712,1.1597558
0.009259572,1.1519241
0.012211634,1.1585555
2.568097,1.1571375
0.7508639,1.1472496
0.6892628,1.1548508
0.008655263,1.1481897
0.0066044177,1.1374528
0.0,1.131519
0.0029003527,1.1333519
0.0,1.1361357
0.0031944443,1.1564361
0.00055821455,1.1650075
1.0332794,1.1504781
0.0070367996,1.1488653
2.1111996,1.1501445
0.50927234,1.1447242
0.8935487,1.1534094
0.6758534,1.1581594
0.0034606482,1.1396416
1.4497031,1.1550808
0.0022726646,1.1459135
0.0016883984,1.1530857
0.007546725,1.1400301
0.0041976725,1.1408907
0.0018353795,1.1452956
0.004339931,1.1531625
0.0023627873,1.1427208
0.0031028301,1.1565971
0.8876404,1.1511453
2.1126459,1.1507957
0.74825794,1.1536609
0.52325,1.1590856
0.0,1.140905
0.0,1.1393441
1.3111793,1.1567298
0.0042603626,1.147237
0.0017251509,1.1394173
0.001539794,1.1415282
2.2796092,1.143505
4.213605,1.1439601
0.60969555,1.1391283
1.8642606,1.1475216
0.005270833,1.1253964
0.69610935,1.1557493
0.0,1.1280956
0.0,1.1225392
2.6046429,1.1522447
0.6742833,1.1429523
0.0049833334,1.1401893
0.0054273927,1.1461495
0.0013468468,1.1344682
0.0012904112,1.1352564
1.0983711,1.1501367
2.754269,1.1509196
1.0827984,1.153926
0.0,1.1368874
1.0439351,1.1617917
0.0045935754,1.1532782
0.0008181592,1.1592333
0.0057100696,1.1323036
1.636131,1.1577822
0.0031503832,1.1407449
0.010151234,1.1527455
0.10783607,1.1614728
2.3060596,1.1502876
4.1880465,1.1508268
0.8338778,1.1464261
1.9324318,1.1539875
1.5619448,1.1615127
0.00145789,1.1369985
3.2400656,1.1580421
1.1195674,1.148908
1.0459769,1.1552728
0.00433905,1.1305434
1.5944065,1.1482697
0.005054019,1.1508085
0.0014815315,1.1502963
3.6617954,1.1491308
0.55050427,1.1444165
1.2483832,1.1522483
0.0048387977,1.1325172
1.4804676,1.1607379
0.52544475,1.1513201
0.0047012577,1.1314911
0.0039477022,1.1527056
2.508833,1.155641
0.0022651516,1.1425482
0.0026870915,1.129851
0.31821012,1.1601275
0.87923485,1.1499021
2.1434174,1.1504439
0.70463157,1.153534
0.0035537547,1.1468128
0.0,1.1370107
0.7448772,1.1603359
0.0011916667,1.1566348
1.0892094,1.1565303
0.004621979,1.1386893
0.0046851854,1.1531512
2.2672405,1.1538304
0.15133436,1.1505756
0.004554255,1.1583425
3.929662,1.1546654
0.6669644,1.1495925
2.0954113,1.157712
2.33176,1.1606411
0.7275501,1.1521724
0.0026959016,1.1519325
0.0018031799,1.1560335
0.6366124,1.1552628
0.5409739,1.1510708
0.0065867826,1.1552758
3.0459018,1.1592962
1.0634761,1.1505102
0.005985728,1.1596116
0.70591474,1.1548688
1.1853398,1.1583503
0.0,1.1513969
0.57841665,1.163353
0.9607836,1.1446913
0.7837512,1.139944
2.7740731,1.1441557
2.4409971,1.1394823
2.515869,1.1474744
0.0,1.1367077
2.458072,1.1543263
0.0012346096,1.1453433
0.0,1.1377406
0.5600098,1.1472143
4.720571,1.1515677
0.01390965,1.1450127
0.59520674,1.1427406
1.5703769,1.1479231
0.0017855592,1.1319507
0.0048510325,1.132445
0.002396357,1.1374629
0.0038940802,1.1544772
0.0019066667,1.1491102
0.0020202703,1.158175
0.5298945,1.1535598
1.8742464,1.1507093
1.9170774,1.1453938
2.478413,1.1509391
1.7218056,1.145996
1.7858694,1.1537939
0.8975164,1.1605433
0.008108974,1.1541239
2.474285,1.1583463
0.8111084,1.1541861
0.0046454803,1.1367642
0.013842593,1.1362097
0.009886773,1.1551905
0.0,1.1472075
5.8691864,1.1626267
2.9588177,1.1598929
3.569016,1.1667358
1.1420139,1.1615487
1.9657187,1.1619862
1.3632905,1.1585222
5.1742425,1.163653
1.8852694,1.1595894
3.1695552,1.1676987
0.0,1.1468986
2.0231307,1.1666247
3.0287313,1.1716977
0.6550079,1.1625121
1.3611104,1.1633316
3.4449553,1.16846
1.3214957,1.1590904
1.2346902,1.1638491
1.131623,1.1681083
0.0017972678,1.1526303
0.0019347059,1.1541839
1.9408867,1.1514226
0.002060777,1.1522585
0.5946854,1.1767184
0.66610557,1.1681209
1.3673713,1.1724662
3.7983673,1.1614558
1.4087883,1.1567713
2.6051667,1.1649125
0.53262585,1.1583642
0.9002551,1.1593837
1.6682725,1.158945
1.5500344,1.157212
0.028699826,1.1614739
2.8666978,1.162826
1.573,1.1566925
1.4107231,1.166181
0.550395,1.1598688
1.8643006,1.1669549
2.7232854,1.1712081
0.74971133,1.1626463
0.016474955,1.1526457
1.1044682,1.1641372
0.29069445,1.158559
2.698158,1.1687129
0.053486165,1.1599404
1.2825263,1.1598523
0.92290205,1.1631742
0.7506146,1.1669472
0.017265093,1.1515788
0.0124286,1.1499158
1.5395377,1.1507424
0.01426456,1.1466808
0.01872619,1.1497221
0.013051587,1.1513716
0.5721648,1.1749543
0.015741272,1.1548387
0.5174092,1.1678201
1.7613461,1.1711818
0.12964937,1.1646974
0.017726783,1.1638838
2.1822722,1.1657082
1.1127455,1.1623305
1.1353452,1.1690611
0.63094354,1.1651655
0.0085493885,1.1623716
0.6885185,1.1607534
1.830552,1.1665589
0.5674006,1.1618778
0.81450206,1.1698846
1.1913716,1.1733686
1.0912733,1.1711184
0.0035595237,1.1632627
0.5862133,1.1513754
0.016009541,1.1533365
0.5104306,1.1742936
3.759794,1.1585034
2.2669737,1.1546499
2.4806864,1.1626858
0.77590644,1.1565298
1.0412719,1.1560093
1.2829251,1.1544861
3.5967577,1.1583017
1.4062344,1.1531833
2.6542377,1.1623175
0.0033022088,1.1531467
0.63804334,1.1648751
1.5654167,1.1636125
0.62786084,1.1608793
0.025979463,1.1563019
0.518647,1.169397
0.0050137197,1.1509562
0.0,1.1575805
4.1827703,1.1640738
1.134138,1.1605564
1.617507,1.166935
3.8897908,1.1663406
0.8584497,1.1616517
1.378807,1.1693109
0.0019033565,1.146845
0.54382044,1.1707746
1.3016185,1.1747707
0.0,1.1537222
1.5412866,1.1713988
0.0028159246,1.1665181
0.006325,1.1503562
0.017682796,1.1524627
0.0044502546,1.1717625
0.0,1.1652713
0.6556503,1.1746589
4.7131224,1.1627938
3.007373,1.159005
2.986493,1.1663021
0.67897916,1.1608025
1.0675582,1.1613188
1.304875,1.1615647
2.099229,1.1580844
0.53471756,1.1573778
4.776536,1.163233
1.9490371,1.1579813
3.1153235,1.1668229
0.57179457,1.1586033
2.4097722,1.1676935
0.66007054,1.162641
3.3829346,1.1721582
0.012356216,1.164693
0.7792675,1.1628937
0.0023627873,1.167216
1.1085148,1.1653179
2.8921373,1.1699973
1.0807086,1.1605489
1.3536605,1.1641407
1.1226875,1.1679912
0.012371818,1.1605253
0.015856061,1.162009
0.55541116,1.1481937
2.4042318,1.1502615
0.0097192675,1.1482998
0.7664182,1.1765844
0.0,1.1552259
0.64210135,1.168624
2.0765843,1.1724747
0.103492044,1.1652433
4.1812286,1.1580926
3.0716627,1.1545026
2.7486846,1.1624628
0.76328385,1.155288
1.2257171,1.156329
2.0964606,1.1558654
2.7149258,1.1542639
0.79522485,1.1534446
3.2604847,1.1587211
1.7108456,1.1536893
2.347452,1.1625913
0.60422915,1.1547852
0.0021926668,1.1560639
0.90159553,1.1598672
2.7278087,1.1647029
0.0031004902,1.1636448
0.0038303572,1.1548764
0.92428774,1.1586386
0.7324641,1.1545342
2.8161943,1.163739
1.2904875,1.1543727
0.91585034,1.1571186
0.7835862,1.1614271
2.1531224,1.1517372
0.59749585,1.1696371
0.009859113,1.1481268
0.9243595,1.1663135
4.3969007,1.1632518
2.769626,1.1598624
2.8460138,1.1671076
0.9641475,1.162129
1.8318835,1.1623143
1.5332673,1.1587418
3.5038493,1.1634194
1.5191307,1.158455
2.0676162,1.1673179
0.7368902,1.1653898
1.7508185,1.1701574
0.63499165,1.1637597
2.120026,1.1689123
0.8949159,1.1589482
0.63096666,1.16297
0.5505026,1.167236
0.0055935374,1.1413382
0.0,1.1476041
0.0031625,1.1431872
1.833523,1.1506317
0.022210201,1.1446341
0.58335304,1.1705137
0.016971104,1.162016
2.493527,1.1601808
1.1936778,1.1565715
1.2717164,1.1642705
0.77462476,1.1575493
0.5795249,1.156355
0.009242009,1.1600189
2.309455,1.1605333
0.82822275,1.1552328
1.4377561,1.16424
1.3485886,1.1670924
1.735181,1.1650127
0.8165494,1.1580325
0.5821851,1.1557621
0.0021638158,1.1545123
0.6249438,1.1545616
0.0018730068,1.1507441
2.7375367,1.1626285
1.3784161,1.1591529
1.2342039,1.1663786
0.70862687,1.1593763
0.7797585,1.1589214
1.8182935,1.1624542
0.5669252,1.157641
0.90231556,1.1659776
0.0022283199,1.1505021
0.0,1.1527561
0.6537223,1.1688696
0.0020763888,1.1561358
0.9653783,1.1676277
0.01850664,1.1610204
0.021997463,1.1533321
0.68480957,1.1536418
0.013178638,1.151624
0.0035595237,1.1633626
0.0007898655,1.1648489
4.991417,1.1583365
3.6128564,1.1548362
3.8673015,1.1619762
0.6814708,1.1568321
1.3461101,1.1572342
2.0949373,1.1573961
2.2780564,1.1535784
0.54793555,1.1528337
5.367896,1.158806
1.9820286,1.1538523
3.3993948,1.1622897
0.75295925,1.1540992
0.0013773032,1.1381887
1.5253094,1.162461
3.2230408,1.1667035
0.0041685677,1.1614022
0.78947604,1.1577127
1.0353286,1.1604189
3.4581797,1.1646739
1.3920735,1.1556389
1.1402378,1.1588621
1.015396,1.1625553
0.642553,1.1422969
0.004350529,1.1455759
2.5050108,1.144466
0.00083055557,1.1452407
0.003771789,1.1678495
0.6058684,1.1726348
1.5035799,1.1677016
2.2587535,1.1552207
3.3375494,1.1572207
1.1317662,1.1606357
0.0019671053,1.1346477
0.0,1.1347967
0.0010039683,1.1334097
0.0044385963,1.1334118
0.0,1.1423622
0.6143437,1.1612633
0.7403888,1.1655601
0.052935705,1.1563364
0.6328176,1.1604654
0.0014735663,1.1412117
0.004015873,1.1482216
0.0028850876,1.147735
0.001611307,1.1620666
3.4892697,1.1630714
1.9836781,1.1595718
2.126067,1.1664939
0.6103733,1.16182
1.352444,1.1621116
1.3825864,1.1582854
2.83248,1.1641761
1.3079673,1.1591543
1.5146711,1.1675845
0.0,1.1393021
0.0,1.141476
0.0,1.1477095
0.7196469,1.1670127
1.7111349,1.1714271
1.6524733,1.1688497
0.7397927,1.1594051
0.5509492,1.1637784
0.5446973,1.167549
0.006876643,1.1602427
0.0,1.1466718
1.2784661,1.1502682
0.009616959,1.1544582
0.7616967,1.1721472
5.496471,1.1636235
3.742831,1.1602743
3.427299,1.1672438
0.6912301,1.1616224
1.3574144,1.1624446
2.21477,1.1615281
2.0968294,1.1592616
4.4201617,1.1648266
2.0063589,1.1599337
2.9016364,1.1685296
0.582715,1.1606178
0.0024736763,1.1515425
1.086702,1.16751
2.6138284,1.1721013
0.0046454803,1.1499989
1.0530571,1.165294
0.5855114,1.1607498
3.198643,1.1702204
0.61185706,1.1630856
1.617434,1.1609156
1.1247357,1.1641005
0.9774686,1.1681832
0.0011051748,1.1484088
0.0021666668,1.1481723
2.5600986,1.1517272
0.0011209953,1.1526259
0.53331697,1.1772612
0.0060623786,1.156196
1.0898516,1.1723632
5.2738566,1.1625091
3.478534,1.159099
3.5530376,1.1661482
0.54527926,1.1611987
1.4605738,1.1615853
2.3143404,1.1614492
0.0136528695,1.159133
1.6446475,1.1571807
4.9462748,1.1635576
2.1617048,1.1587365
2.926279,1.1671156
1.9301552,1.1675264
2.7603147,1.1720256
0.013877637,1.1647469
0.51600426,1.16273
0.0021861084,1.1528069
0.0026908603,1.1496729
1.426413,1.1634825
0.5343002,1.1589339
0.048367646,1.1594356
3.4763527,1.1681471
1.4169997,1.1585871
1.5008571,1.1637019
1.2320143,1.1675588
0.011232924,1.1461426
2.161012,1.1481562
0.0053317123,1.1489636
0.002055625,1.1459442
0.04222854,1.1675545
0.646637,1.1761388
1.5153508,1.1727266
2.3649914,1.1633245
1.4958254,1.1600246
1.3406795,1.1672983
0.9302745,1.1624743
0.85398424,1.1587135
2.3172746,1.1642402
0.8487191,1.1593354
0.005958333,1.1616225
1.103546,1.1679491
0.003011905,1.1426781
1.129698,1.1716918
0.0,1.1502517
0.0018645125,1.1463462
1.3750154,1.1687412
0.89100736,1.1608839
0.0051771295,1.1601864
0.008476804,1.1563288
0.0018333334,1.1518205
0.004535658,1.1497226
0.0037244183,1.1505932
0.0043021585,1.1469313
0.8263797,1.15049
0.003007184,1.1489321
0.0011813936,1.1673788
4.0962095,1.1645465
2.9058523,1.1613497
0.2983692,1.1646067
2.652249,1.168669
0.60019606,1.1621803
1.0373487,1.162933
1.8994509,1.1627065
2.3550284,1.160534
0.6146432,1.159993
3.6481383,1.1663536
1.7508607,1.1615545
2.152184,1.1701165
0.5820338,1.162264
0.0039379788,1.1536397
0.997233,1.1669837
2.4477494,1.1716548
0.0,1.1587201
0.001957738,1.1663376
0.9789273,1.1657015
0.558915,1.1617191
2.5889735,1.1706723
1.2264293,1.1615998
0.880869,1.16537
0.8895986,1.1694859
0.0038603286,1.1655344
0.0019060037,1.1611594
0.0051326468,1.1537277
1.9855586,1.1577698
0.69929487,1.1767763
1.065687,1.1734322
6.0420775,1.1572888
4.106059,1.1530794
0.53941935,1.1565126
4.7671556,1.1613692
1.1774002,1.1543486
2.5775902,1.155244
3.2812793,1.1541086
3.0152183,1.1536916
6.007627,1.15694
2.5902805,1.151615
4.8020415,1.1607627
0.23351504,1.1528615
0.8175993,1.153279
0.002045398,1.1450742
2.2082508,1.1604613
4.1335297,1.1651645
0.0,1.1545867
1.3510928,1.1594572
4.8829813,1.1645144
0.5201077,1.1576496
1.0012139,1.1556089
0.9787302,1.1565253
2.436756,1.1605958
0.0010401645,1.151796
0.62237185,1.1480564
0.3976567,1.1437136
1.6206666,1.170154
0.6280009,1.1602999
1.8281093,1.1642438
0.06583852,1.1558477
4.4258127,1.1641555
3.1685696,1.1601528
3.4260416,1.1678846
0.8036681,1.1615877
0.0025856919,1.1623458
1.2410146,1.1621168
1.3789595,1.1614879
1.887334,1.1601993
5.0732675,1.164215
1.8507993,1.1589481
3.9078362,1.1677284
0.025507756,1.1621314
0.0059908926,1.1501119
0.8992336,1.1709143
0.001986111,1.1699378
2.2054007,1.1703964
1.4070673,1.1669539
0.004705293,1.1566943
0.005204114,1.1521999
0.00084074645,1.1583875
0.0019537508,1.1524976
0.0007613426,1.1580424
1.1746429,1.1758443
0.014425439,1.1403073
3.0683653,1.1447308
0.8928613,1.1481084
0.0014296448,1.1373097
1.1090411,1.1566507
0.00090456544,1.1273409
0.0013983843,1.1348883
1.3969408,1.1512048
0.0038969195,1.1310948
0.004346348,1.1365676
0.0018645125,1.1459979
0.90963274,1.1556922
1.1753484,1.1452497
0.5481667,1.1397432
0.012748062,1.1403623
1.0603426,1.155755
0.017601682,1.1467403
0.09660901,1.1465862
1.2539313,1.1502206
0.023833333,1.1318552
0.008728769,1.1331333
0.021160847,1.1468672
0.96803904,1.1552235
1.1257745,1.147075
0.0028431881,1.1242496
0.0008701058,1.1484805
0.0022624803,1.1224605
0.0035839041,1.1323763
0.001742055,1.1352546
0.0016461462,1.1391279
0.028550347,1.1368899
0.0047255745,1.1346468
0.0044931695,1.1437931
0.0,1.1299081
0.0027967687,1.1337241
0.0015026499,1.142353
0.0,1.1323804
0.0089375,1.1328069
0.0,1.1446579
0.006254338,1.1441374
0.0008618973,1.1556395
0.003537902,1.1330436
0.0006090741,1.1244818
0.001542683,1.1320195
0.0029817596,1.1465698
0.0013026774,1.1326721
0.0032641923,1.1496412
0.0028850876,1.1513165
0.00598,1.1520734
3.6297522,1.1432968
1.2978652,1.1462909
0.0022404632,1.1236844
0.79714316,1.1567013
1.386093,1.151362
0.0031145834,1.1300306
0.00352897,1.1239554
0.6925172,1.1561123
0.0,1.1479023
0.7911613,1.1449176
3.6376605,1.1444472
0.77903867,1.1389571
1.4238726,1.1481212
0.0036222467,1.1376488
1.3826891,1.1494297
0.0016217949,1.1375977
0.0035727809,1.1416297
2.0335417,1.1480523
0.5326083,1.1384268
0.006173048,1.138204
0.0026481482,1.1423345
0.8934685,1.1529019
0.41712683,1.1407142
2.86127,1.1439234
0.8543839,1.1471703
0.013369919,1.1394821
0.003383745,1.1491588
1.1097344,1.1515596
0.005204114,1.1451348
0.0021329443,1.1413717
0.0021357143,1.117165
0.0025822117,1.1328691
0.0042825523,1.1350898
0.0036412037,1.1344752
0.0028699825,1.1450462
0.0022465847,1.1467782
1.3816664,1.1463796
0.00437367,1.1476921
0.0036222467,1.1353804
0.0036507002,1.1400336
0.52233315,1.1488892
0.004035202,1.1408569
0.0016661601,1.1405824
0.003011905,1.1409531
0.003132381,1.137456
0.0013093153,1.1420891
1.1995124,1.1459166
0.0041951532,1.1356492
0.0024992402,1.1485568
0.0,1.1342658
0.001186508,1.1410546
0.0014109825,1.1363896
0.0028550348,1.1361253
0.001727416,1.136499
0.0037417521,1.1399195
0.0010003041,1.1363813
0.0030623837,1.1440011
0.0009483852,1.151849
3.4141986,1.1399026
1.2944802,1.1432674
0.0027408334,1.1275542
0.0,1.1292886
0.007137587,1.1219596
0.0,1.1164993
1.2502913,1.1483301
0.19532633,1.1386918
0.0014055555,1.1356846
0.004531801,1.1246818
0.002514526,1.1187937
0.0038603286,1.124043
0.0023064516,1.1203381
0.003068097,1.1350019
0.0032726368,1.1323053
0.0014936421,1.127395
0.0010003041,1.1410968
0.004970423,1.1235889
0.0055370373,1.1357454
2.2746623,1.1474158
0.77557206,1.1502856
0.0,1.1342046
0.0037935409,1.1295165
0.0,1.152788
0.7676041,1.1533765
0.0015751916,1.1258204
0.0060459557,1.1305943
0.005894265,1.1240047
0.0011372752,1.1534709
0.5644565,1.1419302
0.0031185208,1.144453
0.017771974,1.1407613
3.4612176,1.1453713
0.5997588,1.1415133
1.1872472,1.1480814
0.07765347,1.1398207
0.6285296,1.1564366
0.0053323605,1.1324819
0.0009990887,1.1499262
0.0,1.1503224
1.5199295,1.1510607
0.0033557522,1.124359
0.0013435457,1.1290594
0.0036544444,1.1516439
0.006915781,1.1448357
0.004121554,1.1485153
0.52254283,1.154716
0.006249457,1.147431
0.01984929,1.1476377
3.584892,1.1468992
0.3802727,1.1424891
1.0171151,1.1498733
1.0252517,1.159212
0.0025615266,1.1315804
0.0,1.1393982
0.0027967687,1.1519731
0.0017814144,1.1491842
0.0025905797,1.1187047
0.0010963334,1.1306671
0.015959283,1.1449138
1.5211816,1.1529535
0.001986111,1.1251007
0.0021856725,1.1306263
0.0016431855,1.1276037
0.9180461,1.1586837
1.7616417,1.1488923
0.50626314,1.1588938
0.0007529762,1.1343086
0.0008591954,1.1319016
0.00433905,1.1349939
0.0016122549,1.135161
0.027408333,1.1303897
0.001957738,1.1316507
0.0033390864,1.1273947
0.85351104,1.1492413
3.186246,1.1502467
0.6620237,1.145209
1.2771719,1.1535562
0.0,1.1418067
1.5291572,1.1552646
1.8585182,1.1533432
0.0038238955,1.1476153
0.0024526473,1.145567
0.0020418128,1.1401272
0.0035233432,1.1387793
0.0035996533,1.1527224
1.0581396,1.1582681
0.0032245098,1.1368464
1.533218,1.1403683
0.55935377,1.1359798
1.092727,1.1432823
1.0672407,1.1490327
2.1111293,1.1451312
0.0,1.1297662
0.0,1.1307372
0.0029003527,1.1316897
1.1794822,1.1491963
0.0046454803,1.1478955
1.2470791,1.1450545
0.6143247,1.1401922
0.8031279,1.147758
0.024183823,1.1334822
0.0,1.1375023
0.0,1.1477197
0.0035595237,1.1466511
0.0,1.1362519
0.0,1.1279007
0.7491611,1.150968
0.012458334,1.1356158
0.010963334,1.1378857
0.0,1.1323153
0.0,1.1351873
4.3869934,1.1607412
2.0709941,1.1581733
1.2941333,1.1648047
0.0027339985,1.1588662
0.005782349,1.1572715
0.008198278,1.1567136
5.4405913,1.1599497
1.638955,1.1560102
3.4980018,1.1639088
0.00561437,1.1563624
1.0033988,1.1556658
0.5421965,1.1552025
0.012505704,1.1606846
0.004090796,1.1473472
0.004170833,1.1457196
2.2722692,1.1638346
0.68314236,1.1598293
3.2020528,1.1688398
1.4176997,1.159461
0.0062927296,1.1672336
0.0008618973,1.1647129
0.0,1.1546106
3.7863092,1.1598593
1.7608812,1.1558719
4.285909,1.1649605
3.3024354,1.1553022
3.2853863,1.1609079
1.0821741,1.1570934
2.491125,1.1651058
0.75544935,1.1572678
0.7668796,1.1563935
0.004316273,1.150583
0.007047857,1.1453565
0.0077741314,1.1463516
0.89902574,1.1518718
0.61569965,1.1649569
1.571784,1.1691571
2.8766804,1.160546
0.77985585,1.156035
1.0445427,1.1639366
0.013093153,1.1604923
2.8429792,1.1601874
0.7609571,1.1542195
0.53006685,1.158867
1.5534651,1.1634734
0.0068179932,1.1531082
1.9816946,1.1647693
3.2269707,1.1689514
0.026933044,1.1635865
1.5467249,1.1602372
2.8097215,1.161319
0.871,1.1556052
3.5250847,1.1658744
2.8075635,1.1567657
2.4809556,1.1613551
1.4019363,1.1650454
0.5699321,1.1577238
0.008565105,1.1466627
0.775715,1.1514213
0.045850374,1.14648
0.006390544,1.1472156
0.5668427,1.1654392
1.9205912,1.1687165
1.7123193,1.1623365
0.8658374,1.1591033
0.5227029,1.1653603
0.004090796,1.1580085
2.5269322,1.1624954
0.7216501,1.1581045
1.2810098,1.1657034
0.0054481397,1.1636692
0.0,1.1415595
0.70332384,1.1660714
0.00790625,1.1654196
1.4990368,1.170201
0.0041976725,1.1629378
0.0007250882,1.1609019
0.0,1.149952
1.2199483,1.1627187
0.6320222,1.158099
1.9736145,1.1669865
1.317439,1.157867
1.3862768,1.1628354
0.92095524,1.1661772
0.0020006082,1.161428
0.0027226822,1.1528109
0.003018539,1.1696669
0.63410807,1.1702956
0.0055432585,1.1625615
3.9045367,1.1601838
1.5269308,1.1565831
1.2966666,1.1643786
0.57163316,1.1576942
0.54192686,1.1561142
4.45017,1.1582078
1.6794628,1.1532356
2.7500556,1.162139
0.69038486,1.1549412
0.5798113,1.1548496
0.007949454,1.1544822
0.8688857,1.1539674
0.002588405,1.1531142
0.003454832,1.1548907
0.56528157,1.1592885
2.108979,1.1641093
0.0017347046,1.1531047
1.5473095,1.1576477
0.83712626,1.1531063
3.2376647,1.1627722
0.017569445,1.1544392
1.8030078,1.1534173
2.1204097,1.1569853
2.4346004,1.1612469
0.003513889,1.1600845
0.029231926,1.1531154
0.67508453,1.1651766
2.259695,1.1629041
4.148391,1.1641339
1.4257941,1.1668528
0.0018055555,1.1525556
0.0024471725,1.154755
0.87937534,1.1720802
0.004360417,1.1632543
1.3718181,1.164561
2.790812,1.1681858
0.7064675,1.1597016
0.9292791,1.164528
0.63542825,1.1674613
0.0008618973,1.1542583
0.0010706381,1.1655031
4.095311,1.1614629
2.322123,1.1580396
1.9807986,1.164873
0.340674,1.1601759
0.5688678,1.159602
0.6769072,1.1564915
4.823405,1.1602175
1.7467005,1.1554097
3.2426476,1.1637532
0.67045003,1.1570774
1.3332828,1.1553191
0.7839534,1.1548704
0.0055935374,1.141701
1.7473338,1.1649684
0.6607366,1.1599098
2.8964643,1.1694155
0.005839844,1.166759
1.3855301,1.160016
2.7551086,1.1621062
2.018571,1.1571051
3.855439,1.1667719
3.198057,1.1570841
3.6131406,1.1615343
0.99192065,1.1567765
2.1211667,1.1653606
0.9064228,1.1572992
1.1258132,1.1565453
0.53579485,1.1475853
0.0,1.1526059
1.4659588,1.1492035
0.0020763888,1.1465689
0.020107424,1.1475767
0.0033424797,1.1493229
0.0018031799,1.1665505
1.3963143,1.1694689
3.9654076,1.158485
2.617753,1.1552303
2.0609007,1.162913
0.872853,1.1562756
0.5090678,1.156486
1.1910361,1.1544186
0.5377311,1.1537589
4.984427,1.1571524
2.6397371,1.1521715
3.7747931,1.1610519
0.9989616,1.1534468
1.2141275,1.1539184
2.645646,1.1530188
1.52674,1.1524867
0.0014055555,1.1530122
2.204677,1.1585381
0.79208523,1.1541601
4.1960783,1.163394
2.17384,1.1542381
0.044049107,1.1499588
0.0012867763,1.1582195
3.4490554,1.1570495
2.749618,1.1527551
4.6621876,1.1622969
0.07560919,1.1548698
1.3580054,1.1544344
4.0281687,1.1526923
3.45311,1.1562119
1.5397838,1.1518219
3.285271,1.1605953
1.4829866,1.1527764
1.3649465,1.1519161
0.96262556,1.1534822
0.01816781,1.1487442
0.5765131,1.1518542
1.9941452,1.1532454
0.52019256,1.1493634
0.003205653,1.1503555
0.027408333,1.1573253
2.0409894,1.1650599
0.73540854,1.1562928
3.950312,1.1607854
2.3402164,1.1577063
1.4343402,1.1644951
4.7399926,1.1599644
2.056704,1.155353
2.894545,1.163767
0.50333995,1.1567007
1.3458071,1.1553326
0.8452882,1.1545948
0.0025222392,1.1433134
0.0017076844,1.1408154
1.1785239,1.162999
2.866801,1.1676701
1.3342777,1.1580937
0.0012928459,1.1553336
3.1370568,1.1605273
1.8273656,1.1559348
4.0765843,1.1656388
0.63014585,1.1580156
3.4022307,1.1555008
2.8969214,1.160046
0.94924194,1.1555992
2.262567,1.1642513
0.003011905,1.1563303
0.8459289,1.156053
0.84039706,1.1550022
0.558183,1.1461235
0.0016511044,1.1468431
0.005075617,1.1418669
0.01159094,1.1432353
1.4501139,1.1482695
0.0015205733,1.1466931
0.0033671171,1.1440278
0.021942921,1.163983
0.0018967704,1.1522428
0.89762294,1.1673485
2.3195026,1.1606835
0.8709459,1.1574436
0.5854492,1.1649557
3.170836,1.1584353
1.0670725,1.1532472
1.9218392,1.1622678
0.6296919,1.1543514
0.68036014,1.160278
2.4574888,1.1649846
0.5878046,1.1559024
0.001539794,1.1569644
0.003011905,1.1579624
1.4160388,1.1582196
1.0180587,1.1536323
2.7866843,1.1632434
1.9494008,1.15369
1.666056,1.1579338
1.3530115,1.1621451
0.0068384064,1.1545624
0.7760164,1.1665381
0.0021638158,1.1607496
0.010348684,1.1587471
2.4300368,1.1623914
1.2672589,1.1591641
0.6574358,1.1661536
3.2275906,1.160035
0.9348464,1.1553055
1.6035655,1.1635363
0.6267228,1.1560861
0.54914284,1.1620866
1.6154681,1.1667081
0.63035715,1.1580414
0.0028451558,1.1512629
1.6441891,1.1602184
0.94853324,1.1558648
2.3725822,1.1651671
2.110867,1.1559454
1.7295088,1.1587288
0.009742299,1.1574217
1.4164592,1.1627108
0.0035449853,1.1519219
0.004420699,1.1485722
0.0027967687,1.1505069
0.0012959023,1.1492394
0.0,1.1490496
0.03820188,1.153704
0.6019864,1.1550621
0.0023282894,1.1667429
4.4138904,1.1572661
2.8771207,1.1539211
1.9704088,1.1607804
0.64687073,1.1556746
0.62880534,1.1523715
5.7381806,1.1566207
2.2332716,1.1519415
3.7633164,1.1600517
0.66949654,1.1537935
0.581764,1.1544689
1.6416702,1.1517665
1.0096298,1.1513897
0.0024660453,1.1364318
1.1598983,1.1609365
2.8455877,1.1650865
1.370884,1.1561052
3.5378742,1.1580518
1.9927759,1.1530659
4.332695,1.162306
0.5558544,1.154497
3.718512,1.1531051
3.4869292,1.157322
1.0177283,1.152508
2.5827332,1.160967
1.026065,1.1531016
1.203374,1.1523136
0.70085233,1.1434127
0.0012430083,1.1435751
1.7439301,1.1447927
0.0010861955,1.167384
0.9551389,1.1555951
0.04090796,1.1572325
1.1173432,1.165645
0.78394645,1.1506678
3.5364518,1.1533074
0.5713941,1.1566347
1.2401785,1.1568189
0.002155308,1.1489687
0.0,1.1328826
0.0022465847,1.1381801
0.0019969642,1.1380243
0.0,1.1448584
2.8505495,1.1605953
1.7959671,1.1575037
1.0623091,1.1640052
4.328555,1.1605811
1.3304462,1.155984
2.14825,1.1639811
0.94650114,1.1556381
0.59509534,1.1552703
0.0,1.1468905
0.0,1.1425785
1.0205629,1.164393
2.0712206,1.1688107
1.0427932,1.1595683
0.004420699,1.1504685
2.1147664,1.1607696
1.3841208,1.1560408
3.0579102,1.1654483
2.4188662,1.1557485
2.3148296,1.1608151
0.6790353,1.1562454
1.926304,1.1646
0.5466607,1.1565369
0.5918611,1.1558498
1.0020251,1.1482915
0.003556225,1.1433102
0.83375,1.1689045
4.647799,1.1615227
2.9379659,1.1585308
1.9539088,1.1651083
0.62596256,1.1598849
0.56100357,1.1569577
5.890927,1.1611526
2.5815566,1.1566432
3.8843513,1.1648499
0.8172742,1.1578153
0.7692292,1.1580724
1.7793907,1.1567248
1.2385732,1.1562718
0.0022511978,1.1477865
0.0043551377,1.1465119
1.5818739,1.164263
3.8224607,1.1688806
2.1477132,1.1597434
4.0356936,1.1616926
2.9008176,1.1572565
5.04118,1.166688
1.0689898,1.159397
4.600076,1.1570756
3.9559045,1.1608622
1.3775145,1.1566302
3.1847758,1.1650066
1.2946427,1.1570798
1.3427671,1.15635
0.8259822,1.1493711
0.0007488616,1.1463561
0.0,1.1498848
2.0314622,1.1500858
0.36342156,1.1746262
1.7364421,1.1686175
0.5263776,1.1596781
4.254463,1.1599717
2.161494,1.1566592
1.3060179,1.1634704
5.259157,1.160157
1.7972678,1.1555681
3.1779459,1.163596
0.88766414,1.1549022
2.3828142,1.1647307
0.82746893,1.159985
3.3316956,1.1691445
1.5592345,1.159833
0.0009549942,1.1474507
0.004060494,1.1495236
0.0024183823,1.1429454
0.00515447,1.1406978
3.9568636,1.1598471
1.8634903,1.1551951
4.346096,1.1644269
3.249007,1.1547619
3.7597113,1.1607287
1.1159704,1.1562656
2.8201199,1.1644722
0.0023293202,1.1574767
0.6328157,1.1560609
0.537645,1.1556746
0.94966733,1.1464256
0.0019686753,1.151679
0.5751458,1.1655188
1.5990323,1.1693414
2.293815,1.1602713
0.9121651,1.15723
0.6187988,1.1641836
2.720931,1.1600026
0.8856697,1.1553926
1.3466945,1.1636407
0.8911919,1.1636169
1.9256055,1.1683599
0.68152976,1.1585104
0.0024471725,1.1503075
0.0,1.1532668
1.3880081,1.1594476
0.7870846,1.1549436
2.1051023,1.1646234
1.4996431,1.1541791
1.3947238,1.1600507
1.1477239,1.164252
0.0014775381,1.1514419
0.0011908038,1.1481758
0.0,1.1424081
0.011074075,1.1687926
0.77471524,1.1687363
3.972931,1.1636134
2.3411798,1.160663
1.9136109,1.1676694
0.6797834,1.1616116
0.8991142,1.159357
4.4812374,1.1634728
2.317099,1.1587404
2.987375,1.1671923
0.69975466,1.1600069
1.0277334,1.1604899
2.0489929,1.1591493
1.2058101,1.1588523
0.0077864584,1.1544899
2.4075549,1.1644676
0.87311083,1.1602639
3.9418075,1.1691679
0.010817364,1.1618848
2.0854886,1.1602274
0.003068097,1.1549959
3.0943034,1.1629394
2.3551626,1.1588148
3.9364402,1.1680418
0.9905741,1.1602551
3.4759772,1.1585869
3.075784,1.1632514
1.3762218,1.1591445
2.623369,1.1674279
0.23872168,1.1605107
1.3586227,1.1596547
1.2196316,1.1589948
0.7919478,1.1585144
0.0,1.1589108
0.0013842593,1.1600703
0.5408578,1.1571941
0.0022382454,1.1535739
1.6396083,1.1573806
0.4257957,1.1538581
2.212652,1.1708924
0.797136,1.1624024
6.0274887,1.1588353
2.7180524,1.1549615
3.3242877,1.1627096
0.5652179,1.1565503
1.4565271,1.156286
0.76910365,1.1558052
0.7893835,1.1548923
7.22866,1.156659
2.8584135,1.1515418
5.515681,1.1603137
1.4759643,1.153052
1.6302414,1.1527673
2.0503654,1.152621
0.82493055,1.1520466
0.008234263,1.1491845
0.0028721308,1.1470863
0.0030453703,1.1463351
2.596491,1.1595434
0.7308889,1.154843
4.8786836,1.1641605
1.8478713,1.1553308
0.0029791666,1.147564
5.1539917,1.158194
3.846214,1.1531854
6.44247,1.1632131
1.1174413,1.1559248
0.76545525,1.1548003
5.3950477,1.1539829
5.0748653,1.1568075
1.5671945,1.1520271
4.7817297,1.1608138
1.2841923,1.1534847
1.1968846,1.1527072
0.004530303,1.159615
0.0036302428,1.1459805
0.0024692193,1.1489491
0.0014936421,1.1524258
1.119717,1.1704093
0.055141024,1.1478368
0.9157358,1.1596285
2.6400962,1.1635256
0.00583156,1.1560842
0.008841398,1.1556624
4.8937283,1.1643255
2.3497632,1.1606177
2.1479185,1.167821
0.5857123,1.1625519
0.94490504,1.1619823
0.90215516,1.1600028
5.2606754,1.1631478
2.039388,1.1580969
3.601747,1.1664459
1.1097033,1.159813
0.18480538,1.1599718
0.825825,1.1596726
1.263497,1.1587862
0.7249946,1.1654949
2.4306462,1.169846
0.70631456,1.1608489
0.003703829,1.1579932
2.1609232,1.1640996
1.3296957,1.1595291
3.7433558,1.1688914
2.2574108,1.159448
2.9646993,1.1625116
0.8029901,1.1578943
3.0199182,1.1663257
0.67835623,1.1589588
0.7251187,1.1578501
0.577718,1.1755311
0.14221305,1.1531875
1.0310754,1.1696237
3.4572623,1.1608216
1.8535466,1.1581851
1.1889126,1.164553
4.673121,1.160624
1.1975713,1.1565696
3.0683398,1.164089
0.5526598,1.157739
1.0918947,1.1563467
1.6212156,1.1652247
2.4048767,1.1697243
1.1645917,1.1608735
0.0,1.1474297
2.0338752,1.1614093
1.0963334,1.1574687
3.1269279,1.1660508
1.9440242,1.1568896
0.004766667,1.1615717
0.005481667,1.1649872
2.2983544,1.1604501
1.5565383,1.1642574
0.5582929,1.1499342
0.015736843,1.1447624
0.00575,1.1466641
0.9955587,1.1504668
0.0,1.1663276
0.007960927,1.1526524
1.5961324,1.1695536
2.1263404,1.1592227
0.511225,1.1549041
0.7208123,1.1623856
1.7684395,1.1593486
0.66563094,1.1535653
0.9479346,1.1621982
0.0068520834,1.1457299
1.3730892,1.1646516
2.3100507,1.1684026
1.0311459,1.1601601
0.015226852,1.1570913
0.008565105,1.1450521
1.5942122,1.1612552
0.64789855,1.1558281
2.4116182,1.1653906
1.6689812,1.156757
1.726725,1.1592691
0.95771646,1.1625587
0.55847055,1.1488528
0.0023425927,1.1484528
0.009451149,1.1466681
0.6342646,1.1490757
0.007901908,1.1498835
1.4069611,1.1678333
1.5037858,1.1628197
0.7058939,1.159477
1.6671467,1.1628331
0.67020375,1.1583612
0.68121684,1.1656243
0.0,1.1417013
0.77085936,1.1708158
0.0,1.1471134
0.004216667,1.1471534
0.0020922392,1.1614735
1.1881107,1.1675097
0.58905816,1.1589371
0.8322997,1.1618501
0.0026103174,1.151992
0.004316273,1.1670011
2.5905297,1.1571103
0.9340693,1.1533257
0.8680104,1.1610276
0.5913542,1.1531112
2.828201,1.155033
1.2992512,1.1499971
2.0531027,1.1585106
0.699867,1.1508297
0.0032745919,1.1567954
0.006136194,1.1477655
0.0023227402,1.1553525
1.0525755,1.1615356
0.0026610033,1.1519324
0.63756305,1.1555887
0.5098907,1.1509864
2.3194375,1.1601087
0.010874362,1.1533635
0.6879215,1.1514336
1.1981705,1.1527194
1.4592516,1.1564697
0.0,1.148697
0.003777062,1.1468858
0.0011302405,1.1490685
1.9644976,1.1614035
3.3578124,1.1622716
0.5058286,1.1576477
1.1872675,1.1649419
0.031028302,1.1585317
0.074144125,1.1578974
1.4521484,1.1675173
0.0,1.1496063
0.0040306374,1.1654707
3.1694462,1.1607351
1.5366349,1.1574823
1.3633587,1.1638671
0.94091445,1.1557578
3.7310698,1.1594546
1.6445,1.1548156
2.6713989,1.1625967
0.82742137,1.1562221
1.2137976,1.1546193
0.57718724,1.1541698
1.2124703,1.1651076
2.1808896,1.1690989
0.96109486,1.160231
1.5401278,1.1620815
1.3873702,1.1573063
2.9100378,1.1662618
2.0887942,1.1570886
2.5124307,1.1598824
0.5525874,1.1553625
0.00602381,1.1569875
1.6423917,1.1633012
0.01595194,1.1561854
0.5665153,1.1556636
0.66580975,1.1548367
1.2271861,1.1459855
0.7496296,1.1490031
1.4886934,1.1478716
0.061008584,1.1507043
0.003513889,1.1482688
0.0,1.1501505
0.0025535715,1.1656289
1.4086609,1.1690228
0.006991922,1.163136
0.008305555,1.1623259
3.3131437,1.1575944
1.9605961,1.1540823
1.4698573,1.1616209
0.60515994,1.1554976
0.62267476,1.1544515
1.2401621,1.1534226
3.620071,1.1568921
1.8885226,1.1517695
2.1175318,1.160272
0.7140222,1.1531163
0.8925443,1.1541015
0.9790573,1.1526599
2.0690746,1.1526419
0.93032354,1.1522225
0.0024916667,1.1538771
1.6451098,1.1585401
2.9108152,1.1627414
1.5032617,1.1541597
0.014425439,1.1541315
2.1254444,1.1571686
2.005242,1.1528858
3.289986,1.1617348
2.3192613,1.152744
2.2495613,1.1544605
0.7789737,1.1500872
1.7355546,1.1583813
0.21760556,1.1492969
0.92228043,1.151007
0.7425447,1.1501504
1.2302028,1.1519451
0.87504476,1.155556
0.0052107098,1.1492554
0.0,1.1510905
1.3496666,1.1520303
1.568173,1.1645005
3.0221353,1.162266
1.6038097,1.1592383
1.0250238,1.1656351
3.9388232,1.1614473
1.6978742,1.1569523
2.4141297,1.1648275
0.5053799,1.1580924
0.64930224,1.1585566
1.2596116,1.1567866
0.57520294,1.1561369
0.6776356,1.1648984
1.7187997,1.169155
0.8448572,1.1600543
1.5905715,1.1622373
1.2101038,1.1578702
2.629895,1.1669165
1.9986874,1.1572839
1.9115735,1.1602926
1.4661283,1.1640753
0.0011532258,1.1627887
0.9157735,1.1460465
0.7398459,1.1487194
0.010963334,1.1511586
0.0013568482,1.1521525
0.006374031,1.1472825
0.0018534799,1.1501304
1.0319611,1.149284
0.0021581366,1.1473206
0.014641204,1.1656455
0.002963063,1.1531881
0.78591317,1.169024
1.6437435,1.1590893
0.6109638,1.1556436
0.003451931,1.1567937
2.4174519,1.157622
0.95997685,1.1523403
1.3419635,1.160997
0.23885329,1.1530328
0.005506697,1.1542013
0.59893245,1.1534803
1.3781563,1.164133
0.0011916667,1.1547308
0.0028214462,1.1567894
0.0053479676,1.1530498
0.605167,1.1575947
0.65800726,1.1530517
1.9260854,1.162031
0.9187474,1.1529716
0.9536637,1.1556093
0.7514342,1.1593455
0.0026524193,1.1534388
0.0055935374,1.148092
0.0022175028,1.1518937
0.0065257936,1.1602858
0.002183931,1.1484095
0.0036748603,1.1591846
0.0020751795,1.1635706
0.060873248,1.1574508
2.1066704,1.1602336
0.9592917,1.1570138
2.0328605,1.1583078
0.8563252,1.1536707
1.1585706,1.1612176
0.604614,1.1541399
1.0164436,1.1653355
0.71168417,1.159639
0.6759528,1.1554204
1.6589559,1.1639465
1.071923,1.1553504
1.0634319,1.1557236
0.0,1.1524929
0.697573,1.1591178
0.005894265,1.1532348
0.0060085724,1.1487604
0.0011051748,1.1484505
0.0023627873,1.1481649
0.0016428571,1.145687
0.05962882,1.1572305
3.397912,1.1578392
1.9025785,1.1545106
1.5088357,1.1611245
0.9642637,1.1530157
5.483682,1.1573268
1.5437341,1.1525981
3.0597959,1.1603872
0.81361747,1.1542282
0.5565741,1.1546072
0.6467578,1.1541693
1.8866695,1.1525553
0.7704416,1.1520854
0.6111697,1.1626252
1.5167953,1.1663555
0.9089421,1.1578289
0.0,1.1477864
0.0020227553,1.1584399
0.0089132795,1.1463541
1.9679184,1.159736
1.1704814,1.1548858
3.7186441,1.1635424
0.013051587,1.1557305
2.0776942,1.1547986
2.0985985,1.1568767
1.911963,1.1601912
0.5751257,1.1527506
0.61789566,1.1517825
1.2931888,1.1421163
0.902191,1.1452256
0.027477026,1.1360766
0.0022465847,1.1401587
1.6003504,1.144781
0.27275413,1.1706252
0.00434287,1.16357
0.004766667,1.1504546
0.5950818,1.1665283
0.86632776,1.1528054
3.7058952,1.1545857
1.6832592,1.1574082
0.0,1.1364743
0.0,1.1351901
0.8458779,1.1588172
0.0042825523,1.1399393
0.28057346,1.1423638
2.3624036,1.1612808
1.0215833,1.1583059
0.6974327,1.1643313
0.0022651516,1.1590532
3.2244322,1.1614662
1.259617,1.1570492
1.6155883,1.1644561
1.0767107,1.1565466
0.6452289,1.1657944
1.6560403,1.1697583
0.64945835,1.1609586
0.007027778,1.1463827
1.066986,1.1621598
0.85606545,1.1576984
2.0684037,1.1663517
1.526408,1.1571218
1.2831616,1.1604515
0.86658704,1.163797
0.27071345,1.1554037
0.8523848,1.1453694
0.5459914,1.1480047
0.0,1.1530367
0.0,1.155246
0.749648,1.1482546
0.0038333333,1.165515
0.8807921,1.1699607
0.0,1.1649984
0.0,1.1662625
3.9943535,1.16123
2.0415695,1.1584108
1.3026628,1.1644285
0.0034058753,1.1621605
0.71498775,1.1565493
4.6498227,1.161208
2.1894703,1.1569215
3.047084,1.1644527
0.89040047,1.1579664
0.6121572,1.1588427
0.8565104,1.1574582
1.8970501,1.1566733
1.0032265,1.156304
0.98714364,1.1647859
2.311993,1.1688906
1.3848605,1.1602501
2.3034945,1.1620088
2.0380447,1.157806
3.7267606,1.1664985
0.11066915,1.1598977
3.036907,1.1573716
0.006803487,1.1657339
2.8186138,1.1597358
0.5919827,1.1557347
2.3065093,1.1633955
0.78082484,1.1558708
0.9110419,1.1551386
1.248451,1.1482779
0.99888146,1.1510123
1.4422035,1.1496204
0.0023720823,1.1526225
1.1487458,1.168878
3.4953234,1.1611726
1.587455,1.1579798
1.1504042,1.164415
4.643786,1.1609994
1.7237592,1.1564505
2.6625237,1.1640439
0.59425145,1.1578916
0.0076450543,1.1577206
1.1383008,1.1557711
1.8083366,1.1661457
0.57673806,1.1614801
2.438797,1.1701819
1.2961324,1.1612906
2.265797,1.1613425
1.2782278,1.1569208
3.21044,1.1655766
0.0065827877,1.1582137
0.021431627,1.1573704
2.080259,1.1563152
2.690915,1.1607016
1.9777163,1.1641515
0.84029156,1.1459488
0.00277975,1.1451343
1.0870908,1.1466454
0.5793944,1.1669407
1.5162306,1.17021
1.6622914,1.1624291
0.60935736,1.1594163
2.5045362,1.1619397
0.8501659,1.157331
1.0744066,1.1650397
0.5570757,1.157166
0.5911425,1.1658388
1.2429127,1.1700876
0.0017237946,1.1604558
0.0033424797,1.1464068
0.70007265,1.1616908
1.5544853,1.1663781
0.8054843,1.1564969
0.9600808,1.1607338
0.6499933,1.1644729
0.0110263415,1.1573493
0.0,1.1454904
0.0007742467,1.1466192
0.0017814144,1.1721085
0.67814434,1.1705024
3.311107,1.1634275
1.6953739,1.1603394
1.4265496,1.1672426
0.5203096,1.1615974
0.6683987,1.1607814
1.0311239,1.1591214
3.2766159,1.1634297
1.9615121,1.1586744
2.0723908,1.1668041
0.711718,1.1598519
0.60542893,1.1607523
1.1055307,1.1596156
1.8079648,1.1591119
0.7894563,1.1588215
0.003880826,1.1533732
1.8399233,1.1643873
0.7100111,1.1601833
2.9280243,1.1685939
1.5234668,1.1601208
0.0022103495,1.1635662
2.124895,1.1631418
1.7411767,1.1591185
2.9670722,1.1677178
2.2386382,1.158763
2.3863976,1.1619848
0.7353161,1.1579403
1.8934911,1.1658152
0.8692798,1.1584302
0.7614654,1.1576968
0.96161443,1.1577748
0.72052836,1.1611127
0.0049384385,1.1532738
0.0,1.1536316
1.2169513,1.1568736
0.0006037078,1.1542267
0.0045680557,1.1660483
1.6999258,1.1706574
0.64532846,1.1625811
4.4922256,1.1541988
1.7349992,1.1504406
2.4127471,1.1577985
0.946853,1.1521103
0.84846014,1.1504867
1.1191276,1.150261
5.806655,1.152493
2.6000676,1.1476825
4.501333,1.1556268
1.1577526,1.1490911
0.036275737,1.1505789
1.0785357,1.1500448
1.6332556,1.1480228
1.9183073,1.1483386
0.003972222,1.1462579
0.0018272222,1.1440543
0.0031503832,1.1430584
1.8295088,1.1566879
3.549701,1.1607262
1.2093781,1.1525743
0.0023032213,1.149299
0.0,1.1429302
3.1856256,1.1553503
2.4966962,1.1506147
5.107872,1.1598164
3.2808928,1.1512488
3.0887084,1.1513697
0.5306381,1.1470087
2.985711,1.154899
0.7556101,1.1479849
0.5527774,1.1473067
0.0018519145,1.1450838
0.52966046,1.1463585
0.7397573,1.1650407
0.0024285866,1.1598352
0.6561878,1.1565937
1.8293054,1.1597835
3.3766112,1.1610419
1.4851493,1.1572504
1.4004216,1.1642605
0.59697604,1.1588324
0.870716,1.1567293
4.509917,1.1596652
2.2554338,1.154634
2.833871,1.162487
0.71971524,1.1562861
0.7386643,1.1553181
1.0764815,1.1553019
1.3914231,1.1672703
0.045854244,1.1666533
1.0054022,1.1620582
0.8589303,1.1574558
2.7656987,1.1661946
1.05105,1.1574923
1.8405697,1.1582925
1.9585252,1.1615543
0.0,1.1505497
0.50774586,1.1713345
0.50009984,1.1664959
1.0970186,1.1408676
0.0,1.132472
0.0,1.1269635
0.0026870915,1.1224695
0.0023056432,1.129138
0.0032435898,1.1298956
0.020936921,1.1314667
0.5948191,1.1412007
0.22298305,1.1529809
0.07308889,1.1444546
0.0041527776,1.1209657
0.0,1.1236901
0.021638159,1.1456664
0.0,1.1142398
0.0,1.1245214
0.0,1.115856
0.0,1.1196196
0.0046851854,1.1463736
0.0022840279,1.131051
0.0016611111,1.1379277
0.0035480044,1.1355586
0.0038279796,1.1337749
0.0020079366,1.1460867
0.0018031799,1.1306607
0.0013020586,1.1220785
0.0016511044,1.1238912
0.0,1.127057
0.005220635,1.1228626
0.0019438535,1.1352329
0.0,1.129694
0.0024362963,1.1405183
0.0029662699,1.1387464
0.0,1.1472021
0.0017237946,1.1438023
1.6726111,1.1409491
0.57009333,1.144017
0.0,1.1241355
0.0,1.1205094
0.0,1.1445838
0.01957738,1.1456134
2.3087325,1.1419712
0.84582704,1.145007
0.0033424797,1.1365134
0.005270833,1.1431668
0.0009228395,1.1315852
0.0016314484,1.1326417
0.0016314484,1.1314875
0.0014875622,1.1347545
0.0045378036,1.1295298
0.0052372613,1.1337339
0.9869256,1.1407617
0.016511044,1.1428888
0.006423828,1.1181816
0.0,1.1190116
0.0,1.1446213
0.003670759,1.1452131
0.0057100696,1.1297415
0.0,1.126408
0.0011613701,1.1189905
0.0035679487,1.1508619
0.0030623837,1.1456693
0.0,1.1398312
0.0018730068,1.1303829
0.0025030442,1.133291
0.003806713,1.1306678
0.0034153687,1.1340555
0.0017797619,1.133104
0.003703829,1.1317655
0.001022699,1.1373311
0.0,1.1291293
0.009351078,1.1334084
0.0138027575,1.1256365
2.046262,1.1328133
0.76454824,1.1365652
0.003575,1.1338884
0.0,1.1144166
0.002237415,1.1126722
0.0,1.1180899
0.0034260417,1.1399087
0.0,1.1400018
0.0010113777,1.1439505
0.004420699,1.1335386
0.0028699825,1.1360412
0.002669643,1.1196309
0.0033424797,1.1399413
0.005958333,1.1332006
0.0047255745,1.1359794
0.0050015207,1.1328324
0.0011613701,1.1184627
0.0,1.1245432
0.0,1.1190952
0.0031870154,1.1241379
0.0031870154,1.1353325
0.0052877814,1.1330122
0.7957258,1.1423668
0.0065257936,1.1279291
0.0,1.1180302
0.0,1.1299716
0.0,1.1510576
0.0,1.1403424
0.0013704167,1.1242229
1.023489,1.1425625
0.54566365,1.1454035
0.007169182,1.1431363
0.0019507711,1.1323622
0.0023833334,1.1271507
0.0034475892,1.1282634
0.09701538,1.1340616
1.463449,1.1399847
0.002287841,1.1200498
0.0046454803,1.146878
0.008701058,1.1169696
0.00291578,1.1158513
0.0020816457,1.1425341
0.055114582,1.1213919
0.0,1.1364664
0.5136961,1.1421448
0.16203669,1.1448524
0.005374183,1.1294348
0.035398215,1.1533679
0.0066849594,1.1261953
0.0024042397,1.1476681
0.007613426,1.1243992
0.0,1.1187439
0.0,1.1350981
0.0,1.1373669
0.003703829,1.1343561
1.9199871,1.1468991
0.7114185,1.1496526
0.0006037078,1.1471113
0.008227643,1.134652
0.0012346096,1.1397456
0.0020949044,1.1389195
0.75699204,1.1406163
0.004420699,1.1330888
0.0041527776,1.1218609
0.0017347046,1.1397637
0.50688905,1.1436914
0.0055935374,1.1251761
0.0021412761,1.1335528
0.0,1.146883
0.0,1.1454436
0.008841398,1.1435844
0.0,1.139217
0.0,1.1302906
0.0,1.1393366
0.004857173,1.1515687
0.0033527014,1.136444
0.0019957523,1.1305969
0.0031747106,1.1295301
0.0019718225,1.128693
0.0059154676,1.1368945
0.0041319095,1.1241642
0.0048510325,1.1269892
0.0016028265,1.1147308
0.0034569069,1.1349243
0.017541334,1.13015
0.006739754,1.1275893
0.026524194,1.1276282
0.0024255163,1.1313494
0.0,1.1225486
0.008565105,1.1284238
0.00874734,1.1145672
0.006264762,1.1178907
0.0,1.1179143
0.014683036,1.135091
0.01166312,1.1337894
0.0040306374,1.1307204
0.0,1.1140171
0.0,1.1157674
0.0021752645,1.1178812
0.0012748062,1.115922
0.0024042397,1.1214879
0.0039295102,1.1221732
0.0027271973,1.1329197
0.0021181093,1.1278713
0.003454832,1.1237627
0.0029235557,1.1284794
0.004530303,1.1358244
0.0,1.1224074
0.0015751916,1.1333426
0.70992076,1.1291337
0.0048084795,1.123927
0.0055935374,1.1321913
0.0044566398,1.1292338
0.001986111,1.1238879
0.0,1.1215526
0.0038932292,1.1284146
0.0021412761,1.1244669
0.0014977232,1.1257632
0.0012346096,1.1286218
0.0031234568,1.1292317
0.0014349913,1.1279056
0.0017292324,1.1134484
0.0048434683,1.1376938
0.0027136963,1.1237172
0.0,1.1252023
0.0021619194,1.1335133
0.001332658,1.1227876
0.0015997082,1.1333263
0.00223559,1.1290382
0.0044738688,1.1268443
0.00446875,1.1170889
0.0032977941,1.1221008
0.0023407738,1.1238836
0.0018498313,1.1354122
0.0008565104,1.1335105
0.0029366072,1.1217147
0.0021985294,1.120401
0.0012318352,1.1335517
0.0026103174,1.1303546
0.003205653,1.1244
0.0036625837,1.1232811
0.0041951532,1.1224486
0.00467719,1.1317991
0.009251758,1.1218983
0.0065257936,1.1272078
0.0,1.1370492
0.0025581112,1.117917
0.0023833334,1.1210737
0.003915476,1.1212302
0.0,1.1129246
0.010541666,1.1125869
0.0053220065,1.1160793
0.0,1.1119108
0.0015706781,1.1139344
0.00083434803,1.1182312
0.0036666668,1.1288562
0.0,1.12096
0.010963334,1.1435446
0.0,1.1146454
0.0,1.1258441
0.0,1.1238803
0.003011905,1.1383034
0.011800066,1.1434088
0.002060777,1.139865
0.002622807,1.1363505
0.0057701753,1.1170564
0.0,1.1226529
0.003771789,1.1259727
0.0023032213,1.1217847
0.0021083334,1.1172237
0.0,1.1156253
0.0078954045,1.1169192
0.0035251875,1.1387225
0.0011007363,1.1151587
0.0048084795,1.1162345
0.0028850876,1.1137508
0.0017972678,1.1323651
0.0,1.1355907
0.008206088,1.1303803
0.006229167,1.116127
0.0,1.1229986
0.0036063597,1.1160905
0.0041844784,1.1162764
0.010422887,1.1322162
0.0058138887,1.1348311
0.003286371,1.1355373
0.00583156,1.1247185
0.0,1.1333302
0.002460353,1.1304137
0.0,1.1349529
0.0,1.1224345
0.00446875,1.1187563
0.0,1.1213852
0.80845624,1.1428062
3.918623,1.144869
1.4646893,1.1481372
0.0020187441,1.1346135
0.0023318608,1.1320527
0.64002883,1.1521231
2.1700757,1.1564478
0.016195834,1.150143
1.0736245,1.1471587
0.0013635986,1.1444925
0.002880035,1.1506649
0.5387523,1.1465378
2.3401544,1.1507641
1.0486081,1.1414704
0.024249863,1.1413323
0.020962397,1.1374627
0.002921997,1.131082
1.2344373,1.1556116
0.7906964,1.144178
1.5261732,1.1470482
0.48812938,1.1495069
0.5801927,1.153694
1.8766319,1.156989
1.1478186,1.1483594
0.012059667,1.1494892
0.00659307,1.1469606
0.509715,1.1476762
1.9917521,1.1512071
0.9970416,1.1423849
0.022123318,1.1303556
0.007655959,1.1389352
0.0072127194,1.1311586
0.0069564297,1.1320804
1.3223815,1.1568009
1.5472622,1.1474576
0.51652455,1.1503958
0.013852587,1.1468129
0.006758219,1.1336851
0.0011187075,1.127366
0.90955883,1.1580895
0.0,1.1414868
0.0015087156,1.1507938
0.74343884,1.1526825
0.003849485,1.1527437
0.0017841064,1.1381367
0.015062479,1.151219
0.008225437,1.1479682
1.6266478,1.1455642
0.5109455,1.1405106
0.8110171,1.1489135
0.011557731,1.1460909
0.0015311919,1.1421231
0.0055935374,1.1390402
0.0,1.1455723
0.51052433,1.1521779
0.0027047698,1.1363477
0.93834966,1.1480848
0.0,1.1433315
0.0028008516,1.1487387
1.3235894,1.1476963
0.00095666084,1.1354742
0.002257378,1.1519258
0.0005794574,1.133174
0.0025294442,1.1285154
0.0020504987,1.1343434
0.0029984806,1.1319197
0.002525429,1.1340845
0.0024775895,1.1500934
1.2299105,1.1428906
0.0048725926,1.1393665
4.2713976,1.1450853
0.6201886,1.1408068
1.9502692,1.1480647
0.50352615,1.1541864
1.6720066,1.1579174
0.9267321,1.1485282
0.005374183,1.1381707
2.2229226,1.152542
1.1908526,1.1431082
0.5430115,1.1472039
0.78597426,1.1502801
0.003729025,1.1427464
0.002277701,1.1454381
0.009451149,1.128798
0.0,1.1500894
0.57535154,1.1585951
1.2047836,1.1572877
0.0,1.1490749
1.34412,1.1464132
3.6825333,1.1466067
0.5865383,1.1410838
2.0010068,1.1498531
0.6941608,1.1413115
0.0019279015,1.1393968
0.59289306,1.1471324
2.212702,1.1507717
0.026465317,1.1436602
1.2298324,1.141898
0.91595614,1.1441182
3.0025287,1.1482812
1.7466502,1.1390611
0.58287203,1.1454525
0.88973266,1.1491364
0.017601682,1.136566
1.2554785,1.1545085
0.96349716,1.1437902
0.030092236,1.143926
3.4742253,1.1462885
1.4791934,1.1493312
1.5661905,1.1563982
0.82225,1.1469024
0.0,1.1325921
0.0018645125,1.1247759
2.2232447,1.1521106
1.2266086,1.1424053
0.01265,1.1444458
0.021169038,1.1467537
0.0070145526,1.1464543
1.9526938,1.1488143
0.78093463,1.152088
0.009745185,1.1455187
1.0504777,1.1541212
0.002905477,1.1435719
0.002041046,1.1410378
0.003028545,1.1473268
0.0030860896,1.1448113
0.0009549942,1.1484743
0.9486032,1.1500337
0.0044702683,1.1466047
0.005551055,1.1404532
0.002906267,1.1404289
0.0025099206,1.1395404
0.0022518584,1.1430607
0.004279513,1.1438824
0.0,1.1437057
0.002645592,1.154438
0.0052607167,1.1438613
1.8494452,1.1486877
0.64664906,1.1549269
0.001978941,1.1448299
0.8952658,1.1508721
0.0034403766,1.1442932
0.012674374,1.1488014
1.3315519,1.1387259
0.10018218,1.1423644
4.315219,1.1405882
1.9396666,1.1437474
1.1239462,1.1529207
1.0662007,1.1435759
0.002346604,1.1414384
2.291978,1.1480483
1.4330643,1.1387496
0.0,1.1190155
0.0050060884,1.121166
0.0036024097,1.1392214
0.0073088887,1.137137
0.004316273,1.1445283
1.150863,1.142352
0.0016075269,1.143467
0.0020377943,1.1388117
0.0017237946,1.1265413
0.0,1.1343852
0.0028911745,1.1250532
0.0010833334,1.1308213
0.0046021454,1.1451613
0.6545543,1.1432558
2.6024184,1.146894
1.0563123,1.1497266
0.005107143,1.149244
1.3100774,1.1578761
0.5769012,1.1486887
0.0060907407,1.1354021
1.3491849,1.1521868
0.68330765,1.1428956
0.0,1.144257
0.0011916667,1.1230574
0.0,1.133821
0.002332624,1.1284059
0.0,1.1258568
0.0021752645,1.1455232
1.3748422,1.1440352
0.0025116457,1.1407846
0.021360332,1.1380463
3.8474,1.1474532
0.68239063,1.1435796
1.9008898,1.1501093
0.002334611,1.1316775
1.9267915,1.157482
1.2050339,1.1487097
0.56316125,1.1481076
0.0,1.1431204
2.727248,1.151948
1.8393189,1.142887
0.8462843,1.1502787
0.0027003284,1.1311891
0.008476804,1.1398417
0.78309524,1.1562823
1.0004717,1.1444355
4.2631955,1.1469539
1.5826219,1.149743
0.8511697,1.154811
2.3105578,1.1586092
1.3917888,1.1493043
0.0021581366,1.1504146
0.005741969,1.1303611
0.6234066,1.1483716
2.5095713,1.152259
1.1394436,1.1428467
0.50576705,1.152187
1.4550676,1.158069
0.5870093,1.1488447
2.1372461,1.1482257
0.7433472,1.1508707
1.1975932,1.1575843
0.6016739,1.1479908
0.0052096094,1.1322396
1.0075046,1.1519059
0.0062009804,1.1374177
0.002398979,1.1339588
0.0022103495,1.1327242
0.002139187,1.1577246
0.0031615647,1.1546334
0.0020377943,1.1559728
0.016561907,1.137878
0.62647617,1.1579063
0.0011516106,1.1558087
1.3206161,1.1502553
3.5889578,1.1516491
0.63586354,1.1465937
1.8014992,1.1546695
0.6374568,1.1464896
0.7672369,1.1520985
2.7479422,1.15563
1.2245371,1.1471063
0.8109332,1.1490064
2.602847,1.1529628
1.6154542,1.1440392
0.5194744,1.1512307
0.83545333,1.1546471
0.0040806453,1.1437932
0.004056202,1.1379133
0.0015904255,1.146778
0.005925564,1.1406246
0.35368142,1.1595725
1.6785511,1.1592811
0.012006672,1.1535219
0.0031303933,1.1590989
3.6707902,1.1448972
0.9263323,1.140578
2.7282798,1.1476296
0.55151594,1.1486129
2.4657917,1.1521422
0.6281318,1.1437491
0.0,1.138846
0.0036063597,1.1396215
0.0067259716,1.1317881
0.7438127,1.1438711
3.7220192,1.1478709
0.9151212,1.1390213
0.021317592,1.1396464
0.9955414,1.1467689
0.025092136,1.1388305
0.00094511494,1.1303322
0.004894345,1.1342775
0.0021083334,1.1401933
0.8129815,1.1550599
1.3956612,1.1526651
0.0021581366,1.1468211
3.3775501,1.1487561
0.7912217,1.1439888
1.8509524,1.1512719
0.7726817,1.1576709
0.26389617,1.1501437
1.742055,1.1535829
0.56619847,1.1511596
0.0,1.1451586
0.0,1.1338575
0.0013773032,1.1436139
0.005029052,1.1437048
0.86739314,1.1588234
0.0024471725,1.1566633
0.0,1.1518735
0.009010162,1.14278
2.0244017,1.1460859
0.55332375,1.1493222
0.82822734,1.1576191
0.0046186713,1.1522745
0.0035000818,1.1534351
0.0021988235,1.1519059
0.0,1.1444606
0.6339728,1.1532389
0.003786989,1.1422099
0.0029747575,1.139712
0.004551799,1.1542753
0.5710404,1.1569402
0.025355726,1.1523536
0.0029642077,1.1541209
0.812217,1.1458106
0.8785257,1.1564709
0.005250639,1.1359274
0.01939269,1.1462985
0.59006643,1.152207
0.02242084,1.1449773
0.008433334,1.1366557
0.7392606,1.1564552
0.627806,1.1499678
0.0014444444,1.154811
0.001009515,1.1521968
0.003085366,1.1262877
0.005362235,1.150368
0.00050152483,1.1467532
0.0030491347,1.1309594
0.0017201883,1.144092
0.0024148312,1.1450615
0.0014821992,1.1342839
0.0016577621,1.1575428
0.00296118,1.1312684
0.0025244518,1.1359776
0.002746326,1.138441
2.471627,1.1443151
1.1814369,1.1473321
0.00077315466,1.1275139
0.76076645,1.1573149
0.00446875,1.1462657
0.76014555,1.1532582
0.0027136963,1.128687
0.6960631,1.1571511
0.5770415,1.14579
0.0031655438,1.1460174
2.6478448,1.1456631
0.63932246,1.1401912
0.97314423,1.1491476
0.0023916522,1.1402091
1.064047,1.1513284
0.0012959023,1.1413617
0.0020906434,1.1412076
1.2411529,1.1502662
0.0,1.1380093
0.5514575,1.1551892
0.007475,1.1477069
0.09878622,1.1464192
1.8573287,1.1466825
0.6630353,1.149819
0.011420139,1.1422343
0.0040306374,1.1490659
0.51004475,1.1544532
0.001684311,1.1409281
0.00155288,1.1415759
0.0032628968,1.124774
0.7984913,1.1464461
0.0067466665,1.1427084
0.005242827,1.1384552
0.003784188,1.1369791
0.0055577196,1.1413436
0.0017812706,1.1396991
0.002949776,1.1437788
0.767352,1.1464208
0.0,1.1399184
0.016261797,1.1501757
0.0034383214,1.1467185
0.0017555378,1.1377137
0.0023032213,1.1346976
2.6610866,1.1428396
0.9992844,1.1458708
0.01896174,1.1409049
0.003038618,1.1258041
0.010151234,1.1462089
0.002716141,1.1342709
0.5902946,1.1511868
0.0030252023,1.1309364
0.0026326652,1.1270835
0.0015363416,1.1274704
0.0012928459,1.1414672
0.0022307378,1.1340209
0.0026103174,1.1501502
1.3423662,1.1480328
0.50594676,1.1507802
0.00229039,1.1450412
0.0033379567,1.149301
0.0013240741,1.1322244
0.0024201619,1.1557478
0.03823264,1.1566104
2.2621,1.1455525
0.5338155,1.1417192
0.98382753,1.1484717
0.014287323,1.1336392
0.5310982,1.1566523
0.0024212308,1.1371511
0.002514526,1.1513263
0.7988759,1.1521951
0.004404219,1.1453074
0.0029246698,1.1286715
0.0014152323,1.1297692
0.0020334746,1.13354
0.0017930686,1.152268
0.0056804838,1.1487514
0.0075091324,1.1494697
0.23176028,1.1458632
0.002039961,1.1421851
2.3771188,1.1479744
0.7340612,1.1508337
0.74683654,1.1597311
0.0033197072,1.1559441
0.00448772,1.1326112
0.0021292986,1.1478032
0.7975064,1.1542314
0.0023748851,1.1477288
0.0023373354,1.1253296
0.0025822117,1.1370355
0.0011003964,1.1257206
0.003795417,1.1483064
0.0036271857,1.140711
0.57188106,1.1594394
0.005508374,1.1451966
1.0095443,1.149865
0.0027967687,1.1305662
0.0017265092,1.1358534
0.0021810345,1.1360093
0.0004282552,1.1351101
0.002542517,1.1365029
0.0024644372,1.1343024
0.0011646601,1.1292856
0.002791407,1.1531864
0.0017628637,1.1453825
0.6116023,1.1496941
0.0027557933,1.1467334
2.3686926,1.1508623
0.5299658,1.1458093
0.91957325,1.1540796
0.00277975,1.1422486
1.2158186,1.156177
0.0038016844,1.1514355
1.132742,1.1549635
0.0048407884,1.1481229
0.002398769,1.1452616
0.0,1.1429605
0.6932837,1.1598057
0.002045398,1.1571816
0.0017601682,1.1572274
0.90000415,1.1406614
0.6527302,1.1360668
0.004965278,1.1369424
0.83897376,1.1437665
0.97001094,1.149661
0.004965278,1.1416422
1.4037986,1.146958
0.003079588,1.1335663
0.0,1.1318115
0.0031503832,1.1297182
0.0036382743,1.1308306
0.004350529,1.1288116
0.7197061,1.1502315
0.7669594,1.1462208
0.56113005,1.1414031
0.6557822,1.1489319
0.0064871795,1.1448807
0.0009894705,1.1527067
0.004203732,1.1402427
0.0022492185,1.1328626
0.017959876,1.1529715
0.0027477026,1.1316783
0.00088988093,1.1365849
2.5773892,1.1390048
0.9994111,1.1425139
0.0042881356,1.1398491
1.0354259,1.1515884
0.0034367817,1.1473243
0.003703829,1.1325048
0.00676749,1.1389927
0.51227736,1.1463295
0.0031911384,1.1400462
0.004249354,1.1361988
0.0032890001,1.134656
0.9578789,1.1405917
0.5552246,1.1361269
0.0031747106,1.1357254
1.2853131,1.1518773
0.009702065,1.1416545
0.024183823,1.1266176
0.012458334,1.1341332
0.7006681,1.1408898
0.0,1.1276584
0.0016217949,1.14014
0.0017720906,1.1482347
0.0015842967,1.1438475
0.005412777,1.1399587
0.865315,1.1411221
0.84001464,1.1445984
0.0038852019,1.1318585
0.0033977274,1.140217
0.003972222,1.1373507
0.0,1.1364996
0.0039002802,1.1459455
0.0042603626,1.1307178
0.0,1.1269853
0.0064744093,1.1246979
0.009574964,1.1436273
0.0025834762,1.124293
0.9973097,1.1362512
3.3976882,1.1391588
1.7979866,1.1423913
0.0014425438,1.1197467
0.88803,1.1526955
0.740716,1.1485211
0.0047805235,1.1415621
0.0019369847,1.1197418
0.0050489036,1.1171292
0.8023436,1.1410238
0.08806753,1.1393808
2.839643,1.1416147
1.3568718,1.1449105
1.2285184,1.1472226
0.0021513605,1.1319039
0.77895796,1.14567
0.0,1.1403466
0.0019647551,1.1401558
0.0067083333,1.1404837
0.5061198,1.1368095
1.9014531,1.1400602
0.7955629,1.1434639
0.010461196,1.1256989
0.0032628968,1.1182922
0.0023902617,1.1459321
0.0041061174,1.1308645
0.0,1.1195753
0.0,1.1227397
0.11937547,1.1242231
0.0015226852,1.1463606
0.8887489,1.1421462
0.012032927,1.1369147
0.005075617,1.1349809
0.008522789,1.1364454
0.88378304,1.1427677
0.016949346,1.137163
0.0037545662,1.1413924
0.0015935077,1.1354232
0.0018560948,1.1396431
0.004705293,1.1323742
0.0033130953,1.1319964
0.007899645,1.1459392
0.0013198234,1.1409348
0.0028197875,1.1343052
0.003851288,1.1406993
0.7248542,1.1306738
3.4174209,1.1346647
1.4244612,1.1381525
0.0042049047,1.1217483
0.004420699,1.1151637
0.0050175437,1.137637
0.008120988,1.1205645
0.0026165473,1.1457692
0.0026438907,1.1364486
0.001403157,1.1183077
0.0028256015,1.1243801
0.0055586323,1.1339588
0.004420699,1.1292852
0.0022872044,1.1354322
0.66113,1.1363639
0.0011232924,1.1287233
0.001495,1.1175735
0.004758391,1.1402706
0.0024255163,1.1226083
0.0009015899,1.1363437
0.0019211449,1.1392614
0.0021926668,1.1408175
0.006337187,1.1291486
1.4281805,1.1402749
0.5086477,1.1432713
0.002030247,1.1418847
0.50585204,1.1527256
0.0060907407,1.1302128
0.011420139,1.1277238
0.0028353448,1.1454767
0.0039342106,1.1358835
0.0018902299,1.129984
0.0014762118,1.1231006
0.0018645125,1.143443
0.72397435,1.1374247
2.190535,1.1406587
1.0917535,1.1437951
0.0,1.1210426
0.0019765624,1.1251165
0.5434924,1.1527054
0.0030341328,1.1288203
0.5078116,1.1485919
0.002894567,1.145389
0.0025203065,1.1405236
0.0024639962,1.1281339
0.004127761,1.1215569
0.0007308889,1.1351856
0.0017143602,1.1474944
0.6149364,1.1345404
0.029416582,1.1337417
2.9191048,1.1390728
0.0078061707,1.13388
0.9334406,1.1421248
0.0011994895,1.1199646
1.0203164,1.1522315
0.0017972678,1.123535
0.0023140244,1.1492202
0.58646125,1.1467643
0.0024601524,1.1274128
0.0017836225,1.1181643
0.0018569331,1.1191398
0.001844437,1.1493593
1.0621754,1.1406521
0.0069304635,1.141945
0.0015226852,1.1277275
0.0035082668,1.1423883
0.018872717,1.1377949
0.0,1.1271688
0.0,1.12717
0.0029598633,1.123973
0.003171649,1.1233041
0.0009923364,1.1259549
0.0022698413,1.118478
0.77238196,1.1439745
2.546501,1.1458722
1.1727483,1.149072
0.022840278,1.1332772
1.5076683,1.1514869
0.7503593,1.1497178
0.40905148,1.1496404
0.00291423,1.1369894
0.0014553097,1.1369274
0.0,1.1359063
0.05173096,1.1335839
1.5825754,1.1368979
0.5808698,1.1326125
2.118373,1.1401561
1.6263659,1.1463085
1.2417369,1.1430954
0.72748715,1.1396118
0.002086929,1.1301659
0.0076191463,1.130182
0.001727416,1.1260668
1.9893466,1.1441745
0.7326458,1.1394913
1.9893882,1.1469196
0.7263823,1.1533357
0.004787482,1.1437308
0.0019718225,1.1359292
0.003383745,1.1364121
0.0,1.1363728
0.0,1.140006
0.0027271973,1.1406382
0.0052008224,1.1456947
1.2834061,1.134817
0.025695313,1.1286367
2.7811396,1.140683
0.67925,1.1366626
1.4960382,1.1441783
1.3419405,1.1539441
0.9253241,1.1489311
0.018272223,1.1382204
0.0,1.1299316
0.0,1.1357106
0.0060907407,1.1272674
0.0,1.1430141
1.5896833,1.1382438
1.2091912,1.1415788
0.9512304,1.1360326
0.0,1.1389674
0.0,1.130555
1.3166748,1.1533425
0.7054276,1.1487337
0.0,1.132351
0.0,1.1226023
0.5481667,1.1519448
0.5380154,1.1370935
0.8483532,1.1440428
0.0,1.1469585
0.0,1.143802
0.0,1.1439607
0.0,1.1441323
0.0,1.1492637
0.011916666,1.1266979
0.010541666,1.1198786
0.0,1.1272043
0.0036544444,1.1189163
1.2072718,1.1407629
0.54148173,1.1358805
0.0,1.1372
0.769766,1.1445578
0.0025496124,1.1409898
0.003404762,1.1319579
0.0,1.1304046
0.0028550348,1.1390469
0.0014501764,1.1498443
0.0,1.1313591
0.01661111,1.1413493
0.0,1.1457359
0.004350529,1.1408858
0.8455762,1.1447768
0.0,1.1450735
0.0,1.1522063
0.01612255,1.131344
0.0,1.1394901
0.0,1.1257908
0.011420139,1.1300027
0.0,1.1249009
0.016363185,1.1454699
0.0,1.1528305
2.1723642,1.137329
5.2336864,1.1411548
1.0963334,1.1368605
2.3023,1.1444126
0.53625,1.151466
1.8540932,1.1555334
1.5477647,1.1511464
0.66563094,1.1468962
2.1917248,1.14026
2.6488333,1.1414722
0.63215995,1.136041
1.5789584,1.1450577
0.0,1.1316774
0.003915476,1.1429371
1.0831773,1.1476868
0.0066849594,1.1362971
0.94837683,1.1454009
0.0026103174,1.1338727
1.5725687,1.1384181
2.1551604,1.1429414
0.5647778,1.138822
1.1396097,1.1463096
0.033733334,1.1503037
0.0042825523,1.143078
0.5506359,1.1512368
0.018272223,1.1399623
0.0,1.1363934
0.0,1.1260717
0.0071190475,1.1213819
0.0,1.1526167
0.9275381,1.1428101
0.0025261138,1.1489094
0.003953125,1.1397051
0.0,1.1391087
0.0022651516,1.1441919
0.004216667,1.1314859
0.0013402608,1.1379426
0.003052153,1.1337093
0.0028159246,1.145479
0.51821715,1.1413965
0.0,1.1417958
1.2718256,1.1433346
0.005270833,1.1385833
0.0,1.1382306
0.20229961,1.1507559
0.0051713837,1.1425208
0.0,1.1419692
0.0,1.1321787
0.0,1.1310359
0.0,1.133814
0.0018519145,1.1500896
2.175678,1.1328603
0.5266699,1.1367639
4.685112,1.1373366
0.79484165,1.1328579
2.3043303,1.1406287
0.0066444445,1.117961
0.0,1.1184312
0.553061,1.1510504
0.0,1.1447376
0.9572463,1.1470579
0.013369919,1.1140156
0.0,1.1191766
0.0,1.1306256
0.0,1.1443223
1.2275845,1.1381854
0.0065257936,1.1456314
0.0,1.1261686
0.0,1.1364058
0.0,1.126915
0.0,1.1181859
0.0,1.145729
0.0072127194,1.1341245
0.004894345,1.1410862
1.059789,1.1380519
1.7149786,1.1436194
0.5048904,1.1466151
0.01713021,1.140339
0.018902298,1.118057
0.598,1.155981
0.0,1.1335514
0.019301644,1.1492381
0.0,1.1305276
0.0,1.1249715
0.0,1.1204253
2.1529446,1.1393962
2.7374496,1.1438164
0.67039305,1.139851
1.2220892,1.1469733
0.014425439,1.1318084
0.7736981,1.1557914
0.0,1.1270508
0.84545285,1.1512069
0.005270833,1.1363093
0.0,1.1319497
0.0,1.1296954
2.0327847,1.1383895
0.0038603286,1.1331556
3.2369242,1.1429242
0.783707,1.1382629
1.1628584,1.1460611
0.0,1.119224
0.004350529,1.1221122
1.2046919,1.1562796
0.0,1.1364307
1.1080798,1.1515071
0.0047255745,1.1449184
0.1270295,1.1409513
0.0033022088,1.1370347
0.70292926,1.1387678
1.4795178,1.1442598
0.5761344,1.1473168
0.5093202,1.1557838
0.0,1.127403
0.018272223,1.1255666
0.0,1.1474851
0.0019438535,1.1358318
0.005270833,1.1345197
0.006374031,1.1216387
0.0022465847,1.1446091
1.8334312,1.144215
2.1840115,1.1470515
0.8751433,1.1419011
1.1991146,1.150462
0.0,1.1443709
1.4469464,1.153279
0.87300617,1.1510532
0.0014815315,1.1408097
0.023492858,1.1426487
1.28271,1.1369234
0.9764219,1.1329013
2.3144815,1.1403958
0.0,1.1326966
1.7173945,1.1466535
0.0,1.1275909
0.0,1.13748
1.3848422,1.1432519
0.0066849594,1.1268066
2.3664756,1.1435434
1.3312619,1.1389321
2.2200751,1.1465001
0.58520496,1.1505314
0.0,1.1370531
0.0,1.1348275
0.0,1.1501313
2.5488,1.1606807
0.58663917,1.1652416
4.581779,1.1609954
1.1814101,1.1569221
2.5800445,1.1649143
0.7404179,1.1585338
0.80949533,1.1592392
0.6832105,1.1562953
5.0751295,1.162639
3.2945008,1.1590296
4.8769,1.1677758
4.037656,1.1583254
0.0,1.1486763
4.394216,1.1599174
4.1819677,1.1563013
4.452065,1.1652757
0.064732164,1.1574601
0.75634646,1.1559869
3.8974073,1.1554345
0.007724022,1.1634396
3.4794443,1.1606551
1.7082058,1.1570756
2.3002481,1.1651347
0.60371274,1.157987
0.5979758,1.1575134
0.0135317035,1.1578215
0.5344007,1.1568593
1.260974,1.1563135
0.0032619936,1.1462647
0.81558305,1.1500344
0.5053874,1.1632756
1.0658796,1.1674434
2.172267,1.1613175
0.6582708,1.165001
0.66736746,1.1590716
2.937045,1.1607791
1.44627,1.1639978
4.4147773,1.1638178
2.0241468,1.1583548
4.69565,1.1680391
0.5360925,1.1594054
3.195865,1.1593056
3.4281096,1.1612395
2.1465456,1.1558846
3.7058952,1.1659373
0.019332385,1.1595579
0.6623551,1.1571432
3.1486514,1.1567222
2.8319945,1.1611096
0.63039166,1.1557132
0.013983844,1.1590338
1.7404753,1.1649269
0.8062572,1.1566833
0.01617853,1.1458296
0.011154555,1.1478318
0.58536464,1.1505703
0.026338339,1.1529447
0.5153022,1.1642765
1.21254,1.167529
0.8588642,1.1601197
0.0016712399,1.1555507
2.1366496,1.1612048
1.0288439,1.1644293
2.3251293,1.1626897
0.9540138,1.1581496
2.4543946,1.1670657
1.5091873,1.1581106
0.011556217,1.148753
0.0058564814,1.1417269
1.6330236,1.1604674
1.799433,1.1559926
2.0735455,1.1650941
1.6889443,1.1556967
1.5424477,1.1599268
0.9714807,1.1637491
0.0015572917,1.1390501
0.00066686946,1.1415554
2.187891,1.1589702
0.60610515,1.1569985
4.902062,1.1574606
1.2296892,1.1525518
3.1249154,1.1612111
1.27646,1.1548485
1.2855285,1.1545497
0.5549656,1.152954
0.0029913597,1.1547657
2.4583306,1.157085
1.2110659,1.1526226
2.9586875,1.1618427
0.06272554,1.1526772
1.5940397,1.1528753
2.9230547,1.1560524
3.3288743,1.1516767
3.7324758,1.1610855
0.23985799,1.1518716
3.0893505,1.1517733
3.0485404,1.1551939
1.4713948,1.1507703
2.4837153,1.1594074
0.92267746,1.152382
1.6612526,1.1511238
0.003994488,1.1463538
0.034654215,1.1537623
0.61059135,1.1690567
0.0073489742,1.1611387
0.0032245098,1.1610874
0.9878798,1.1600047
2.9414506,1.1613733
0.72643036,1.1645192
0.0017237946,1.1489155
1.0565339,1.1647394
1.9310813,1.168962
0.0033527014,1.1637052
0.0014324913,1.1681348
1.9265803,1.1620705
0.73907936,1.1577779
0.043276317,1.1584837
2.63954,1.1663476
1.1752689,1.1614529
0.604672,1.1650945
0.0023518703,1.1520666
2.6621993,1.1630435
0.5464265,1.159597
0.68067235,1.1668333
0.7349356,1.1621555
4.6538916,1.1616967
1.435276,1.1565187
3.0637193,1.165076
1.2062165,1.1586477
1.0776724,1.1596131
0.7055208,1.1564956
0.91780424,1.1564127
0.0083562,1.141338
4.027219,1.1641082
2.2556987,1.159366
4.2328773,1.1688008
3.0241795,1.1592338
0.0012074156,1.1476344
0.0022044235,1.1618588
3.6408415,1.1626123
3.9671235,1.1578814
4.093251,1.1675215
0.044957556,1.1596701
0.59768826,1.1595944
0.69825995,1.1579782
3.8048189,1.1577113
3.4725876,1.1619078
2.027514,1.1571653
2.692278,1.1659437
1.127325,1.1585227
0.57736456,1.1583666
0.70266175,1.1575447
1.9341643,1.1571244
0.003904321,1.1424843
0.014683036,1.1416363
0.0014055555,1.1437927
0.00057100697,1.1494044
1.1074642,1.1481854
0.005817,1.1458851
0.6002951,1.1508198
0.0009966667,1.1559216
0.6369599,1.1645056
0.99055845,1.1683792
0.011962559,1.160556
0.0,1.16404
3.0763693,1.1603445
0.7283986,1.1572635
1.1234561,1.1649233
1.2270564,1.1587373
3.9597902,1.1597666
1.5168555,1.1548554
0.014225778,1.1595861
2.5486267,1.1635643
1.2815998,1.1565826
1.3559219,1.1570245
0.014584251,1.1563071
1.149813,1.1553011
1.1024182,1.155138
5.2253466,1.158666
3.320395,1.1544608
5.1229773,1.1635002
0.8961382,1.1556716
0.79837155,1.1546017
4.098499,1.1545233
0.0010076594,1.1502967
4.019937,1.1581761
4.3889666,1.1541543
4.4864626,1.1634741
1.121143,1.155568
1.321997,1.1544423
4.294243,1.1539834
2.9449942,1.1571047
1.7166866,1.1528616
2.4898386,1.1614959
1.1304187,1.1536769
0.5363172,1.1531632
1.2424698,1.1534511
1.6524595,1.1529455
1.2610095,1.1514753
0.0044738688,1.1487812
0.6475609,1.154156
0.5034826,1.1718599
0.0025848208,1.1644251
0.0020189297,1.1681982
0.0029244914,1.1705388
0.7091603,1.1558775
1.4539299,1.1650108
0.5711713,1.156505
0.0044064843,1.160841
2.4679682,1.1623503
0.54005116,1.1592749
0.58068836,1.166447
0.65666497,1.1615239
0.006588542,1.1662607
4.1834426,1.161383
1.1644692,1.1563889
2.5417464,1.1650432
0.8730557,1.1581297
0.87010026,1.1593958
0.5934005,1.1564986
0.8855779,1.1560038
4.100304,1.1620628
2.6144829,1.157488
4.4531684,1.1668651
0.014265688,1.1590564
3.270653,1.1572789
0.00089569716,1.1647378
3.6458852,1.1606109
3.8992376,1.1562793
4.0871887,1.1658735
0.63955516,1.158409
0.8374533,1.1564288
3.8289924,1.1557133
2.9266932,1.160116
1.6118847,1.1556417
2.2809014,1.1644841
0.79010445,1.1565678
0.025551833,1.1568059
0.794396,1.1560217
1.3746216,1.1552312
0.0046161404,1.161074
0.004420699,1.142177
0.8887954,1.1478543
0.0019615593,1.1458992
0.003887707,1.1522036
0.5694426,1.1661594
1.3158598,1.1617525
3.0468931,1.1609875
0.7364682,1.1559173
1.9490796,1.1648021
0.0023781634,1.1546052
0.0016201971,1.1530684
3.057064,1.1610032
1.2937247,1.1564735
3.834539,1.1657573
1.9656956,1.1567112
1.939851,1.1594306
2.693394,1.1550721
2.8255322,1.1645614
2.3011017,1.1549755
2.130185,1.1587056
0.82044286,1.1542991
1.5641001,1.1629838
0.6513916,1.1543565
0.0017935256,1.1570088
0.0026668499,1.1581639
0.003353385,1.1508757
0.0035063967,1.1661233
1.2868872,1.1626328
0.0025030442,1.1593703
2.3089352,1.1612022
0.556626,1.1561359
0.9525635,1.1645433
0.389874,1.1566803
0.0019813252,1.1507305
2.423453,1.1609489
1.0179627,1.1565819
2.4406075,1.1655033
0.012148558,1.1582645
1.7371806,1.1569824
0.010088957,1.1548041
0.0011141599,1.1508435
2.1394243,1.1603318
2.4327867,1.1560938
2.3931038,1.1652792
2.410963,1.1561173
1.9687994,1.1584903
0.73486805,1.1541873
1.137251,1.1624957
0.004090796,1.155659
0.67302686,1.1544449
0.006274197,1.1570781
0.0022130953,1.1580776
0.012605066,1.1657553
0.0025024428,1.1726147
0.0021496732,1.1597694
0.0006173048,1.1607393
2.5826595,1.1576625
0.58275545,1.1543424
0.7494287,1.1616477
0.7001298,1.156862
4.629259,1.1577221
1.5330524,1.152558
2.5265794,1.1611563
1.3190588,1.1549089
1.0330073,1.1555915
0.6521382,1.1526674
0.839218,1.1526152
0.0065780003,1.1576282
0.009940846,1.136979
3.6830654,1.1601536
2.3352952,1.1552353
4.2191772,1.164569
3.2069416,1.1554307
0.0,1.1403633
4.2024965,1.158281
4.3752975,1.153477
4.233958,1.1629106
0.5552694,1.1549634
0.88361347,1.1537731
4.0652966,1.1534154
3.1210043,1.1572651
1.5451157,1.152505
0.011568452,1.1565243
2.3856902,1.1612802
1.0001273,1.1541172
0.55289227,1.1536218
0.68549263,1.1530513
1.4287914,1.1525148
0.0024992402,1.1450521
0.0047991243,1.1445973
0.82492644,1.1435758
0.5465468,1.1453527
0.00080612744,1.1491491
0.0,1.1463236
0.0025314162,1.1469071
0.0,1.1638561
0.044947714,1.1637946
1.9140153,1.154576
0.0028093103,1.1518915
0.0020922392,1.1464456
0.92077214,1.1521038
0.0018031799,1.1532899
0.00240776,1.1514761
0.66029644,1.1562214
0.0040409723,1.134319
0.0027103936,1.1379663
0.0016835586,1.1471453
0.0024581465,1.1575185
0.00272043,1.1511607
1.6260802,1.1620774
0.0026708816,1.1623622
3.3958426,1.1621324
0.9053843,1.1570538
2.0849624,1.1654422
0.73461586,1.1590562
0.6106867,1.1602025
0.6375897,1.1567346
0.0018945852,1.1439023
0.0032094067,1.1393241
3.075844,1.1635014
1.7410682,1.158902
3.592497,1.1681687
2.5075386,1.1586546
2.6803021,1.161209
3.055223,1.1566789
3.150012,1.1661043
2.7800221,1.1562134
2.7937121,1.1610903
1.1498715,1.1563889
1.8598185,1.1650835
0.6704374,1.1577538
0.5242934,1.1566159
0.9013462,1.1562065
0.003675447,1.1417015
0.56801224,1.1475785
0.005270833,1.1494722
0.0060255993,1.1507944
0.53676915,1.1676701
0.003806713,1.159962
0.00417992,1.1601759
3.0667078,1.1633946
0.7935735,1.1605028
0.972963,1.167287
0.9558988,1.161589
5.321112,1.163088
1.8564066,1.1583253
3.6055124,1.1665868
1.5520729,1.1599675
1.4166161,1.1602607
1.058555,1.1581334
1.4470775,1.1580487
5.0445995,1.1639109
3.240656,1.1596965
5.485226,1.1686059
0.78412366,1.1613098
0.67983526,1.1593217
4.799635,1.1593851
4.76081,1.1627561
5.1143403,1.1585517
5.3047776,1.167841
1.1228254,1.160553
1.4729892,1.1584659
5.1440926,1.1581558
4.2519846,1.1616505
2.542716,1.157302
3.328228,1.165821
1.3993556,1.158013
0.8485288,1.1573882
1.3315201,1.157533
2.2927275,1.1571177
1.2814993,1.1491513
0.6858429,1.151735
0.0027587654,1.1551121
0.01479247,1.1531727
0.9445749,1.1679844
0.0033121854,1.1607348
0.514216,1.1592386
2.6168149,1.1608567
0.59080327,1.1648716
0.6785859,1.1599509
4.8232775,1.160894
1.2383034,1.1560076
2.6489093,1.1643549
0.8211651,1.1587692
0.0,1.1391883
5.4678245,1.1632329
3.7624972,1.158813
5.068043,1.1678545
0.51938254,1.1601359
0.6495659,1.1581117
3.8297155,1.1583606
4.509016,1.1598142
4.389941,1.1554042
4.634166,1.1646907
0.60978365,1.154881
3.3016245,1.154791
3.7085583,1.160416
1.5983925,1.1560847
2.6515408,1.1644992
0.5202756,1.1570241
0.6524413,1.155562
0.0012021199,1.1484607
0.0027810035,1.1396016
0.5717363,1.1459846
0.0021890744,1.1506463
0.6570698,1.1635321
1.2176323,1.1673815
1.340972,1.1617261
2.5266516,1.1610662
1.2799219,1.164569
0.0022429079,1.1415167
3.0904696,1.162236
1.6981791,1.1579326
3.3711824,1.16702
2.1254714,1.1572176
0.0058612525,1.1650202
0.010583202,1.1518787
0.0016644737,1.1511536
2.0142467,1.1597255
2.1916292,1.1555275
2.427867,1.165054
1.915368,1.1546786
1.7936302,1.1602386
0.6309328,1.1559232
1.2135514,1.1645861
0.14127405,1.1570472
0.0019729144,1.1491013
0.003305053,1.1466917
0.01577206,1.1653488
0.029630631,1.1498383
0.5328611,1.1667694
2.6894982,1.1650239
0.61630493,1.1622294
1.0269669,1.1694028
1.0668815,1.163712
4.030629,1.1650177
1.5404177,1.1603652
2.8325567,1.1687316
1.2641056,1.1620028
1.3524132,1.1625968
1.0458578,1.1602606
1.0848204,1.1602992
0.013153156,1.1650256
0.0025964081,1.156784
5.2488785,1.1635786
3.2247248,1.1596192
5.1412644,1.1683894
0.86528224,1.1604867
0.8424799,1.1593004
4.088771,1.1594218
0.013684892,1.1626006
3.6621718,1.1630894
4.045932,1.159325
4.0882583,1.1684096
0.8703634,1.1603749
1.0296036,1.1591262
3.8246057,1.1588356
3.3199403,1.1632961
1.8003297,1.1593608
2.6296046,1.1676279
1.1572592,1.160095
0.029337287,1.1602201
0.5608681,1.1597106
1.2442374,1.1593615
1.6926211,1.1590749
0.00242517,1.1559349
0.0035804943,1.1535399
1.295751,1.1568145
0.21844992,1.1533114
0.515458,1.1582935
0.91613954,1.1614561
0.6229015,1.1663119
0.0041585057,1.1627322
1.6056818,1.1701204
0.0121935485,1.1618897
0.69465137,1.1617234
4.1617994,1.1568618
0.95695305,1.153453
1.44547,1.1612769
0.51637715,1.1552993
1.9022689,1.1542437
7.282333,1.155192
2.6615531,1.1502427
4.579237,1.1588885
3.0226014,1.1524048
0.70913625,1.1530315
2.6382694,1.1519057
1.2959912,1.1506677
1.3104609,1.1506244
5.8415833,1.156998
4.07522,1.1526223
6.3434973,1.1617113
0.5358153,1.1540533
4.597263,1.1528697
1.13687,1.1638154
6.291083,1.1564864
6.857543,1.1519663
6.877949,1.1616403
1.3797748,1.1539239
1.5598812,1.1525539
6.6897297,1.1522064
6.147298,1.154611
3.2083874,1.1501421
4.9163003,1.1587842
1.9178877,1.1514627
1.3479853,1.1500636
1.0697321,1.1508516
3.0143733,1.150528
0.0023476088,1.1451567
0.0010265294,1.1450921
0.0041597807,1.1490377
0.003126426,1.1507524
0.01598197,1.1533216
1.5992099,1.1693242
0.1220234,1.1481953
0.55335903,1.152949
1.1784238,1.1566906
0.22899914,1.1523727
1.9189906,1.1606127
3.1663387,1.163268
0.7067435,1.1669627
0.9365735,1.1611458
0.0056366753,1.159339
6.044237,1.1624575
1.6916081,1.1573162
3.695995,1.165489
1.8115195,1.1597959
1.7576842,1.1594228
0.5812885,1.1575619
0.8076381,1.1573422
3.1680458,1.1633375
1.63254,1.1587515
3.4540343,1.1676831
0.009616959,1.1593986
1.8781756,1.1587083
0.0031870154,1.1517779
3.4326663,1.1627767
3.9329972,1.1583496
4.2536006,1.1674616
0.5980608,1.1598463
3.4808583,1.1580595
3.5661151,1.1608261
1.9343958,1.1562399
2.989725,1.1645344
1.3704166,1.1576844
0.8673048,1.1564509
0.54171765,1.1568271
2.0845485,1.1562134
0.0012346096,1.1536334
1.1920134,1.1747842
0.76708305,1.1634947
0.7121961,1.1670383
3.9392216,1.1639622
0.86663,1.1677045
0.88157755,1.1588124
4.4342294,1.1636207
2.0242257,1.1667987
0.005339286,1.1524292
2.060189,1.1673437
0.71566206,1.1636937
3.2221396,1.1718423
1.4057355,1.1627415
2.3550508,1.1647189
2.2580955,1.1609381
3.594757,1.1691254
2.3536496,1.1598624
2.0840123,1.1642911
1.6771889,1.1678873
0.0043333336,1.1507066
0.0022840279,1.1520251
0.004420699,1.1591858
0.06196117,1.1539792
0.7062214,1.1699493
3.3575208,1.1639203
0.17561027,1.1594518
1.0102576,1.1670424
0.080711655,1.1621209
0.5749198,1.1590402
0.9592917,1.1584343
2.5709915,1.1635662
0.95738834,1.1663169
0.02257157,1.1500994
0.004249354,1.1457984
1.8353951,1.1684457
0.57688016,1.1629106
3.3623216,1.1721534
1.5045247,1.1636345
2.0131478,1.1657082
1.0610436,1.160195
3.4499443,1.1696539
2.1138544,1.160848
2.0584219,1.1644547
2.1493905,1.1676317
0.013369919,1.163091
0.016978614,1.152903
0.5250808,1.1527389
0.045365516,1.1560742
0.9033169,1.170804
1.1665419,1.1660904
1.4867083,1.1660961
0.7956667,1.1687721
0.70172286,1.1694201
1.5678861,1.1731681
0.8044872,1.1671263
0.9049101,1.1626705
1.6727452,1.1709172
0.91637546,1.1620723
0.7641467,1.1660877
0.005790493,1.1655099
0.78326404,1.1691073
0.0041844784,1.158996
0.0027408334,1.1519471
0.0064871795,1.1489657
0.0,1.1559365
5.6009126,1.1620122
2.2939239,1.1658398
3.2475655,1.1573682
3.193753,1.1569482
3.8886192,1.1607237
0.61469173,1.1559683
2.2561843,1.1639217
0.75788194,1.1580626
0.015226852,1.1614836
0.0020763888,1.1542481
0.5009428,1.1621758
1.7794203,1.1663878
0.022348333,1.1596538
0.0022651516,1.1570565
1.1649414,1.1607867
1.3418664,1.1562446
3.2886927,1.1650862
1.3007712,1.1560704
1.2269028,1.1589686
1.8943995,1.1624985
0.0018272222,1.1491232
0.0036131514,1.1675609
0.5311597,1.1725364
0.0058770305,1.1581472
0.0076845796,1.1617877
1.9578217,1.1624774
0.013051587,1.1613842
1.8255382,1.1638488
1.3683069,1.1698889
0.0023774267,1.1643254
0.0069,1.1591066
0.0034089966,1.1481719
0.0045037167,1.1506952
0.01172549,1.1696929
0.0047012577,1.1712841
0.0025232069,1.1685475
0.003972222,1.1576105
5.4403296,1.1669205
0.89190656,1.1635596
2.7216666,1.1700846
2.2092195,1.1614417
2.878745,1.1612574
4.6492944,1.1650985
0.8114593,1.160499
2.3743625,1.16796
0.6429624,1.163767
0.7533464,1.1594375
0.0039837696,1.1486186
1.6824414,1.1699231
0.87925935,1.1650537
3.6152897,1.1739284
1.4022869,1.1646703
0.0018394855,1.1651906
2.3097231,1.1678289
2.6566923,1.1629556
3.9808276,1.1718901
3.0472603,1.1624817
2.5802302,1.1661168
0.7713892,1.161326
2.2584467,1.1694243
1.0909592,1.1608921
1.3972418,1.1522881
0.81449294,1.1726338
4.4372888,1.1633505
1.2704253,1.1597824
2.5246015,1.1672345
0.29773423,1.1614791
0.8245662,1.1615497
1.815924,1.158791
1.5914441,1.1581587
5.081244,1.1624947
1.4654506,1.1573505
3.5041296,1.1657313
0.68663585,1.159057
1.7988522,1.1596426
0.8347557,1.157797
0.8861705,1.1574129
0.0023032213,1.1587864
2.8689415,1.1630737
1.4183147,1.1586078
5.0670476,1.167291
0.5015316,1.1587785
2.3046799,1.158422
0.006591182,1.1639754
3.4458878,1.1623068
3.7790496,1.1580251
4.4302764,1.1667594
0.78638184,1.1582761
3.382388,1.1575588
3.3389342,1.1609498
1.1299927,1.1563207
2.5378468,1.164679
0.84716666,1.1571518
1.2965382,1.1563414
0.0020272436,1.152851
1.4693657,1.1572746
0.25885648,1.1516062
1.1253369,1.1694078
3.2375498,1.1645037
0.52247137,1.1614813
1.2676355,1.1681774
0.707969,1.1588025
3.7588573,1.1631259
0.7659518,1.1586121
2.1224947,1.1664447
0.52325,1.1619014
1.0081667,1.1661366
0.53116924,1.1614221
3.2413838,1.1705266
1.2772872,1.1608887
0.0,1.151605
0.001986111,1.1498505
0.0,1.1547542
2.3645782,1.1645662
2.6183705,1.1600956
3.6571717,1.1691623
0.02220422,1.1609257
2.6958225,1.1592242
1.9500872,1.1631562
0.55022746,1.1585795
1.8047898,1.1669194
0.6312033,1.157825
0.003915476,1.1412376
0.0040012165,1.1449482
0.6802087,1.1507322
0.0012127581,1.1491832
2.764818,1.1642636
0.90079606,1.1680965
2.629266,1.1634371
1.4904553,1.1666073
0.65598786,1.1652204
2.714291,1.1693072
0.62712073,1.1606073
0.0008927796,1.1578633
0.0032758964,1.1600188
1.024249,1.1634876
1.516937,1.1589248
2.7068636,1.1677384
1.5710514,1.1586407
1.2395481,1.1622409
1.2537855,1.16575
0.0064439657,1.1593251
0.003955842,1.1615962
0.005307952,1.1521517
0.0011890817,1.1515064
0.0033323201,1.15407
0.009224944,1.1543697
0.0042877058,1.1537402
0.0018111233,1.1749581
2.1716037,1.1653298
0.63707185,1.1686715
2.4234066,1.1638006
1.2916982,1.1665691
0.017746404,1.1514293
1.9035422,1.1695658
0.00325,1.1627659
0.60638696,1.1611937
0.005481667,1.1644238
1.218299,1.1646398
1.4980072,1.16034
0.0050468603,1.1619357
2.2997944,1.1687638
1.6263266,1.1600161
1.2386458,1.1619486
0.98648673,1.1651446
0.0030538533,1.1552266
0.002514526,1.1517562
0.005294329,1.156618
0.0015820105,1.1535789
0.0043276316,1.1627606
3.9284127,1.1596134
0.5373948,1.1561483
1.3310777,1.1630749
0.7381196,1.1543378
1.3899677,1.1538023
4.3812504,1.158563
0.6163089,1.1536384
2.2672257,1.1615909
0.6363909,1.1569823
0.75255007,1.1631962
2.800789,1.1670336
0.0005342755,1.1647896
1.3822354,1.1579094
0.0031145834,1.1411055
1.9111757,1.1610154
2.293763,1.1560578
3.8238852,1.1648549
2.8343606,1.1556073
1.7534729,1.1592335
1.9539033,1.1626219
0.65978134,1.1538368
0.0021412761,1.1429197
0.0021329443,1.1412944
0.87877303,1.1449457
0.00855104,1.1492884
0.0021002553,1.1443897
0.94087803,1.1566333
0.61423707,1.1566881
0.007583333,1.1577119
0.0,1.1412855
0.0016611111,1.1401654
0.0016737913,1.1441582
0.0039295102,1.1509191
0.0009894705,1.15646
2.4289975,1.165414
0.8814702,1.1685042
0.5170124,1.1596324
2.941227,1.1648787
1.5462868,1.1675185
0.0011096491,1.1600424
0.0,1.1470903
0.004216667,1.1421031
0.9156875,1.1685117
0.006229167,1.1649274
2.7570834,1.1724027
0.97758156,1.1633574
0.0,1.1569473
0.009451149,1.1650635
0.005094486,1.1635873
0.009516782,1.1495174
1.5535523,1.1659597
1.7620673,1.1612521
2.7391896,1.1698703
0.014895833,1.1627494
1.8679606,1.160603
1.7125899,1.1648957
1.3359294,1.1680058
0.0061296592,1.1474766
0.0037891704,1.1472847
0.012432646,1.1701182
4.158653,1.1668572
0.65771973,1.1639658
1.7492608,1.1700947
0.76674217,1.161641
1.1749492,1.1614736
4.764441,1.1661836
1.07888,1.1619074
3.2598338,1.1691021
0.5553967,1.1641154
0.7639803,1.1641191
0.7004109,1.1608831
1.3780352,1.1695323
0.6748121,1.1652273
4.2671638,1.1736395
2.2163146,1.1647216
0.007294994,1.1664735
3.1475766,1.1679696
3.680022,1.1635894
4.7277,1.1722142
0.50542355,1.1634492
3.8239543,1.1630552
2.7307673,1.1658947
0.8917497,1.1615063
2.8003454,1.1693507
0.016276423,1.1629261
0.0027685186,1.1626959
1.0902629,1.1610879
0.0016763507,1.1624436
0.0020277435,1.1464413
0.0030453703,1.1519285
0.9492209,1.1531445
0.00060105993,1.1544381
0.0028207547,1.1517946
0.005291184,1.1685741
0.52336,1.1719056
4.229563,1.164338
0.96382296,1.1676356
0.8281009,1.1584944
4.278354,1.163922
0.56767607,1.1593378
2.0091946,1.1667379
2.0546162,1.1682531
0.9254197,1.163673
3.4978704,1.1722037
1.4284837,1.162942
0.0018560948,1.1715657
2.323747,1.1648229
2.0778353,1.1602503
3.7554107,1.1687175
1.936707,1.1593302
2.001622,1.1644716
1.6465265,1.1676747
0.001922043,1.1411949
0.0020711587,1.1474804
0.0019133217,1.1470416
0.00048254107,1.1466755
0.7582351,1.1706944
2.8069499,1.1657121
0.17682795,1.1625601
0.6823143,1.1691474
0.6589591,1.1596717
2.4406886,1.1646165
1.1114051,1.1674314
0.74633133,1.1676036
1.9101431,1.1716881
0.5654772,1.1620523
0.002963063,1.1511511
0.0047805235,1.151284
0.0044931695,1.1639429
0.0,1.1657679
0.0020006082,1.1536435
0.9184973,1.1651407
1.0423472,1.1607366
2.03572,1.1694682
0.0103308335,1.1619457
1.0058006,1.1595199
0.84886,1.1646594
0.9924271,1.168047
0.0014735663,1.150536
0.0016314484,1.1539944
0.004956299,1.1454133
0.005123053,1.1444386
0.0022362245,1.171779
0.013051587,1.1631001
0.0012181482,1.167206
3.9118996,1.1683885
0.9617535,1.1653425
2.263832,1.1719397
0.18606257,1.1668156
0.59414196,1.1670703
0.011431215,1.164986
1.4532161,1.16367
1.4589018,1.163299
4.1072445,1.1684269
1.2249485,1.1637143
2.9024649,1.1714183
0.5726681,1.1653754
1.3893335,1.1660329
0.59741837,1.1635163
0.7393417,1.1634423
0.0018805031,1.1563576
0.0029845736,1.1579579
2.565586,1.1688324
1.413418,1.164776
4.495275,1.1729037
0.12869619,1.1657914
2.11748,1.1643162
0.0046454803,1.1705598
3.044613,1.1678454
3.2699974,1.163915
4.0920296,1.1721648
0.56295633,1.1636137
3.089531,1.163158
2.916835,1.1675929
1.0553489,1.1634207
2.3715823,1.1710854
0.0050060884,1.168978
0.6803798,1.1636242
1.1192843,1.1630989
1.1913047,1.1615918
1.1129981,1.1751088
5.6719127,1.1594999
2.566246,1.1631838
0.8311875,1.1570045
2.9728744,1.1549327
2.945936,1.1544951
5.9747186,1.1581417
1.4674,1.1532632
4.352548,1.1612598
0.7522713,1.1556715
1.2380469,1.1550986
0.58540624,1.1533414
0.5134812,1.153303
0.0,1.1494336
2.076817,1.1619495
1.0111452,1.1573693
0.0077570756,1.1590279
5.013018,1.166063
1.3450385,1.1576463
3.3451219,1.1608424
3.8589194,1.1560321
5.631268,1.1652075
0.01595194,1.1582906
3.828882,1.1564245
3.1497118,1.1578348
0.9572463,1.1530646
3.8100595,1.1613183
0.7782458,1.1535434
0.0034260417,1.1443743
0.001957738,1.1450552
0.0,1.1484063
0.012565425,1.1453003
1.3223319,1.172769
0.994821,1.1638364
6.9813333,1.166161
0.84306645,1.1626183
3.4651964,1.169298
0.008459362,1.1616195
4.551203,1.1611542
4.312032,1.160508
4.60396,1.1651924
0.99572045,1.1605445
3.4638462,1.1677758
1.0205998,1.1629864
1.24006,1.1625863
0.51771295,1.159982
1.12278,1.1596977
0.6982351,1.168393
2.0387063,1.1722484
0.016314484,1.1494683
1.6365893,1.1673721
1.8015424,1.1629655
0.0024692193,1.1638182
3.8692737,1.1714134
1.9393045,1.1623176
1.578517,1.1643173
2.1415045,1.1674782
0.8042773,1.1593264
0.0033424797,1.1553658
0.006423828,1.152284
0.36857682,1.1555991
1.0448704,1.1782767
0.0022527399,1.1718353
0.026281964,1.1643372
0.0044931695,1.1637167
