y_test,pred_test
1.61161,2.990044
3.7418334,4.536048
0.0,-0.054029863
1.081518,1.5036147
2.08725,3.518911
0.048367646,1.0528309
1.6504583,1.4467919
0.76833194,1.0089993
2.7231505,3.2238243
1.4792439,1.5686626
0.664125,1.5085322
1.397825,1.7925318
0.0046454803,-0.025347155
0.0,0.0043401495
0.0,-0.007952992
0.0,-0.008333813
0.759,1.3903332
1.3116845,2.7794566
1.5896833,2.572728
1.0963334,2.0511146
2.4496198,4.377498
1.5531389,1.530774
0.84716666,1.2198374
2.4035,3.6840057
1.0530571,1.534838
0.03426042,-0.045739565
0.0,0.04809745
1.5074583,2.0487652
0.5024861,0.48925796
1.0963334,1.4108623
0.0,-0.03625304
0.012458334,0.077301964
4.019889,4.193755
1.7012069,2.9104793
0.5285893,1.0899081
0.0,0.019869458
0.0,-0.04066206
1.4599133,2.509612
0.0046064425,1.1719624
0.0,-0.019242339
0.31671852,1.1853328
2.6449041,3.4625285
1.1166358,1.9362508
0.014488987,0.67591536
0.0,0.10819925
0.6395278,1.3321184
1.2117368,2.762982
0.5090119,1.1346564
0.0,0.038031906
0.0,0.24396563
0.0,-0.020259354
0.0,0.104426
0.0,0.45452687
0.0,0.052218586
2.451523,4.545768
0.024916667,0.11828813
2.4439096,3.9015563
0.0,-0.027924564
2.2513988,1.564827
0.9065833,1.467904
1.8438333,1.9225742
0.00978869,-0.08485541
0.6166875,0.65294564
2.140591,2.2349603
0.7491611,1.2949733
4.493524,1.7893933
0.6287794,1.0080622
2.437899,1.585729
0.0,-0.045120653
0.7308889,0.57481146
0.0,0.08670525
0.0,0.07268481
0.7867207,1.012353
3.460302,3.1189103
2.3790433,1.2476791
0.0,-0.010322176
0.88816875,0.8925365
0.13704167,0.9934586
3.206775,3.218864
2.1428332,1.6394166
1.1746429,1.058114
2.9516666,1.3881575
0.021926668,0.16544096
0.01713021,0.06222074
0.0,0.1455305
1.7288333,0.72320294
1.8993495,2.6445012
0.019933334,0.24955954
3.3359857,3.272171
1.7815417,1.4173381
0.0,0.022692163
0.55673176,1.1206452
2.7408333,2.7518315
1.56975,1.0826252
0.5481667,0.76777005
2.561625,2.4412246
1.6559201,1.262763
0.62377584,1.2042389
0.84608334,1.2004651
0.0,0.17192392
0.0013568482,0.10224351
0.017380895,0.36925244
1.9968928,1.7048128
1.3480425,1.1405878
0.0,0.04985778
2.1281765,1.2773278
0.0,-0.016216133
0.010748366,-0.005115181
0.9629461,1.3398464
0.57676667,0.58674073
0.0015572917,0.00046167895
0.0,0.0002139099
0.0,0.13307033
0.0,0.17949225
0.70294315,1.4280252
1.7612392,2.0067663
0.897,1.0111238
1.1991146,1.7053561
1.153434,1.6149431
0.6173048,0.54913443
0.50395966,0.5873102
0.0,-0.11083816
0.0026870915,-0.047372546
0.003703829,-0.108913705
0.25378087,0.6244129
0.010963334,-0.084018916
2.1231809,4.0242515
0.6578,1.1885558
7.556869,5.184009
0.0,-0.032937277
0.0,-0.093299344
0.015226852,-0.04767945
2.0708518,3.4828172
1.5160234,1.3249791
0.54193753,1.7898798
0.0,0.14087617
5.5913,3.803638
1.4008703,1.8027533
0.8803889,2.0256772
1.9185834,1.9011428
0.0,-0.04862452
0.10278125,0.03754454
1.6335367,2.6897988
0.022840278,0.06502848
0.0,-0.05545033
0.0,0.020940885
0.0,0.0073384345
1.8363583,1.9359436
1.6866667,1.7607203
0.8112867,0.9598954
2.0448465,4.153818
0.50756174,1.3857954
4.4108295,4.1042056
3.2567549,2.1785934
0.0,-0.011542957
0.0,-0.10417016
2.4882467,3.9848082
1.9778446,1.797526
0.644902,1.0515416
2.8248267,3.300504
0.0065257936,0.051425442
1.965925,1.7598356
0.9417222,1.8287178
1.8119954,2.0384455
0.0,-0.023109216
0.005374183,-0.0759407
0.0,0.010056382
0.004420699,0.025911765
0.006136194,0.04785086
0.0024916667,-0.021617893
0.740025,1.3962486
1.612764,3.6310027
5.1484675,4.8787045
2.0784652,2.1916428
0.0,-0.0035234876
1.2578467,1.687255
3.0149167,3.577876
2.3484614,1.4492052
0.008305555,-0.06891817
0.86310714,1.2580965
2.7646668,3.5063462
1.6935896,1.6774755
0.9592917,1.7588078
1.1847473,1.872699
0.005075617,-0.027769532
0.0050444785,-0.10087618
0.0,0.022739064
0.0,0.07313509
2.6354167,1.6036772
0.530194,1.0316355
2.8353448,1.8019706
0.7765694,0.86643624
2.9318612,2.2381825
0.7153575,0.81273246
0.01713021,0.11878155
0.79339916,1.611778
0.5943605,0.7072655
0.0,0.11178793
0.5329398,0.6457393
2.139187,2.4329586
0.98213196,1.1172898
3.8969667,2.392126
0.57100695,0.9566748
1.61161,1.7262073
0.014425439,0.13657784
0.0,0.14563508
0.89823353,1.4032738
3.8020277,3.310537
2.1165323,1.4954066
0.0,-0.029837888
0.8611271,0.9211641
2.9618683,2.699993
1.6512675,1.4961164
1.10825,1.1472397
1.8119954,1.2859977
0.018408582,0.5308256
1.774329,1.2697434
6.3671665,5.539645
3.864575,5.2886753
1.8869584,4.08325
3.502176,5.580777
2.226927,2.3393345
1.3992676,2.0303192
4.6594167,5.2763324
0.0,-0.062726215
2.8524969,2.2589154
0.0,-0.048822273
1.2059667,1.8499306
0.7308889,4.492969
6.495775,5.4505816
2.6312,4.1112742
0.56339353,1.2564572
0.6395278,1.7843097
2.055625,4.7006807
0.8989933,2.0057242
0.6779956,1.9621397
1.3205833,2.6982014
0.017875,1.0481219
0.0,0.7407529
0.0,-0.06559153
0.0,0.057059933
1.299358,0.97776234
3.3598552,3.463923
0.57308334,1.0549161
0.6861448,1.6572527
0.45488304,0.44345388
0.5800368,0.7252456
0.5513211,3.7893782
0.9515518,1.1646724
0.0071274624,-0.00949803
1.9702809,1.723835
4.071373,3.6093922
2.2276742,1.1144447
0.83591235,1.0686858
2.7403314,3.0503285
0.9941651,1.2435284
1.2022779,1.2915008
1.468784,1.1324179
0.005958333,0.028632406
0.0073088887,-0.012857292
1.3491408,2.1550875
0.03559524,0.019727085
0.7369953,3.5956104
0.5451213,0.8534852
0.7554422,3.8889225
0.007027778,0.377794
0.52525294,3.3446164
0.0027136963,0.0010269955
1.0371562,1.5483499
0.012974359,0.14695074
1.5357509,2.1455436
0.006599117,0.07654445
0.53699857,0.69286156
0.7713542,1.7355716
0.0016314484,0.065639585
0.007613426,-0.03456587
0.0069879605,0.04236106
0.004249354,-0.0153575465
0.00235409,-0.010012753
0.0141767245,0.009982366
0.003806713,0.3272864
0.0053048385,-0.017284412
1.322049,4.1818223
0.64398444,1.5851759
0.6068226,3.148085
0.71753377,0.90195966
0.5813542,1.1816727
1.5408403,1.4229903
0.004906863,-0.19673426
1.4746789,3.0996258
0.0068520834,0.0057386123
1.560392,3.166325
0.05451839,0.41059864
0.25923154,1.6202642
0.8752694,1.619426
0.0,-0.010774534
0.0072127194,-0.0035740398
0.009728267,-0.039385576
0.5429591,1.1663194
0.012638287,0.0047890507
0.013704167,0.05592114
0.0078590205,-0.0497082
0.9588793,1.6060121
0.8423337,2.8060656
0.011505747,0.12773068
0.59869367,2.3888764
0.0114076305,0.322735
0.01010051,0.059280995
0.009781413,0.04841979
0.0017237946,0.023091327
0.003513889,0.080538146
0.00602381,0.07060063
3.8660784,3.9021244
0.934887,1.7541698
1.3569921,2.685612
0.670987,1.0852824
0.7443684,1.6378193
0.012411321,0.5378207
0.70121604,3.5964577
1.2891368,1.3740377
0.01270585,-0.03488383
1.3470905,1.4959726
3.1035907,3.4488437
1.6886381,1.2183883
0.6518823,1.1212652
2.5162714,3.053381
0.016412176,0.1464152
0.021594444,0.57315886
0.06003213,0.5322981
0.011550209,-0.019332353
0.98440534,1.4003183
1.4132061,1.6326276
1.4644452,1.6469336
0.010408228,0.12987053
0.011956655,-0.05159541
0.9709548,0.9911639
0.682998,0.7173655
1.1285784,1.6880959
3.0593119,4.0889688
0.99759525,1.648414
1.000207,2.8118582
0.71916306,0.8599131
1.3079282,1.1672251
1.0731714,2.5066628
0.84956414,1.2086003
1.583414,1.1284652
4.470334,3.5518484
2.2471673,1.0832877
0.01957738,0.25650316
0.011187075,0.37165332
0.79379845,0.80679715
2.7998288,3.276383
1.5221798,1.2624874
1.2595769,0.9258959
1.5332055,1.2701352
0.010027439,-0.056852277
0.009045655,-0.019924622
0.8441509,1.0228555
0.019253789,0.0028966647
0.00788729,-0.044612844
0.009353412,-0.044665758
1.2628816,2.2022157
2.8460863,3.01228
0.52501774,1.0618945
0.63596827,1.5711561
0.57951343,0.78294384
0.724397,2.8092499
0.6766018,0.9871093
0.0063152844,0.018210262
0.7813698,1.2124462
2.458049,3.0386267
1.6116782,0.9754139
0.02787288,0.007805802
2.1970172,2.5486708
0.011183071,0.12970689
0.92775995,1.1406037
0.757895,1.1173679
0.96597666,0.87291807
0.0052372613,-0.03002065
0.6530533,0.6815425
0.006652508,0.0018633455
1.2673936,2.310832
0.017176216,0.11904515
0.17365585,0.4777909
0.006909664,0.026635684
1.9780787,2.3225741
0.011094827,0.017571028
0.008274214,0.0076439865
1.1835259,2.0799634
0.3234667,0.91341203
0.019145528,0.41774225
0.008014132,-0.021625698
0.5430436,0.8328706
0.004934397,-0.022412516
0.0055557434,-0.041491646
0.008206088,0.026536275
0.009500515,0.049504187
0.009578181,0.23384775
1.2365713,2.8952725
0.0027047698,-0.05574252
1.5386286,3.1067972
0.53454113,1.0222296
0.011575163,2.0343182
0.9628257,2.6380072
0.006252852,-0.08441548
0.012767857,-0.0508977
0.007515996,0.6129916
3.5146966,3.6733315
0.76418877,1.410564
1.248158,2.2903643
0.5622089,0.6939839
0.8522532,1.1580272
0.61273885,3.576052
0.84704804,1.1590599
0.0040306374,0.008096483
0.0043853335,0.0422396
0.87695026,1.72363
3.2976813,3.3864048
1.4884981,1.2279661
0.01495,-0.023823865
0.6196234,1.3134704
2.704647,3.1939006
1.2022685,1.4834716
0.011871783,0.019536313
1.2577933,1.5226264
1.5954851,1.4191619
0.00934375,-0.022800256
0.007281151,0.05692452
0.9936101,0.736174
0.010609677,0.025340725
0.6351071,1.720211
0.58658075,1.0491006
0.030771758,0.32142857
0.002875,-0.028904863
0.0059843524,8.5476786e-05
0.018272223,0.47102034
0.009906626,-0.035876337
0.0060907407,-0.028606798
0.01749468,0.07121466
0.0065257936,0.006523885
0.005910991,-0.06398322
0.0064744093,0.044692084
0.0051713837,0.009401511
1.9044762,2.073061
0.053458977,0.43351784
0.0072127194,-0.040073786
0.70867634,0.81816
1.8272222,2.3512008
1.1797764,0.7465211
0.011813937,0.05650531
0.0082225,0.029108439
1.4837784,1.8045275
0.5683511,0.839803
0.6349804,0.79334724
0.9036185,0.6297871
0.003943645,0.05249722
0.009290961,0.015034422
0.019122094,0.44119975
0.5329398,1.0701494
0.021169038,-0.013083104
3.1639528,3.922544
0.7364389,1.5135844
0.9910996,2.3962913
0.87219405,1.3288939
0.85048026,3.2067266
0.99240243,1.1595304
0.9438404,1.627694
3.4391828,3.5451035
2.0643275,1.3752108
0.6229167,0.9927647
2.8813436,2.967609
1.4206104,1.3738868
1.0719926,1.2656322
1.5895585,1.1914442
0.010289818,-0.037629616
0.02380536,0.44666258
0.007928031,0.25866362
0.88384175,0.9404278
0.010678572,0.023465
0.011454229,0.060880963
0.88233435,1.9764841
3.4434059,3.4522462
0.6300854,1.2997115
0.7872547,1.9531314
0.686443,1.0787811
0.8674286,1.054706
1.9131867,1.5429372
3.5630834,3.407856
1.9214716,1.0431045
0.0066849594,-0.081325084
0.003729025,0.020466056
0.8080203,1.054213
2.730479,2.9370146
0.8703471,1.1998985
1.3802888,1.3200877
1.4001008,1.0777929
0.0059974473,-0.0206316
0.008758988,-0.031562503
0.0066158045,-0.015862972
0.006354446,-0.04403645
0.0061179316,0.07444979
0.007716776,-0.023896497
0.009370371,0.010682981
1.175948,1.8372209
1.3459934,2.2143855
0.008628017,0.19048686
0.69056594,0.6920042
0.010997171,0.19551699
1.9592414,2.478845
0.8019389,0.5856754
0.010235477,0.005951781
0.009529388,-0.037222434
0.9923784,1.9911246
0.0021412761,0.010084201
0.0,-0.005341608
2.7709594,3.90902
0.88785684,1.5091057
0.9234417,2.432335
0.6020104,0.77983594
1.0995278,1.0534598
0.010496808,0.7623837
0.85901725,2.6956203
0.87436444,1.0649899
0.0047255745,-0.049775135
0.010176362,0.018166885
1.7490845,1.7047156
4.0464616,3.6641216
2.0814135,1.5335709
0.016581554,0.16528727
0.77173954,1.1579652
0.15659153,1.1676507
2.4920416,3.2605326
1.2129956,1.5555859
1.2716854,1.338481
1.3881661,1.2766149
0.7269467,1.0067635
0.03800901,0.593383
0.017814344,0.06837393
0.004831597,-0.0409494
1.5703802,2.3984025
0.0044411654,0.3231152
0.01257263,0.047362912
2.1891527,5.263116
0.82519716,2.318369
1.2130482,4.503647
0.95311207,2.083623
1.17975,2.4397821
0.0148884775,0.90978485
1.8093268,4.4876018
2.1974752,1.2792159
0.70675576,3.9853916
0.008701058,0.56414366
0.0,0.0074991025
2.0211182,2.8207543
4.0022516,4.854181
1.6291993,1.6462486
0.022168506,-0.07100415
1.0710282,1.5106808
4.152122,4.5338926
0.02296177,-0.007246148
0.70822847,1.5311108
0.016474955,0.49968386
1.5845443,1.6162133
3.1389754,2.239854
0.0,-0.057257567
0.01957738,-0.05606075
1.154337,1.5845658
0.02090466,1.234768
1.8247192,2.83461
2.5224233,4.5822916
1.0082351,1.8320559
1.2974195,3.6712399
1.0504568,1.1447413
0.613345,1.5068748
0.53793967,4.2808943
2.3982291,1.4316957
0.5081418,1.4989642
1.965378,3.7909064
0.020371059,-0.012033727
2.6258683,3.6826553
0.70649636,1.5097896
1.4617778,1.9353826
0.016855393,0.33617684
0.009966667,0.085546255
1.4423163,1.256006
0.68363315,2.1398408
0.0,0.036089145
0.0,0.09046236
0.0060907407,-0.096900165
0.0055935374,-0.098422125
0.0,-0.08082613
0.015226852,-0.047865976
0.0,0.04137931
0.021083333,0.18284528
0.0,-0.07081631
0.0053220065,-0.030267593
0.0091361115,-0.01555844
0.0,-0.08817735
0.0,0.71388316
0.01713021,-0.07221174
0.014425439,-0.020137295
0.0,0.06730026
0.007830952,-0.060868833
0.0,-0.022945318
0.005204114,2.4084268
0.0021581366,0.017153144
0.0,-0.02018341
0.002669643,-0.036294524
0.0,-0.08715516
0.0066849594,0.60875154
0.0,-0.08335927
0.0,-0.060362477
0.0,-0.0053221546
0.0035595237,-0.094662845
0.0,0.085838355
0.0,0.012026731
0.0,0.024011394
0.0,0.023677863
0.0,-0.007932503
0.0,-0.00015975162
0.0,0.035481155
0.0045680557,-0.03034101
0.007944444,0.10099107
0.7126167,3.3856122
0.0,0.65573704
0.0,-0.104659274
0.0030453703,0.040901028
0.0036063597,0.19833212
0.0,-0.09810665
0.0,-0.067753986
0.0,-0.08466847
0.005958333,-0.08038445
0.0020006082,-0.04674421
0.006252852,-0.052977134
0.010963334,0.38025787
0.0015842967,-0.056041893
0.0,-0.073530644
0.0023425927,-0.011841204
0.0,-0.018229097
0.004060494,-0.03362869
0.003079588,-0.06672001
0.003003653,0.69467795
0.0021357143,0.45488167
0.0,-0.03871091
0.0036382743,0.32652912
0.0,-0.07247318
0.0013240741,-0.032666344
0.0,-0.08195838
0.0,-0.07416476
0.0,-0.009262767
0.0,-0.071117386
0.0,-0.038437698
0.0,-0.08522867
0.0,0.18487616
0.0,-0.07763992
0.0,-0.05791842
0.0,-0.07732287
0.007407658,-0.043617334
0.0,-0.09743726
0.0,-0.026348568
0.019122094,0.07157268
0.0,-0.08513181
0.008770667,0.012227222
0.021083333,0.54313993
0.007027778,0.072292864
0.0010833334,-0.05203638
0.0027408334,0.42181006
0.0020227553,0.025476314
0.0030063984,-0.040684257
0.0,0.03788676
0.008841398,-0.069267556
0.0,-0.07902993
0.0,0.04587165
0.001702381,0.01591513
0.0,-0.066890314
0.009616959,-0.07101552
0.013704167,0.0056496616
0.0,-0.015385143
0.0,-0.070430264
0.0064744093,0.038909167
0.0026870915,0.03481032
0.0026103174,-0.07304765
0.009451149,0.37374976
0.0,0.38567194
0.004350529,0.07398066
0.0,-0.013400465
0.0,-0.0454087
0.0,-0.0834104
0.0,-0.011878256
0.004894345,0.13463406
0.0,0.113776535
0.0,-0.10778494
0.0,-0.15937473
0.007830952,-0.11342771
0.0,-0.14211144
0.014425439,-0.08152045
0.0,0.35519278
0.0,-0.07145822
0.0,-0.10686888
0.043853335,-0.06120937
0.0,-0.052711513
0.0,0.016561475
0.003126426,-0.12823018
0.0,0.02653635
0.0,-0.044072907
1.102994,1.7846919
3.7787857,4.3689137
0.76423234,1.638284
1.777214,1.65494
0.5152767,0.9630119
0.007921483,0.0011553429
1.461212,2.1701503
1.1348836,0.99859864
0.0,0.14349797
0.0,0.109171614
0.0,-0.069979906
0.005790493,-0.008756395
0.0013704167,-0.04521509
2.810285,1.8272272
4.1122975,2.6394858
1.6067805,1.4256649
0.77959114,0.8996662
0.0015484934,-0.061494876
0.0017265092,-0.045231733
0.0031888695,0.008446615
0.0038969195,-0.06614427
1.4413756,0.44463876
0.003513889,-0.00073633716
0.008841398,0.8603666
1.2272388,2.142713
1.9704369,3.445178
0.8496583,1.1718502
0.5193158,1.6474053
0.0,-0.01890457
0.0072127194,-0.047994662
1.9968928,2.1453702
0.8777192,0.65992284
2.1584063,0.89758706
3.1561112,2.0568218
1.423465,0.6678529
0.7126167,1.3974537
0.5995573,0.9163719
0.96380955,0.32026646
0.004216667,-0.012332398
0.010151234,-0.0401302
0.6212556,0.6385968
0.009238764,0.99753857
1.690012,2.2710738
0.56158334,0.74668217
0.0,0.056412347
0.0,-0.057798486
0.007543578,-0.031413678
0.78158927,1.1103897
1.334857,1.2180737
0.005123053,0.40999967
0.00063152844,-0.054814104
0.0054095397,0.42828575
1.8709167,4.370879
0.51162225,1.6590226
0.0025856919,0.24035744
0.9299256,1.7007072
1.9955986,2.6449952
0.0029921762,-0.060103904
1.7015427,2.2969916
0.25375444,0.77375066
1.0773915,0.9681028
0.0027299137,0.0043609682
0.0,0.0113967415
0.0022283199,0.017923139
0.0036642158,-0.045935128
0.0026354166,0.18663841
0.0027619542,0.13146953
0.0027546063,0.064280294
0.0,0.009534704
0.002787288,-0.013949726
1.2918036,3.8771288
3.3131838,5.0052276
0.537625,2.136171
1.7175889,3.0029185
1.5873994,2.8773766
0.87445635,1.4533578
2.2411158,3.5085263
3.2323713,3.6950858
1.3851236,1.9595171
0.5976539,3.1157782
0.72517884,1.8279872
1.4084839,0.53966093
0.71783733,1.0562835
1.7217903,1.7088777
0.6453101,1.3400536
3.9086666,3.75786
0.80231667,1.4397256
2.0202594,1.6067803
1.3165789,0.9382702
1.6875702,2.317306
1.3436768,1.031837
2.9235556,1.2250867
3.5051043,1.6042353
0.5792483,0.8083309
1.9865471,1.0984833
0.7330436,1.3016706
1.6445,0.7534652
0.6585277,0.45695707
1.0111717,2.158107
0.018178998,0.32826838
3.7792418,3.7553287
1.3898399,1.3504003
0.5703896,0.87858975
0.0,0.018072853
0.63492686,1.6380577
0.5514167,0.80825585
1.9271933,1.3944073
3.2006342,2.0830195
1.2598286,1.167002
0.63094354,0.8643434
0.0035457094,-0.026248138
0.0014855466,-0.052181106
0.0024471725,0.77684003
0.0,0.013327125
0.0016918725,0.051053613
2.1620917,2.4302254
0.63875353,0.9929105
0.5108071,0.56618685
1.7436627,1.1545293
0.0024362963,0.00025875494
0.0046454803,-0.0894032
0.00073480787,-0.061773036
0.0,0.0034993514
0.000593254,-0.042308737
2.026024,1.458621
0.52325,0.62646264
0.0065257936,-0.055972848
0.0,0.08100465
0.987596,0.47583318
1.4955417,0.78416836
0.0010113777,-0.038734984
0.6050244,0.20632033
0.110145636,0.5153052
0.0051390626,-0.079500005
0.002669643,0.0894637
0.0014275174,0.008615786
0.0,-0.059446607
0.0,0.07749578
1.2900189,2.8327084
0.001166312,-0.06333797
4.552829,4.865206
0.6427907,1.6832546
2.0891242,2.4343393
0.7913051,0.99316245
0.004090796,0.010314517
0.0034153687,-0.045847338
0.0,-0.07194011
0.6735226,2.2980332
0.9389053,1.0111744
0.0038603286,-0.00035269186
2.2674167,2.690477
0.09220315,1.6139053
3.7411323,3.450111
1.7108246,1.7577431
0.69069,1.4189178
0.008565105,0.23913328
0.0033977274,-0.0015902705
0.0017913943,-0.060892303
1.3459241,0.5056954
0.0,-0.04138932
0.0,-0.04250713
2.2535741,3.4046059
0.020054879,0.048525427
0.009966667,-0.056723196
0.004216667,0.6813947
0.008841398,0.55803657
0.015226852,-0.07482292
0.70153975,1.9639378
0.0,-0.051889513
0.0072127194,-0.077661246
0.0027546063,0.01143495
0.0,-0.0331263
0.9592917,1.5521023
3.0841296,3.1978416
1.1403824,1.1129551
0.0,1.1644349
0.59906787,1.1307039
0.603444,0.5427619
1.1396097,1.2006887
2.2254794,1.6213474
0.7953791,0.8845255
0.0,-0.047122676
0.0,0.11651105
0.0037545662,-0.047761176
0.005220635,0.17426448
1.4711083,3.3474078
0.0037674685,0.164177
4.477284,4.6594214
0.77744794,1.7983292
1.9567641,2.1812303
0.7932604,1.1083235
0.2690635,0.4671987
0.8408529,2.7772937
1.029255,1.4056306
0.0033424797,0.27922624
0.0014895833,-0.05095684
2.3359692,1.9846267
4.045584,2.9713345
2.025261,1.7017558
1.0975735,1.4161944
0.004693208,0.0016030855
0.0033390864,0.12927105
0.008681373,0.61606514
0.0028003405,-0.07578646
0.0014128007,0.35790068
0.0029710932,-0.114185005
0.76097727,0.52842516
0.0,-0.044422586
1.5566528,2.7499614
0.11627778,1.3516817
4.5533843,4.5356574
0.8674286,1.7024007
1.6897833,1.9350709
0.9026478,0.9792657
1.5784962,2.380034
1.2783247,1.1285735
0.0046454803,-0.059010673
0.0044931695,0.021319447
3.0948713,2.8299308
4.079625,3.0698383
2.0578353,1.6480544
0.53750193,2.4027867
0.83095104,1.1510563
0.0029872842,-0.03614067
0.0033222223,0.015366867
0.0022840279,0.1683629
1.3362004,0.51200736
0.6755185,1.0814116
0.6578,0.5957132
0.0021496732,0.02846954
2.638052,2.7613091
0.91668206,1.0442833
0.84777737,1.2607831
0.010623385,0.66643786
0.5189497,0.48315534
0.0,0.083955035
0.008701058,0.008506466
1.1587751,1.141608
2.0891125,1.6160405
0.740025,0.8760004
0.0030538533,0.068847924
0.0,-0.09449382
1.7681799,1.7105067
0.044257082,1.9401284
0.55399823,1.1810594
0.036940742,0.41416988
3.9607193,3.3411095
1.0290146,1.1232562
2.4502273,1.3549902
1.1425779,0.7638329
0.0013790356,-0.071881235
0.0,-0.008743476
1.930118,2.2214088
1.3314307,0.95173526
0.005099225,-0.078166544
2.5797167,1.1253572
3.6573412,1.914473
0.010374085,0.08827439
0.50314313,0.74610955
1.6888461,1.0775778
0.73470354,1.0006499
0.0077864584,0.039643083
1.3401797,0.7457675
0.0,0.509628
0.006229167,-0.06877798
0.8299311,0.47801378
0.002373016,0.06306596
0.0052980026,0.0028201677
0.0,0.14168444
0.6066531,0.9516787
3.889373,5.001697
1.3116845,1.9402744
3.371225,3.336458
0.9189853,1.1935986
0.01713021,1.0037949
1.455344,3.1808481
0.93527406,1.455712
3.2093678,1.8427265
4.990726,3.263941
1.6886476,1.8292494
0.6680781,2.0812984
1.2126111,1.537082
0.0,0.014422122
0.0,0.0009887852
0.012458334,-0.038987804
0.013369919,1.350997
1.6735206,0.8169558
3.09166,5.080638
1.6866667,3.319529
0.0,-0.06587027
0.0,-0.029247042
1.6812673,2.7057433
2.5458126,3.7734363
0.5581941,1.7910182
1.3011082,0.6586561
0.0051713837,0.023374481
4.032702,4.5064874
0.62914586,1.3464897
1.7547634,2.3971062
0.0036302428,0.23000948
4.0361824,3.962096
1.5454338,2.03008
1.9096134,3.5038264
0.6290437,1.4030068
3.3131838,3.8400223
1.1914697,1.696251
0.0068520834,-0.040728826
2.1714902,3.2249088
1.6532011,1.3496337
3.8525248,3.0742517
1.9377751,2.680512
2.0664036,2.8377395
1.2773317,1.1733066
0.0027967687,-0.009341124
0.01661111,0.05401362
0.92138654,2.5692897
2.7777884,4.5644407
1.8241769,3.2038856
0.5824271,1.6088603
1.7600449,3.7462125
0.5481667,1.1704695
0.64542204,1.9810019
0.015661905,-0.011010464
0.018272223,0.08441716
0.007027778,-0.039183114
0.0027408334,0.03492023
0.0057100696,-0.042666737
0.0045680557,0.09319708
1.5565865,3.8129911
3.4199054,4.5111513
1.3099571,2.1659415
0.039970487,0.07768173
0.0,-0.053299535
1.9338756,3.0881562
0.8574893,1.3461537
3.0562468,3.9007423
2.0609643,2.430716
1.7063898,2.7993379
1.4336667,1.3396883
0.104796566,0.66295165
0.018902298,0.005435992
0.024916667,0.3091183
0.94875,2.9798222
1.3462329,1.7447863
0.0,0.103360265
0.7054276,0.9195373
1.0076014,2.155091
0.0,0.0013823621
0.5005985,1.0700581
1.3973757,2.0889654
0.6603562,1.21771
0.63039166,0.9542023
1.5226852,1.6930563
0.008923643,0.14146473
0.65447,1.2962046
0.5156483,1.2224306
0.0,-0.011276823
0.0,0.07096456
0.013051587,0.032398812
6.928257,5.721592
2.2975073,1.9101155
5.703873,4.2905607
0.6667998,0.52592486
3.6321762,2.4891036
1.0746521,1.0807486
4.35488,5.1531706
0.8801549,1.902209
2.623369,3.4911013
0.039708186,0.57441086
0.5338915,1.2634418
2.2406313,3.1051207
0.0028550348,-0.013401497
0.01842577,0.52652735
0.021926668,-0.022795673
0.99339277,1.9353068
1.083338,0.7578507
3.749708,3.529676
1.201697,1.6859307
1.3265977,2.238154
2.0646114,1.6871371
0.0032628968,0.026286013
0.003806713,-0.008896228
0.03087963,1.2036512
0.7290395,1.2742712
2.1526544,2.3291268
0.5962515,1.1281295
0.014815316,0.8128691
1.3669473,2.7585125
0.0,0.1757002
0.00275,0.108868375
0.0,0.0800562
0.9563759,2.3090825
5.6655455,5.0628414
1.8283364,2.1040525
3.7049334,3.6182287
2.0562131,2.1621037
0.93395627,0.7709688
3.3128333,4.563457
0.80702317,1.7651978
2.6817174,2.7370734
0.5024861,1.2405951
1.6277194,1.94563
0.6578,1.076454
2.9847674,3.4677157
1.3232813,1.1823821
0.008841398,0.08286218
0.026103174,-0.035345834
2.2342134,2.3641763
3.227197,1.1658571
3.9821913,3.9671264
0.18442309,2.3753927
2.6402934,2.5686677
2.8980281,2.5598555
0.934375,1.258593
1.5642805,1.6778771
0.92766666,0.8036854
0.0,0.05094741
0.0,0.0034896769
1.5162525,3.4679348
0.09561046,0.87189305
1.1530403,1.9939328
4.6012135,5.3586025
1.3959523,2.972638
3.3722236,3.8753066
1.5949517,3.0222354
3.8766742,4.3969145
1.3260796,2.1115754
2.610576,2.459529
1.5348667,1.2819977
0.77020884,1.7468649
0.63261396,1.3824697
2.372215,2.4102545
0.99072325,1.7880392
4.5726466,4.1213245
1.8377287,1.7561687
0.006264762,-0.002474539
0.0038603286,0.048499487
3.3353674,2.1456914
4.1757402,1.7403028
4.264869,4.0690684
0.5102081,2.7191322
3.830416,2.6565478
3.689306,2.10158
1.3418664,1.3002979
3.3618033,1.339659
0.010748366,-0.01380397
0.77295446,0.94261754
1.0200261,0.8802229
0.0,-0.023492489
1.1615913,3.7426152
0.0040705446,0.23388107
1.2822059,2.9401097
3.6191876,3.5443811
0.5574054,1.4166741
1.9840589,2.0117264
3.2254446,3.221664
0.62158185,1.2318084
1.8892173,1.625452
1.0155278,1.5610452
3.11057,2.9446208
0.13356346,1.2705946
1.1536212,0.99559
0.0,0.045772485
2.0980592,1.5933088
2.3297083,1.1455526
3.8867495,2.586485
2.7181818,2.0760899
2.0856028,1.9321539
2.1294167,0.9468184
0.0,-0.032292757
0.5095139,1.9160302
0.0029791666,0.010305855
0.0015226852,0.1791298
2.9067678,4.159775
1.6582222,2.3775325
1.9971423,3.8067493
1.0052233,1.8573728
0.0,0.07916227
0.57182664,1.3229411
2.7784526,3.0378594
0.8501311,1.3034642
1.300507,0.7340903
2.6069677,2.974262
1.3837138,1.7035569
1.1024513,1.386861
1.05299,0.8992772
0.0028580118,-0.034156073
0.0016550926,-0.021256395
0.005107143,0.26241174
0.0022792793,0.087500885
2.4645095,3.076335
1.3384608,1.9137983
1.7457138,3.3910923
0.9438192,1.8676035
0.0,-0.04808517
1.715007,2.4167798
0.93508595,1.645946
1.1707077,1.482203
2.2744613,2.072739
0.0133337835,-0.033419956
1.3208016,1.3647003
1.1052709,1.5000236
0.92171574,0.8270318
3.922206,4.278126
1.1291296,1.8056134
2.613534,2.695086
0.8513911,1.7097068
3.7477918,4.463796
0.5824271,1.6486999
1.6503316,2.4360394
0.5791116,0.99903494
0.0,-0.05340976
0.7765694,1.970998
2.5702927,3.439011
0.018519145,0.1753564
1.0963334,1.1432258
1.7740058,2.9646745
1.7967685,1.8111053
3.9779122,4.2403746
2.4044862,2.6316667
1.8361666,2.6564639
0.0,-0.0065587014
1.352619,1.6481045
0.59915894,0.69570553
0.003383745,0.007213138
0.8078526,2.1981692
0.024471726,0.65171534
0.0022745505,0.16633432
1.1283404,2.5758853
0.0052372613,0.19262196
0.0,0.04746237
0.0023425927,0.026374627
0.0028256015,0.05987156
2.548091,2.6160975
1.3497868,1.384018
2.2686503,2.6688008
1.0905018,1.268112
0.021083333,0.07048905
0.8167408,1.2009823
2.4565988,2.514573
0.866457,0.82842934
0.0,0.12162021
1.3573261,1.3146765
1.6735206,1.0626166
2.4701338,2.0116868
1.793,1.5719814
1.6740167,1.3724253
1.2529523,0.7102164
0.0066849594,0.12481828
0.0,-0.061603177
0.005481667,0.5687495
0.06525794,0.7427182
0.5971101,1.4700153
4.2485423,4.8926
0.9225681,2.0234392
2.505265,3.4187675
0.24383965,1.369855
0.60786283,2.1535113
3.8607526,4.2671576
1.0033407,1.5109483
2.7542033,2.3795576
0.61179316,0.9943545
1.2684805,2.1419895
0.5048904,1.3798633
4.875,3.561819
1.9094851,1.3392134
3.0402496,2.1027565
3.129118,1.2670745
4.4287424,3.5004911
3.6552346,2.4898608
2.7592077,2.361915
0.70043516,1.1392646
2.3097231,1.2914162
0.004350529,0.015197575
1.1175652,0.5904957
0.8244935,3.3260279
0.024042398,0.61388123
0.6916121,2.3012323
4.2779603,4.269924
0.72967076,1.4986641
2.3563335,2.6866183
3.8438222,3.391793
0.5938472,1.2609642
1.8190559,1.8514352
0.0,-0.03608195
1.986805,3.3928328
0.7276549,1.354837
3.5285788,3.6507342
1.1687884,1.5821292
0.013051587,0.2526435
0.01661111,-0.019895468
2.1819317,3.1865327
1.7871352,1.3656086
3.613463,2.8753686
1.5865161,2.4589214
2.0099444,2.6301484
1.2294595,1.1852078
0.7809724,2.2105927
2.494938,2.5828764
1.3086861,1.5453503
1.6174043,2.416184
0.7900049,1.3862281
0.68013275,1.4393251
1.6998523,2.5897934
0.73232865,1.3408668
0.7219412,1.047472
1.888214,1.9064009
0.042399634,-8.849427e-05
0.8239657,1.6612575
0.6828856,1.4861934
0.5352382,0.8042647
0.0037674685,0.025582831
0.0,0.028482568
0.005038297,0.039430168
0.0029366072,-0.034066778
4.034636,4.789925
1.1606722,2.1120257
2.6057663,3.1224735
1.2012,2.4570801
3.54315,4.114847
0.98570937,1.5383102
2.206905,2.1872005
1.0215833,0.87965834
0.50171185,1.6148827
0.53145427,0.6193561
0.0024471725,-0.016241867
2.5193703,2.6359692
0.9201369,1.5868101
4.1233544,4.0355263
1.6661154,1.8530041
0.0010003041,0.0013980083
2.755025,2.2003133
2.7942178,1.489099
3.9856882,3.7001238
2.9645598,2.6155155
2.9362597,2.1990695
1.0963334,1.1179498
1.8175247,1.2255245
0.5434573,1.0349171
0.85910153,0.79629636
0.8569355,3.7724445
0.0,0.1618893
0.0025652149,0.089994505
0.9358597,2.9192872
8.761966,6.0465736
3.1367314,2.7189503
6.509479,5.124028
0.9698333,0.9894719
0.65257937,1.8720272
3.0981824,3.165554
0.81452936,1.6306717
0.01957738,1.7300261
7.554663,5.654245
1.74317,1.7222023
4.3522544,4.3759146
0.99091667,1.2645545
0.6608037,1.4578899
2.4517088,2.8989131
0.8287758,1.4046557
5.173323,4.4245605
0.006739754,0.05649203
1.1812831,1.7798218
3.6620579,2.7334723
3.4071393,1.0113772
7.3126564,4.5594225
3.5710049,2.4265382
0.007830952,0.09593777
3.7588573,2.8146162
0.96581745,1.2180719
3.0663073,2.0851989
0.7054276,0.807569
0.0,0.022443283
0.9136111,5.440921
1.4438318,1.6195729
1.2292222,2.6740992
8.045152,5.7616234
3.3199449,2.2426705
6.500028,4.639386
1.2188647,0.63853145
0.46383333,1.5021793
4.922591,2.300838
1.8582587,0.9343692
5.618708,5.383043
1.134138,1.8228424
3.528823,3.963963
0.8097917,0.20153491
0.87119347,1.2038172
0.024916667,-0.015568558
0.7221042,1.1975067
0.52412426,0.68431485
0.0,-0.010090433
0.74777085,1.6711668
2.6439352,3.2560856
1.5663356,1.8224169
1.78365,0.7222543
4.166447,3.8692298
1.8123307,1.8977801
2.161521,2.2178626
2.8380888,1.9662856
0.81430554,0.593801
0.0,0.090952985
0.005958333,0.022595491
0.0,-0.003491003
1.3212456,4.905109
0.0,0.056662753
0.0016314484,0.06267005
1.379098,1.376533
0.006374031,0.7144994
0.56298196,2.0365512
0.0020646579,-0.0381289
0.7695417,1.1493766
0.0022032422,0.1382048
0.0037545662,0.009923575
0.0022465847,0.035499685
0.0,-0.0388582
0.0,-0.050004866
0.0,-0.0038308986
0.0027896522,0.031918753
0.0053479676,0.22130688
0.8884868,1.974041
0.5262915,0.8157842
0.012181481,-0.06796612
0.0,-0.030230682
0.004766667,-0.06523809
0.0019033565,0.03630975
0.008527037,-0.0096920505
0.0,0.60402334
0.0,-0.0068586282
0.0017682796,-0.02014979
0.0,-0.0834765
0.0,0.016893063
0.0,0.024791546
0.0008181592,0.101823494
0.0,-0.046945993
0.0,0.1755131
0.0,0.017966166
0.0019301643,0.12949567
0.0006903862,0.08467926
0.0024471725,0.11628568
0.0,-0.03272002
0.6951087,1.1385757
0.003513889,0.007835202
0.0036254409,-0.045087416
0.0,-0.0035619773
0.0020403226,-0.046399746
0.0,0.20544015
0.0009625402,0.006658215
0.0026481482,0.032950077
1.107597,0.7771077
0.0,0.15699606
0.0,-0.05968857
1.3973757,1.1371748
1.0154563,0.58436584
0.0,0.3651083
0.0,-0.037494246
0.011963955,0.68937165
0.0012989731,0.0051251817
0.5231362,0.4580773
2.438274,1.4901369
1.7333919,0.48981783
0.0066310484,0.32942095
0.0039015422,0.67215776
0.0,0.1188831
0.005123053,0.34831357
0.0030009125,0.022406766
0.0042825523,0.06930385
0.0065257936,0.117840216
0.82012534,0.5234316
0.0,-0.037966605
0.6784906,0.5943429
0.004965278,-0.103733525
0.0025456657,0.5245143
0.0018858945,0.005270567
0.0047255745,-0.020737201
0.0055184565,-0.0033715852
0.0014324913,-0.07179473
0.005958333,0.14870788
0.0009978762,-0.017512653
0.0071190475,0.22505692
0.0014230703,0.11211589
0.0021926668,0.018540826
0.0013177083,-0.059772063
0.002119201,-0.032871325
0.007613426,0.093429856
0.0,0.01716273
0.0,-0.009116862
0.00050198415,0.0074094944
0.0026870915,0.14395507
0.0030453703,0.04053674
0.0010265294,-0.009597681
0.003079588,0.3587342
0.0018272222,-0.0632426
0.0018151214,0.0089512
0.80751437,1.1486784
0.7511271,0.5591263
0.0,0.01209194
0.0022651516,0.034087956
0.013208835,0.27631298
0.0,-0.083700106
0.0014219629,-0.021385267
0.0,-0.038895015
0.003164021,0.0372476
0.005958333,0.16188124
0.09225244,0.15166138
0.71500003,0.44339588
0.0,0.1840065
0.0,-0.022200774
0.011420139,0.08340478
0.0018519145,0.055653483
0.0072604856,0.22251472
0.003806713,0.067361645
0.0,-0.008947194
0.0033022088,0.7575717
0.003299724,0.6967529
0.0020006082,-0.04684026
0.0010265294,0.020007873
0.8716749,1.261596
0.5087215,0.6491239
0.0,0.021213427
0.0,0.14610179
0.002905477,0.032144528
0.005270833,0.14706478
0.0030453703,-0.0078064464
0.0015311919,-0.007773131
0.0015661905,0.08946994
0.0,0.06935984
0.0017682796,0.109534994
0.0011491964,-0.047384415
1.2083104,1.2944624
0.65678954,0.5907098
0.0015059524,0.06632133
0.001986111,0.011522135
0.0,0.03703087
0.0006359242,-0.11367248
0.0,0.009393631
0.001986111,-0.016777545
0.003495961,0.037831746
0.0020705068,-0.036562126
0.0030453703,-0.0038289279
0.030149167,0.12284076
0.55294716,0.45747173
0.0051326468,0.15796897
0.0010541667,0.18809785
0.00145789,0.095923886
1.2503127,1.6162894
0.75088036,0.82406694
0.0013704167,0.028484477
0.0011420139,0.0069724433
0.0026103174,0.035336554
0.082225,0.4096558
0.0,0.46040705
0.0,0.03088105
0.00047916666,0.013722539
0.0026103174,0.049977098
0.5073861,0.6163459
0.0,0.18855365
0.0,0.04199502
0.0,-0.016777877
0.0,-0.055637974
1.8647037,2.6077945
0.8546417,0.84189343
0.003915476,-0.075282365
0.001845679,-0.0010676198
0.1265,0.54794365
0.0,0.03348989
0.0,0.08750473
0.002045398,-0.008841839
0.0,-0.07242899
1.0022451,1.1486518
0.0,0.19375806
0.0,0.020459767
0.0015935077,0.05619626
0.0,0.0010690503
0.005481667,-0.036285106
0.0,-0.034508478
0.0,0.12436986
0.0,0.091999054
0.0,0.05230553
0.0,0.28244826
0.0,0.45443878
1.1113061,1.7744555
3.3540661,2.454226
0.52369493,1.3631053
1.3204606,0.9499126
1.4606737,1.9207454
0.59776676,1.3287617
0.0,-0.057473425
2.3544006,1.4873894
0.0029954463,-0.08837807
0.0047255745,-0.064423546
0.001539794,-0.0257412
0.0,0.10474196
1.2938346,2.4021254
1.5219601,2.6128871
0.0034694092,-0.08389519
0.0082225,-0.05268127
0.004894345,0.9005375
1.3841208,2.9152656
0.5048287,1.4787531
0.0186875,-0.052628238
2.0936005,2.319202
0.030453704,0.9586055
0.005374183,-0.027394675
0.0069388184,-0.046786163
0.0,-0.07510346
0.008305555,-0.097124875
0.010259804,-0.116989166
0.005339286,-0.0756183
1.6360232,1.6809032
0.013051587,0.042199936
0.008841398,-0.053720612
0.8782248,0.92040545
0.0062103476,0.67173386
0.0,-0.028521169
0.0025378086,0.13064903
0.0,0.002193395
0.72160554,3.5778794
0.026664216,1.7169718
0.86055875,1.2251997
1.0890169,3.693088
1.2735938,1.6611047
0.94521713,1.9789257
0.54591084,2.010052
0.006788442,0.07328309
1.7881526,2.3106751
0.0022792793,-0.04273553
0.0037205883,-0.01497836
0.0,-0.013236228
0.8339297,2.0014136
0.0,0.20733081
0.006411306,0.05018722
0.0014656862,0.11410752
0.0,-0.018050525
0.0,0.1894789
0.0,0.0081445575
0.0022328582,-0.018539485
0.0051090093,0.16526674
0.007341518,-0.0018706396
3.3232605,2.651369
0.82003963,0.8834378
4.3502374,3.41541
1.1543125,1.6475782
1.8158021,1.6610609
0.0,0.04875935
0.009616959,-0.030393962
1.6744419,2.2513754
0.51262003,1.3228092
0.0,-0.060007382
0.003011905,-0.05086356
2.9043422,2.6968603
0.7738271,1.790113
0.73252034,2.869546
1.1080798,1.5150088
0.0,0.31296918
2.6152356,2.5946007
4.181163,2.4139385
0.8903344,1.4173224
2.3714166,0.963691
0.60298336,1.0670893
0.0046383333,0.043215036
2.5589895,1.8975756
0.004397059,0.13546802
0.65825874,1.0294166
0.8592883,1.1593715
0.71999586,1.1219506
3.73175,1.5864712
1.39002,1.0305511
0.9871798,1.3004193
1.4738443,0.6645647
0.007027778,-0.093359366
1.7184516,1.4733053
3.5346544,2.1791003
0.5113495,1.265718
1.6590961,0.7708837
1.4923712,1.2181118
0.009259572,-0.012348399
0.012211634,0.39489314
2.568097,1.3659284
0.7508639,1.0766001
0.6892628,0.5921972
0.008655263,0.5106263
0.0066044177,0.09787981
0.0,-0.045763787
0.0029003527,-0.0019733533
0.0,-0.039719876
0.0031944443,0.018687349
0.00055821455,-0.070146695
1.0332794,1.9212452
0.0070367996,0.17475598
2.1111996,2.4065607
0.50927234,1.0284652
0.8935487,0.9259024
0.6758534,1.7395242
0.0034606482,-0.09165095
1.4497031,1.5239055
0.0022726646,-0.04210761
0.0016883984,-0.029228438
0.007546725,0.25100258
0.0041976725,-0.097099036
0.0018353795,-0.039432693
0.004339931,0.114702195
0.0023627873,0.18159536
0.0031028301,0.04662835
0.8876404,1.4379661
2.1126459,2.3800972
0.74825794,0.9562083
0.52325,1.5077193
0.0,-0.06594595
0.0,-0.07904884
1.3111793,1.362731
0.0042603626,-0.08447343
0.0017251509,-0.07220884
0.001539794,0.31052563
2.2796092,2.195889
4.213605,3.6606264
0.60969555,1.3976146
1.8642606,1.5261405
0.005270833,-0.05730589
0.69610935,2.0365133
0.0,-0.0432684
0.0,-0.057506356
2.6046429,2.9690738
0.6742833,2.019673
0.0049833334,-0.09302983
0.0054273927,-0.037239973
0.0013468468,-0.0041333325
0.0012904112,-0.049618315
1.0983711,1.0141639
2.754269,1.7639004
1.0827984,0.6016842
0.0,-0.011167962
1.0439351,0.9988535
0.0045935754,-0.05201264
0.0008181592,-0.039009888
0.0057100696,0.047552936
1.636131,0.981979
0.0031503832,0.100283876
0.010151234,0.33611116
0.10783607,0.3043997
2.3060596,2.2268434
4.1880465,2.5742037
0.8338778,1.4733015
1.9324318,1.0250887
1.5619448,1.9608417
0.00145789,-0.072530806
3.2400656,1.9704803
1.1195674,1.5211706
1.0459769,0.9231503
0.00433905,-0.022390306
1.5944065,1.7901403
0.005054019,0.33948025
0.0014815315,0.17305297
3.6617954,2.189328
0.55050427,1.1831638
1.2483832,0.9051599
0.0048387977,0.5726592
1.4804676,1.9077216
0.52544475,1.2044064
0.0047012577,0.042073093
0.0039477022,0.10341798
2.508833,1.5371537
0.0022651516,-0.02563497
0.0026870915,-0.07216722
0.31821012,0.72812563
0.87923485,0.95384926
2.1434174,1.3370634
0.70463157,0.55869603
0.0035537547,-0.037561294
0.0,-0.008177098
0.7448772,0.74070895
0.0011916667,0.015991205
1.0892094,0.680634
0.004621979,0.19705552
0.0046851854,-0.06056354
2.2672405,2.4498181
0.15133436,1.4966965
0.004554255,0.13165087
3.929662,2.510396
0.6669644,1.2878289
2.0954113,0.95096743
2.33176,2.057705
0.7275501,1.1892825
0.0026959016,0.46463785
0.0018031799,-0.015749402
0.6366124,1.0442088
0.5409739,0.9263408
0.0065867826,0.030744866
3.0459018,1.9707799
1.0634761,1.3503003
0.005985728,-0.05703767
0.70591474,1.2137221
1.1853398,0.72343385
0.0,-0.07692398
0.57841665,0.7707203
0.9607836,3.0966215
0.7837512,1.2653375
2.7740731,3.5894873
2.4409971,1.548373
2.515869,2.1121047
0.0,0.012575544
2.458072,3.5764723
0.0012346096,-0.0958851
0.0,-0.10374203
0.5600098,1.7798041
4.720571,3.945589
0.01390965,0.080197856
0.59520674,2.3482249
1.5703769,1.5905852
0.0017855592,-0.092629194
0.0048510325,0.009448215
0.002396357,-0.15087184
0.0038940802,-0.08348511
0.0019066667,0.1423216
0.0020202703,-0.05278973
0.5298945,1.0900352
1.8742464,3.1474695
1.9170774,1.003186
2.478413,3.7316842
1.7218056,1.7211103
1.7858694,2.090097
0.8975164,1.8839967
0.008108974,-0.018608227
2.474285,2.731582
0.8111084,1.5657531
0.0046454803,-0.063775346
0.013842593,-0.06195059
0.009886773,-0.061816473
0.0,0.075520724
5.8691864,5.7530584
2.9588177,3.4384968
3.569016,3.6945903
1.1420139,1.0838102
1.9657187,1.6235397
1.3632905,1.9427692
5.1742425,5.995122
1.8852694,3.0652838
3.1695552,3.5681496
0.0,0.018933702
2.0231307,2.2406344
3.0287313,4.271907
0.6550079,1.8938732
1.3611104,2.320812
3.4449553,4.2928457
1.3214957,2.491447
1.2346902,2.6964476
1.131623,1.8264031
0.0017972678,0.005084172
0.0019347059,-0.008772999
1.9408867,3.149325
0.002060777,-0.015119165
0.5946854,1.1309272
0.66610557,1.3472865
1.3673713,2.7468367
3.7983673,4.86738
1.4087883,2.2933164
2.6051667,3.4762733
0.53262585,0.62379104
0.9002551,1.0102766
1.6682725,1.3329054
1.5500344,1.4792266
0.028699826,0.8386913
2.8666978,5.2644196
1.573,2.24058
1.4107231,3.1064734
0.550395,0.29222554
1.8643006,3.0804183
2.7232854,4.4042845
0.74971133,2.4201908
0.016474955,-0.04099104
1.1044682,2.2154148
0.29069445,1.645546
2.698158,3.6526647
0.053486165,0.07254948
1.2825263,2.2735767
0.92290205,2.8478236
0.7506146,1.5614583
0.017265093,0.1295792
0.0124286,0.039694928
1.5395377,1.9149685
0.01426456,0.032772835
0.01872619,-0.047492
0.013051587,-0.009149499
0.5721648,1.3349447
0.015741272,0.06450689
0.5174092,1.9588171
1.7613461,2.6872814
0.12964937,0.00056773424
0.017726783,-0.008665405
2.1822722,4.350912
1.1127455,2.095816
1.1353452,2.1281044
0.63094354,1.0105231
0.0085493885,0.35386527
0.6885185,1.3921418
1.830552,4.250553
0.5674006,1.6361363
0.81450206,1.5883794
1.1913716,1.880983
1.0912733,2.2059236
0.0035595237,-0.031302128
0.5862133,1.7937245
0.016009541,0.40576333
0.5104306,0.78424484
3.759794,4.885251
2.2669737,2.9358304
2.4806864,3.7195046
0.77590644,1.441257
1.0412719,1.5465093
1.2829251,1.6560395
3.5967577,5.131285
1.4062344,2.651603
2.6542377,3.654551
0.0033022088,0.057350885
0.63804334,2.395688
1.5654167,2.5338583
0.62786084,1.4057164
0.025979463,1.282461
0.518647,0.8029653
0.0050137197,0.0452472
0.0,-0.019507293
4.1827703,4.0942435
1.134138,1.5543512
1.617507,2.2002628
3.8897908,4.957868
0.8584497,1.5257156
1.378807,2.0683966
0.0019033565,0.10084221
0.54382044,1.1259228
1.3016185,2.432747
0.0,0.11161271
1.5412866,2.3945885
0.0028159246,0.06184838
0.006325,0.07573366
0.017682796,0.58931625
0.0044502546,0.06912512
0.0,0.07647282
0.6556503,1.1661361
4.7131224,5.6490197
3.007373,3.743897
2.986493,4.5084314
0.67897916,1.151242
1.0675582,1.707799
1.304875,2.3105729
2.099229,2.2698822
0.53471756,1.5760286
4.776536,5.7110767
1.9490371,3.124724
3.1153235,3.93953
0.57179457,1.3620695
2.4097722,1.5580527
0.66007054,1.2916797
3.3829346,3.700815
0.012356216,0.024389334
0.7792675,1.4045087
0.0023627873,0.81973785
1.1085148,1.6853032
2.8921373,3.81106
1.0807086,2.0857286
1.3536605,2.8637738
1.1226875,2.17407
0.012371818,0.097890645
0.015856061,-0.054114062
0.55541116,0.5219384
2.4042318,3.5842936
0.0097192675,0.012860466
0.7664182,0.84219325
0.0,0.112215355
0.64210135,0.50687927
2.0765843,1.9636921
0.103492044,0.03764252
4.1812286,4.753912
3.0716627,3.1294813
2.7486846,3.2012486
0.76328385,0.9635404
1.2257171,1.5888193
2.0964606,2.112471
2.7149258,1.994946
0.79522485,1.4004563
3.2604847,4.709299
1.7108456,2.4720423
2.347452,2.4147472
0.60422915,1.3175571
0.0021926668,0.11624077
0.90159553,1.5083301
2.7278087,3.477866
0.0031004902,-0.015226472
0.0038303572,0.6710578
0.92428774,1.155675
0.7324641,1.3140838
2.8161943,3.3179646
1.2904875,1.889488
0.91585034,1.6296208
0.7835862,1.2957976
2.1531224,2.3826218
0.59749585,0.5459188
0.009859113,0.036781847
0.9243595,1.5921531
4.3969007,5.4255214
2.769626,3.1518924
2.8460138,3.3862195
0.9641475,1.0333141
1.8318835,1.5395806
1.5332673,1.8887477
3.5038493,5.6149607
1.5191307,2.5810597
2.0676162,2.6331196
0.7368902,0.81685746
1.7508185,2.8202734
0.63499165,0.75802684
2.120026,3.0544767
0.8949159,1.8099136
0.63096666,1.5551506
0.5505026,1.1893269
0.0055935374,-0.061335612
0.0,0.0786376
0.0031625,0.053688005
1.833523,3.1212249
0.022210201,0.07574241
0.58335304,1.2286329
0.016971104,0.088758335
2.493527,3.3021219
1.1936778,1.6061245
1.2717164,1.9731083
0.77462476,1.0250825
0.5795249,1.1050833
0.009242009,0.8015024
2.309455,3.7316728
0.82822275,1.7734313
1.4377561,1.9777348
1.3485886,2.1621447
1.735181,1.7326622
0.8165494,-0.03818382
0.5821851,0.8980386
0.0021638158,-0.0004955493
0.6249438,0.94031703
0.0018730068,0.08021633
2.7375367,3.360733
1.3784161,1.759619
1.2342039,1.8327045
0.70862687,0.87115383
0.7797585,0.92091286
1.8182935,3.3254724
0.5669252,1.7421763
0.90231556,1.5642896
0.0022283199,0.024652284
0.0,0.013612065
0.6537223,1.8504093
0.0020763888,0.56300646
0.9653783,1.5767908
0.01850664,0.17018063
0.021997463,0.5156321
0.68480957,1.122183
0.013178638,0.021184009
0.0035595237,-0.03223652
0.0007898655,-0.036731105
4.991417,5.7298727
3.6128564,3.6958067
3.8673015,4.3279157
0.6814708,0.99187213
1.3461101,1.3756194
2.0949373,2.067618
2.2780564,2.3103962
0.54793555,1.3767568
5.367896,5.87399
1.9820286,2.977446
3.3993948,3.5791428
0.75295925,1.2126569
0.0013773032,-0.00058477744
1.5253094,1.5996587
3.2230408,3.7197804
0.0041685677,-0.0027211122
0.78947604,1.3833404
1.0353286,2.28261
3.4581797,4.410734
1.3920735,2.525084
1.1402378,2.8403676
1.015396,2.0587864
0.642553,0.45341483
0.004350529,0.3243912
2.5050108,3.6552846
0.00083055557,-0.01647849
0.003771789,0.020912807
0.6058684,0.72044134
1.5035799,1.6687567
2.2587535,3.2237659
3.3375494,4.488209
1.1317662,1.6570332
0.0019671053,-0.061196733
0.0,0.21000254
0.0010039683,-0.035460155
0.0044385963,-0.04657806
0.0,-0.07878855
0.6143437,1.0133493
0.7403888,1.6974306
0.052935705,1.3720751
0.6328176,2.197081
0.0014735663,0.28592908
0.004015873,-0.05868691
0.0028850876,-0.021342538
0.001611307,-0.012378879
3.4892697,4.695346
1.9836781,2.4740596
2.126067,2.6508758
0.6103733,0.8310847
1.352444,1.279305
1.3825864,1.5362542
2.83248,4.931444
1.3079673,2.201223
1.5146711,2.2213213
0.0,0.01718596
0.0,-0.011677254
0.0,0.017766414
0.7196469,0.7974346
1.7111349,2.4808376
1.6524733,2.4175463
0.7397927,1.4242127
0.5509492,1.1718624
0.5446973,0.95148087
0.006876643,0.03760109
0.0,0.012437265
1.2784661,2.0682425
0.009616959,0.42440632
0.7616967,1.1316421
5.496471,5.669609
3.742831,3.7712028
3.427299,4.3048334
0.6912301,1.37225
1.3574144,1.6963979
2.21477,2.3696713
2.0968294,2.305186
4.4201617,5.8032303
2.0063589,3.0162537
2.9016364,3.6157174
0.582715,1.4342377
0.0024736763,-0.020177744
1.086702,1.5176587
2.6138284,3.6428444
0.0046454803,-0.029977132
1.0530571,1.319869
0.5855114,1.48522
3.198643,3.6631114
0.61185706,-0.07278526
1.617434,2.1837647
1.1247357,2.3210683
0.9774686,1.8336957
0.0011051748,-0.02780398
0.0021666668,-0.0073090866
2.5600986,3.5017452
0.0011209953,-0.022955492
0.53331697,0.85501415
0.0060623786,0.048018716
1.0898516,2.0162868
5.2738566,5.5956745
3.478534,3.5837626
3.5530376,3.9764247
0.54527926,0.9587505
1.4605738,1.3158591
2.3143404,1.9883251
0.0136528695,0.71755594
1.6446475,1.9689697
4.9462748,5.8366456
2.1617048,2.9953794
2.926279,3.4664078
1.9301552,2.4455905
2.7603147,3.9753711
0.013877637,1.0686827
0.51600426,1.9435
0.0021861084,-0.0037720017
0.0026908603,0.004587125
1.426413,2.6780787
0.5343002,1.8180586
0.048367646,0.84197736
3.4763527,4.040966
1.4169997,2.402956
1.5008571,3.0410304
1.2320143,1.9494548
0.011232924,0.2466125
2.161012,3.0262995
0.0053317123,0.23046285
0.002055625,-0.05889182
0.04222854,0.89730084
0.646637,1.0987877
1.5153508,2.5703666
2.3649914,3.4979625
1.4958254,2.0253384
1.3406795,1.8845979
0.9302745,1.2367845
0.85398424,1.117508
2.3172746,4.3030047
0.8487191,1.9341347
0.005958333,-0.012898218
1.103546,1.8551435
0.003011905,0.014856812
1.129698,2.405914
0.0,0.011570398
0.0018645125,-0.026917014
1.3750154,2.0400224
0.89100736,-0.03857075
0.0051771295,0.040743675
0.008476804,0.28389743
0.0018333334,-0.0040891804
0.004535658,-0.02904028
0.0037244183,0.024103682
0.0043021585,0.03177312
0.8263797,1.5251994
0.003007184,-0.025364045
0.0011813936,-0.009173967
4.0962095,5.149123
2.9058523,3.2972708
0.2983692,1.30606
2.652249,3.3998756
0.60019606,1.0267773
1.0373487,1.4297525
1.8994509,1.9234746
2.3550284,2.0907993
0.6146432,1.3439292
3.6481383,5.4010463
1.7508607,2.4035535
2.152184,2.9551084
0.5820338,1.3656721
0.0039379788,0.0065395217
0.997233,1.3634049
2.4477494,3.5852296
0.0,0.104607716
0.001957738,0.06329144
0.9789273,0.9948622
0.558915,1.085484
2.5889735,3.479848
1.2264293,2.0184689
0.880869,1.5065244
0.8895986,1.2175682
0.0038603286,0.026909124
0.0019060037,-0.0067926906
0.0051326468,0.29571536
1.9855586,2.686974
0.69929487,0.694507
1.065687,2.0628314
6.0420775,6.1053176
4.106059,4.241288
0.53941935,2.492993
4.7671556,5.552123
1.1774002,1.4141402
2.5775902,2.52945
3.2812793,2.5314178
3.0152183,2.474949
6.007627,6.0678725
2.5902805,3.100733
4.8020415,5.5466104
0.23351504,0.16770776
0.8175993,0.8882209
0.002045398,0.008946175
2.2082508,1.9195075
4.1335297,4.790987
0.0,0.69456935
1.3510928,1.4586661
4.8829813,4.9124594
0.5201077,-0.027648833
1.0012139,1.8271426
0.9787302,2.0828323
2.436756,2.6971183
0.0010401645,-0.028136242
0.62237185,3.4790313
0.3976567,0.24010985
1.6206666,0.99935234
0.6280009,0.6418289
1.8281093,2.3958297
0.06583852,0.48845914
4.4258127,5.812351
3.1685696,3.6396406
3.4260416,4.995167
0.8036681,0.72463083
0.0025856919,0.30775827
1.2410146,1.5696411
1.3789595,1.8244497
1.887334,1.857199
5.0732675,5.971613
1.8507993,2.9620476
3.9078362,4.9276824
0.025507756,-0.10051134
0.0059908926,0.026089199
0.8992336,3.3788328
0.001986111,0.026984125
2.2054007,3.5127783
1.4070673,1.9266573
0.004705293,-0.03330945
0.005204114,0.1503599
0.00084074645,-0.061271805
0.0019537508,-0.034187343
0.0007613426,-0.049349006
1.1746429,0.8951154
0.014425439,1.4846098
3.0683653,3.4241703
0.8928613,1.5682034
0.0014296448,-0.0649434
1.1090411,1.6767446
0.00090456544,-0.038395066
0.0013983843,-0.09766388
1.3969408,1.7710516
0.0038969195,-0.033535976
0.004346348,0.26589665
0.0018645125,-0.029847238
0.90963274,0.61588407
1.1753484,1.909732
0.5481667,1.0121473
0.012748062,0.09902166
1.0603426,2.1247587
0.017601682,-0.02706955
0.09660901,1.0614598
1.2539313,2.0620234
0.023833333,-0.06694035
0.008728769,0.033302803
0.021160847,-0.055479754
0.96803904,0.67201364
1.1257745,2.0603971
0.0028431881,0.018603306
0.0008701058,0.0054179244
0.0022624803,0.00031175837
0.0035839041,0.07209484
0.001742055,-0.046999846
0.0016461462,0.13685039
0.028550347,0.2556512
0.0047255745,-0.06556074
0.0044931695,-0.07762392
0.0,-0.068378896
0.0027967687,-0.09567577
0.0015026499,-0.10374613
0.0,-0.013730042
0.0089375,-0.04327764
0.0,-0.06959358
0.006254338,1.2078798
0.0008618973,0.0445273
0.003537902,0.03188497
0.0006090741,0.14504547
0.001542683,-0.0075331666
0.0029817596,0.012948345
0.0013026774,0.04800705
0.0032641923,-0.034697402
0.0028850876,0.037137944
0.00598,0.10950409
3.6297522,3.9370894
1.2978652,2.570119
0.0022404632,-0.08027029
0.79714316,1.8558366
1.386093,2.7468247
0.0031145834,0.018226076
0.00352897,-0.036391977
0.6925172,0.65040445
0.0,-0.009857431
0.7911613,1.3475926
3.6376605,2.0984902
0.77903867,1.2521732
1.4238726,1.1064248
0.0036222467,-0.05745924
1.3826891,1.5730689
0.0016217949,-0.023455128
0.0035727809,-0.046354186
2.0335417,1.4703568
0.5326083,1.0470474
0.006173048,0.6079323
0.0026481482,-0.0030786395
0.8934685,0.47937799
0.41712683,1.7574681
2.86127,3.1150174
0.8543839,1.2366276
0.013369919,0.08167386
0.003383745,0.5034128
1.1097344,1.3556803
0.005204114,0.68931997
0.0021329443,0.48436472
0.0021357143,-0.06072096
0.0025822117,-0.07232055
0.0042825523,-0.023512892
0.0036412037,-0.0002895184
0.0028699825,-0.03433053
0.0022465847,0.2296048
1.3816664,1.4194229
0.00437367,0.010017578
0.0036222467,-0.0705675
0.0036507002,-0.03070819
0.52233315,0.9370103
0.004035202,-0.052458692
0.0016661601,-0.033620637
0.003011905,0.0035484508
0.003132381,0.15604278
0.0013093153,-0.05674761
1.1995124,1.680796
0.0041951532,-0.042934414
0.0024992402,-0.02364286
0.0,-0.007285442
0.001186508,0.08680646
0.0014109825,-0.014039926
0.0028550348,-0.011936322
0.001727416,-0.039594192
0.0037417521,0.509042
0.0010003041,-0.06695381
0.0030623837,-0.059073452
0.0009483852,-0.0021983199
3.4141986,3.8840423
1.2944802,2.0107596
0.0027408334,-0.04059365
0.0,0.03164962
0.007137587,0.06803546
0.0,-0.007902052
1.2502913,2.4435494
0.19532633,1.6431849
0.0014055555,-0.011475135
0.004531801,0.22728023
0.002514526,-0.062224362
0.0038603286,0.2735578
0.0023064516,-0.099971324
0.003068097,0.055625092
0.0032726368,-0.020768799
0.0014936421,0.05156502
0.0010003041,0.025755629
0.004970423,-0.10324694
0.0055370373,0.2134356
2.2746623,2.285089
0.77557206,0.98631716
0.0,-0.078706786
0.0037935409,-0.051667046
0.0,-0.025606915
0.7676041,0.99212825
0.0015751916,-0.030760039
0.0060459557,0.14117983
0.005894265,-0.08375062
0.0011372752,-0.043712053
0.5644565,2.886703
0.0031185208,0.67607963
0.017771974,1.6412247
3.4612176,3.736628
0.5997588,1.5531468
1.1872472,1.9069743
0.07765347,0.3025479
0.6285296,1.7145767
0.0053323605,-0.04182327
0.0009990887,0.3376411
0.0,-0.0383928
1.5199295,2.2789264
0.0033557522,-0.009474013
0.0013435457,-0.048249763
0.0036544444,-0.053341854
0.006915781,0.48989496
0.004121554,-0.034146924
0.52254283,0.5514015
0.006249457,0.010577578
0.01984929,1.0307038
3.584892,3.4247112
0.3802727,1.474071
1.0171151,1.6578288
1.0252517,1.7129089
0.0025615266,-0.033190865
0.0,-0.012351062
0.0027967687,0.6272564
0.0017814144,0.010462269
0.0025905797,-0.04074626
0.0010963334,-0.08014071
0.015959283,1.0517831
1.5211816,2.1870422
0.001986111,-0.060925607
0.0021856725,-0.055951584
0.0016431855,0.06090414
0.9180461,0.68225384
1.7616417,1.4160995
0.50626314,0.59074354
0.0007529762,-0.042972203
0.0008591954,0.08778025
0.00433905,0.009492243
0.0016122549,-0.07594891
0.027408333,-0.063759536
0.001957738,-0.019334104
0.0033390864,0.022442643
0.85351104,1.375669
3.186246,2.3445778
0.6620237,1.0880681
1.2771719,1.2289346
0.0,-0.07879715
1.5291572,1.6115066
1.8585182,1.4919491
0.0038238955,0.06244895
0.0024526473,-0.054856177
0.0020418128,0.00857765
0.0035233432,0.042039886
0.0035996533,-0.047717866
1.0581396,0.66691875
0.0032245098,1.916533
1.533218,4.195081
0.55935377,1.8546965
1.092727,3.693068
1.0672407,2.9649882
2.1111293,3.9610524
0.0,0.03122877
0.0,-0.11180641
0.0029003527,0.049377542
1.1794822,1.0988605
0.0046454803,0.06548405
1.2470791,3.786035
0.6143247,1.7729696
0.8031279,3.1024332
0.024183823,-0.04450379
0.0,0.07965064
0.0,0.2746265
0.0035595237,0.008283727
0.0,0.18275657
0.0,-0.07290338
0.7491611,2.974869
0.012458334,-0.03920484
0.010963334,-0.003043171
0.0,0.30177936
0.0,-0.05931169
4.3869934,4.6299753
2.0709941,2.2190547
1.2941333,2.2013633
0.0027339985,0.20261733
0.005782349,0.26502973
0.008198278,0.33959132
5.4405913,5.640132
1.638955,2.2818809
3.4980018,2.6375077
0.00561437,-0.015303399
1.0033988,1.0806308
0.5421965,0.6854919
0.012505704,0.12582208
0.004090796,0.042715944
0.004170833,0.116495624
2.2722692,2.4125454
0.68314236,1.9893304
3.2020528,3.5839674
1.4176997,1.556002
0.0062927296,0.074288845
0.0008618973,0.06166678
0.0,-0.03532313
3.7863092,3.3131108
1.7608812,1.9324843
4.285909,4.1603355
3.3024354,2.380695
3.2853863,3.0885394
1.0821741,1.4743073
2.491125,1.6122148
0.75544935,0.9112811
0.7668796,0.8180541
0.004316273,0.040525988
0.007047857,0.087534904
0.0077741314,0.08095446
0.89902574,2.1397738
0.61569965,1.6611388
1.571784,2.2063885
2.8766804,4.6936865
0.77985585,2.013185
1.0445427,2.8686423
0.013093153,0.7574098
2.8429792,5.4389467
0.7609571,2.0127628
0.53006685,0.84877515
1.5534651,2.971315
0.0068179932,0.40569684
1.9816946,2.9076953
3.2269707,4.1487217
0.026933044,0.015894733
1.5467249,2.0144026
2.8097215,2.3097878
0.871,1.4100461
3.5250847,4.049436
2.8075635,2.1048715
2.4809556,2.7510138
1.4019363,1.7006798
0.5699321,0.49603483
0.008565105,-0.002294045
0.775715,2.0002756
0.045850374,0.911044
0.006390544,-0.004660193
0.5668427,2.115205
1.9205912,2.613234
1.7123193,3.114051
0.8658374,1.4846709
0.5227029,1.3461599
0.004090796,0.18749629
2.5269322,3.6766016
0.7216501,1.3350186
1.2810098,1.312329
0.0054481397,-0.013431344
0.0,-0.025750026
0.70332384,1.273026
0.00790625,0.18795238
1.4990368,2.2147102
0.0041976725,0.1422397
0.0007250882,0.011914009
0.0,-0.047413085
1.2199483,1.4959786
0.6320222,1.2513673
1.9736145,2.5487294
1.317439,1.3681962
1.3862768,1.245489
0.92095524,0.7560262
0.0020006082,-0.008006413
0.0027226822,-0.008721679
0.003018539,0.007234931
0.63410807,0.9965689
0.0055432585,0.0081634
3.9045367,5.260235
1.5269308,2.889845
1.2966666,3.6696913
0.57163316,1.0680251
0.54192686,1.5308864
4.45017,5.8012934
1.6794628,2.597477
2.7500556,3.9450588
0.69038486,0.21598059
0.5798113,1.3866341
0.007949454,-0.045006085
0.8688857,1.0457187
0.002588405,-0.0089585595
0.003454832,0.51151544
0.56528157,1.627497
2.108979,3.1539402
0.0017347046,-0.022308026
1.5473095,2.4137962
0.83712626,1.2376208
3.2376647,3.9644244
0.017569445,0.6981982
1.8030078,1.8458188
2.1204097,2.8213818
2.4346004,2.302894
0.003513889,-0.00079481676
0.029231926,0.2607718
0.67508453,2.3184867
2.259695,2.9471533
4.148391,4.5283914
1.4257941,1.7973634
0.0018055555,0.4337665
0.0024471725,0.038524132
0.87937534,2.474903
0.004360417,0.061830875
1.3718181,1.8897276
2.790812,3.2687025
0.7064675,1.9064134
0.9292791,1.5278201
0.63542825,0.99583745
0.0008618973,0.10468091
0.0010706381,0.020650566
4.095311,5.210663
2.322123,3.1536996
1.9807986,3.587196
0.340674,0.9302521
0.5688678,1.3417122
0.6769072,1.8410609
4.823405,5.757994
1.7467005,2.4807887
3.2426476,3.6400166
0.67045003,0.35521492
1.3332828,1.2148046
0.7839534,1.0406893
0.0055935374,-0.019824281
1.7473338,2.1878402
0.6607366,1.8892759
2.8964643,3.8265777
0.005839844,0.030650023
1.3855301,1.6047051
2.7551086,3.3199918
2.018571,2.1198947
3.855439,4.702735
3.198057,2.6259758
3.6131406,3.8001618
0.99192065,1.8293664
2.1211667,2.6753669
0.9064228,1.0978317
1.1258132,1.0684849
0.53579485,0.56899583
0.0,-0.039405566
1.4659588,2.7994905
0.0020763888,-0.048089255
0.020107424,0.24727304
0.0033424797,0.18930197
0.0018031799,-0.0028649457
1.3963143,1.9388015
3.9654076,5.070466
2.617753,2.917883
2.0609007,3.1979942
0.872853,1.0089588
0.5090678,1.6834049
1.1910361,1.982834
0.5377311,1.5826776
4.984427,5.093212
2.6397371,2.6408675
3.7747931,2.7794006
0.9989616,0.4023864
1.2141275,1.584199
2.645646,1.3756528
1.52674,1.2408011
0.0014055555,0.08258769
2.204677,2.042366
0.79208523,2.6211908
4.1960783,3.8288803
2.17384,1.739142
0.044049107,0.2634738
0.0012867763,-0.0141663365
3.4490554,2.3148742
2.749618,2.2773082
4.6621876,4.1641607
0.07560919,-0.030325498
1.3580054,1.0941776
4.0281687,2.40943
3.45311,2.3348331
1.5397838,1.3973958
3.285271,1.7489593
1.4829866,0.7744159
1.3649465,0.76761186
0.96262556,0.55214155
0.01816781,0.056574382
0.5765131,0.84145784
1.9941452,2.781421
0.52019256,1.4369557
0.003205653,-0.014418203
0.027408333,0.004339874
2.0409894,2.5417204
0.73540854,1.0942711
3.950312,4.544203
2.3402164,2.4498463
1.4343402,2.3514762
4.7399926,4.980915
2.056704,2.013606
2.894545,2.1259055
0.50333995,0.2603161
1.3458071,1.0618138
0.8452882,0.5740362
0.0025222392,0.058541354
0.0017076844,0.01077174
1.1785239,1.5319062
2.866801,3.018076
1.3342777,1.1947582
0.0012928459,-0.047723975
3.1370568,2.1744833
1.8273656,1.7410642
4.0765843,3.5555105
0.63014585,0.5155795
3.4022307,2.0687807
2.8969214,2.0967345
0.94924194,1.1793572
2.262567,1.187926
0.003011905,0.007440392
0.8459289,0.80357784
0.84039706,0.7021228
0.558183,0.68408936
0.0016511044,-0.040680435
0.005075617,0.33739874
0.01159094,0.05169078
1.4501139,2.3872104
0.0015205733,-0.01283088
0.0033671171,0.095510945
0.021942921,0.30283767
0.0018967704,0.054171868
0.89762294,1.6070538
2.3195026,3.4222128
0.8709459,1.4601817
0.5854492,1.7239664
3.170836,4.5606537
1.0670725,1.8206943
1.9218392,2.2056925
0.6296919,0.97961557
0.68036014,1.2199627
2.4574888,2.750203
0.5878046,0.99073917
0.001539794,0.019185945
0.003011905,0.08605428
1.4160388,1.3246689
1.0180587,1.318778
2.7866843,2.9015355
1.9494008,1.4324634
1.666056,1.4383368
1.3530115,1.1482074
0.0068384064,0.13660641
0.7760164,1.7388532
0.0021638158,0.0090740435
0.010348684,0.39744446
2.4300368,3.7350109
1.2672589,1.6847386
0.6574358,1.8804178
3.2275906,4.3091326
0.9348464,1.8342552
1.6035655,2.08784
0.6267228,1.2914238
0.54914284,1.3525715
1.6154681,2.567263
0.63035715,0.9688077
0.0028451558,-0.03074972
1.6441891,1.5716693
0.94853324,1.5834897
2.3725822,2.7642756
2.110867,1.6000578
1.7295088,1.6274748
0.009742299,0.2342226
1.4164592,1.0755064
0.0035449853,0.031647548
0.004420699,0.3259277
0.0027967687,-0.015105721
0.0012959023,-0.002830986
0.0,0.07290306
0.03820188,0.8603542
0.6019864,1.3415833
0.0023282894,-0.010545503
4.4138904,4.937971
2.8771207,2.867795
1.9704088,3.1997614
0.64687073,1.017966
0.62880534,1.6646934
5.7381806,5.6627293
2.2332716,2.3320537
3.7633164,3.2190788
0.66949654,0.28948843
0.581764,1.4522281
1.6416702,1.1017487
1.0096298,0.9020931
0.0024660453,-0.02835619
1.1598983,2.117715
2.8455877,3.7122948
1.370884,1.6171272
3.5378742,3.7478032
1.9927759,2.4721248
4.332695,4.9450283
0.5558544,1.1335822
3.718512,2.9158113
3.4869292,3.5329397
1.0177283,1.6623178
2.5827332,2.2978187
1.026065,1.041802
1.203374,0.97086227
0.70085233,0.5213053
0.0012430083,0.017208502
1.7439301,2.4477155
0.0010861955,0.030302692
0.9551389,0.08775121
0.04090796,0.60844874
1.1173432,1.9519535
0.78394645,2.0557742
3.5364518,3.6161456
0.5713941,1.1308998
1.2401785,1.7585498
0.002155308,-0.054868642
0.0,-0.04175416
0.0022465847,0.3568215
0.0019969642,-0.047909107
0.0,0.014758203
2.8505495,3.6224694
1.7959671,1.693807
1.0623091,1.6918457
4.328555,4.3725986
1.3304462,1.7007828
2.14825,1.7310803
0.94650114,0.8255751
0.59509534,0.4218498
0.0,0.15432312
0.0,0.02196693
1.0205629,1.1706727
2.0712206,2.4510536
1.0427932,0.9379097
0.004420699,-0.04792921
2.1147664,1.5408418
1.3841208,1.4121585
3.0579102,2.802695
2.4188662,1.537333
2.3148296,1.5427095
0.6790353,0.93081754
1.926304,0.93678576
0.5466607,0.47864783
0.5918611,0.44680208
1.0020251,1.5008669
0.003556225,-0.006567687
0.83375,1.245018
4.647799,5.176236
2.9379659,2.926446
1.9539088,3.2577405
0.62596256,1.1725419
0.56100357,1.8240311
5.890927,5.4167156
2.5815566,2.2950037
3.8843513,2.8913362
0.8172742,0.35999042
0.7692292,1.4651558
1.7793907,1.2831612
1.2385732,0.9385568
0.0022511978,-0.0089407
0.0043551377,0.023206372
1.5818739,2.1655817
3.8224607,3.7463121
2.1477132,1.7081919
4.0356936,2.7077365
2.9008176,2.0760007
5.04118,4.154921
1.0689898,0.9451113
4.600076,2.4107118
3.9559045,2.9955287
1.3775145,1.499275
3.1847758,1.8597064
1.2946427,1.0581045
1.3427671,0.96760035
0.8259822,0.6713816
0.0007488616,-0.034001607
0.0,0.03813909
2.0314622,2.8000293
0.36342156,0.94496584
1.7364421,2.1031752
0.5263776,1.0434678
4.254463,4.7108793
2.161494,2.5958786
1.3060179,2.6737318
5.259157,5.5324707
1.7972678,2.0929255
3.1779459,2.7220922
0.88766414,0.93689823
2.3828142,2.1446972
0.82746893,1.7799832
3.3316956,3.3923712
1.5592345,1.3949295
0.0009549942,-0.04328971
0.004060494,-0.030968111
0.0024183823,-0.040186424
0.00515447,-0.008079175
3.9568636,3.4542894
1.8634903,1.9430248
4.346096,4.2031403
3.249007,2.2928886
3.7597113,3.2103834
1.1159704,1.4227972
2.8201199,1.718164
0.0023293202,-0.043109123
0.6328157,0.8177097
0.537645,0.7148343
0.94966733,1.9881105
0.0019686753,-0.015620392
0.5751458,1.4617326
1.5990323,1.99667
2.293815,3.4138315
0.9121651,1.5334228
0.6187988,1.786497
2.720931,4.219954
0.8856697,1.5381399
1.3466945,1.8269092
0.8911919,1.1164668
1.9256055,2.3878105
0.68152976,0.83430064
0.0024471725,-0.0024680495
0.0,0.0089979395
1.3880081,1.3691325
0.7870846,1.2221677
2.1051023,2.565178
1.4996431,1.4111655
1.3947238,1.6340907
1.1477239,1.0165622
0.0014775381,-0.020965595
0.0011908038,-0.01360837
0.0,-0.0033031888
0.011074075,0.95490813
0.77471524,1.3368834
3.972931,5.1006155
2.3411798,2.951928
1.9136109,3.0727663
0.6797834,0.9658216
0.8991142,1.9122818
4.4812374,5.1105328
2.317099,2.2018595
2.987375,2.6671944
0.69975466,0.38456932
1.0277334,1.1793258
2.0489929,1.2838495
1.2058101,1.0523835
0.0077864584,0.5339309
2.4075549,2.462995
0.87311083,2.6781301
3.9418075,4.009535
0.010817364,0.010102376
2.0854886,2.0956469
0.003068097,-0.0036847852
3.0943034,2.4987488
2.3551626,2.100071
3.9364402,4.1120596
0.9905741,1.1103344
3.4759772,2.4403296
3.075784,2.1037962
1.3762218,1.1827464
2.623369,1.532788
0.23872168,0.0008968748
1.3586227,0.8729199
1.2196316,0.84151316
0.7919478,0.7180873
0.0,0.10685715
0.0013842593,-0.03752857
0.5408578,1.0144843
0.0022382454,-0.005869556
1.6396083,2.770813
0.4257957,1.5298829
2.212652,2.716635
0.797136,1.2990276
6.0274887,6.0029917
2.7180524,3.8487675
3.3242877,4.7602224
0.5652179,1.2046831
1.4565271,2.170859
0.76910365,2.2165196
0.7893835,2.0897665
7.22866,6.0317917
2.8584135,2.2448251
5.515681,4.587732
1.4759643,0.2159143
1.6302414,1.397755
2.0503654,0.95028126
0.82493055,0.8115449
0.008234263,0.023902364
0.0028721308,-0.012495
0.0030453703,-0.028434142
2.596491,2.9286647
0.7308889,1.8440993
4.8786836,4.727044
1.8478713,1.8218086
0.0029791666,0.054396573
5.1539917,2.966251
3.846214,1.5246887
6.44247,5.1665406
1.1174413,0.7735481
0.76545525,2.0563166
5.3950477,2.5347028
5.0748653,3.0316682
1.5671945,1.3367513
4.7817297,2.7965202
1.2841923,0.8258831
1.1968846,0.8878534
0.004530303,0.019405711
0.0036302428,0.031518992
0.0024692193,0.003686726
0.0014936421,0.034347113
1.119717,1.4516752
0.055141024,0.14208661
0.9157358,1.2494335
2.6400962,2.6697826
0.00583156,0.025039274
0.008841398,0.018800259
4.8937283,5.809865
2.3497632,3.4158623
2.1479185,4.438241
0.5857123,0.81337655
0.94490504,1.4722106
0.90215516,1.7205095
5.2606754,6.093253
2.039388,2.4744015
3.601747,4.6030416
1.1097033,0.22448593
0.18480538,0.94990706
0.825825,1.4153043
1.263497,0.9365012
0.7249946,1.4348407
2.4306462,3.4305787
0.70631456,0.9041002
0.003703829,0.34999043
2.1609232,2.058591
1.3296957,0.98278224
3.7433558,4.55676
2.2574108,2.03848
2.9646993,2.9848952
0.8029901,1.3241904
3.0199182,2.8122156
0.67835623,0.65051347
0.7251187,0.74664986
0.577718,1.2096469
0.14221305,0.08592361
1.0310754,2.0686665
3.4572623,3.5205512
1.8535466,1.6854997
1.1889126,1.474253
4.673121,4.0142436
1.1975713,1.5720646
3.0683398,1.6133497
0.5526598,1.0344315
1.0918947,0.88499844
1.6212156,1.6803632
2.4048767,2.4791832
1.1645917,0.967006
0.0,0.093335584
2.0338752,1.8864069
1.0963334,1.4498931
3.1269279,2.690648
1.9440242,1.3768644
0.004766667,0.82543576
0.005481667,0.08162135
2.2983544,1.9477757
1.5565383,1.0190756
0.5582929,0.57215357
0.015736843,-0.032360855
0.00575,0.21349788
0.9955587,1.4373982
0.0,0.020190354
0.007960927,0.50785255
1.5961324,1.5063537
2.1263404,3.486244
0.511225,1.4592648
0.7208123,1.9543214
1.7684395,3.692895
0.66563094,1.4464438
0.9479346,1.826368
0.0068520834,0.1350263
1.3730892,1.9049449
2.3100507,2.7432923
1.0311459,1.1808753
0.015226852,0.0738506
0.008565105,-0.011524815
1.5942122,1.6069207
0.64789855,1.1667726
2.4116182,2.7083187
1.6689812,1.3307005
1.726725,1.6279694
0.95771646,1.075998
0.55847055,0.6561887
0.0023425927,0.043387704
0.009451149,0.013410207
0.6342646,1.081239
0.007901908,-0.0013623983
1.4069611,1.5960395
1.5037858,1.9592344
0.7058939,1.1117969
1.6671467,2.480391
0.67020375,1.0019747
0.68121684,0.8531969
0.0,0.10628836
0.77085936,1.4486678
0.0,-0.015208542
0.004216667,0.0004932992
0.0020922392,-0.0110423155
1.1881107,1.6501462
0.58905816,0.79666007
0.8322997,0.95766014
0.0026103174,-0.016119614
0.004316273,0.051365808
2.5905297,3.9616382
0.9340693,1.975538
0.8680104,2.440918
0.5913542,1.0567442
2.828201,3.8747323
1.2992512,1.678524
2.0531027,2.4304821
0.699867,0.7578187
0.0032745919,0.25783733
0.006136194,0.23796265
0.0023227402,0.27462527
1.0525755,1.9366741
0.0026610033,0.015848756
0.63756305,1.6163647
0.5098907,1.3132577
2.3194375,2.6882353
0.010874362,-0.058697674
0.6879215,1.1589897
1.1981705,1.7835548
1.4592516,1.4619203
0.0,0.017330527
0.003777062,0.02221445
0.0011302405,-0.035808768
1.9644976,2.231172
3.3578124,3.1935456
0.5058286,0.83787596
1.1872675,1.2146592
0.031028302,0.681052
0.074144125,0.4997159
1.4521484,1.9972575
0.0,0.06314444
0.0040306374,0.06635712
3.1694462,4.103143
1.5366349,2.414049
1.3633587,2.4730349
0.94091445,1.3442883
3.7310698,4.2002373
1.6445,1.7704839
2.6713989,2.3230314
0.82742137,0.33912453
1.2137976,0.99543464
0.57718724,0.7303133
1.2124703,1.4448471
2.1808896,2.6380281
0.96109486,0.9828895
1.5401278,2.3136425
1.3873702,1.8230565
2.9100378,3.4310384
2.0887942,1.7822851
2.5124307,2.7348964
0.5525874,1.2804153
0.00602381,-0.031846467
1.6423917,1.965867
0.01595194,0.4371185
0.5665153,0.8590865
0.66580975,0.7962179
1.2271861,0.3521069
0.7496296,0.26265216
1.4886934,2.0866694
0.061008584,0.9606962
0.003513889,0.05388998
0.0,0.0337893
0.0025535715,0.014055805
1.4086609,1.3396376
0.006991922,0.1340916
0.008305555,0.2877062
3.3131437,3.8956819
1.9605961,2.0149603
1.4698573,2.2205288
0.60515994,0.844862
0.62267476,1.3660733
1.2401621,1.3501906
3.620071,3.3109188
1.8885226,1.4430486
2.1175318,1.5753267
0.7140222,0.21818674
0.8925443,0.44615898
0.9790573,1.0894223
2.0690746,0.78828454
0.93032354,0.5452075
0.0024916667,-0.0048736595
1.6451098,1.2036097
2.9108152,2.51715
1.5032617,0.93246615
0.014425439,0.36619875
2.1254444,1.1844945
2.005242,1.3137233
3.289986,2.4918242
2.3192613,1.2764367
2.2495613,1.1660004
0.7789737,0.6767359
1.7355546,0.87008786
0.21760556,0.55506855
0.92228043,0.26167884
0.7425447,0.21602958
1.2302028,0.29873416
0.87504476,0.14614265
0.0052107098,0.03880008
0.0,0.0060064513
1.3496666,1.8524141
1.568173,1.3846483
3.0221353,3.3785563
1.6038097,1.728979
1.0250238,1.5592422
3.9388232,3.5612721
1.6978742,1.4359349
2.4141297,1.3287511
0.5053799,0.23150569
0.64930224,0.91559434
1.2596116,0.8333858
0.57520294,0.36595663
0.6776356,1.053444
1.7187997,1.9731505
0.8448572,0.709327
1.5905715,1.4187446
1.2101038,1.3444058
2.629895,2.30167
1.9986874,1.2319219
1.9115735,1.5803441
1.4661283,0.83870846
0.0011532258,-0.007860467
0.9157735,0.3983343
0.7398459,0.18960084
0.010963334,0.23381278
0.0013568482,0.10240646
0.006374031,0.0027363338
0.0018534799,-0.0029241927
1.0319611,1.6243229
0.0021581366,0.0036300905
0.014641204,0.5277979
0.002963063,0.079566404
0.78591317,1.0478475
1.6437435,2.4543839
0.6109638,1.0242269
0.003451931,0.12727067
2.4174519,2.7226229
0.95997685,1.1045587
1.3419635,1.2567525
0.23885329,0.78386915
0.005506697,0.004214108
0.59893245,0.5250367
1.3781563,1.6919796
0.0011916667,0.030444492
0.0028214462,0.02193876
0.0053479676,0.29031536
0.605167,0.5836545
0.65800726,0.7229523
1.9260854,1.6379223
0.9187474,0.6987383
0.9536637,0.66667986
0.7514342,0.60476273
0.0026524193,0.048055712
0.0055935374,0.15574871
0.0022175028,0.027128968
0.0065257936,0.01359966
0.002183931,0.0685247
0.0036748603,0.08989084
0.0020751795,0.021461714
0.060873248,0.19196646
2.1066704,2.5290961
0.9592917,1.0184
2.0328605,2.7761843
0.8563252,1.0102279
1.1585706,1.1474864
0.604614,0.45526987
1.0164436,1.7209558
0.71168417,0.91296804
0.6759528,0.89670956
1.6589559,1.9125994
1.071923,0.9307449
1.0634319,0.9321904
0.0,-0.008173522
0.697573,0.6440828
0.005894265,-0.008933097
0.0060085724,-0.041528415
0.0011051748,-0.035414074
0.0023627873,0.06521241
0.0016428571,-0.054698754
0.05962882,0.18128161
3.397912,3.7015986
1.9025785,1.9957664
1.5088357,2.0482574
0.9642637,1.1157663
5.483682,4.060298
1.5437341,1.5920746
3.0597959,1.9289321
0.81361747,0.25819588
0.5565741,0.54570615
0.6467578,1.1473701
1.8866695,0.88432217
0.7704416,0.60948443
0.6111697,1.5470505
1.5167953,2.431097
0.9089421,0.9496798
0.0,-0.01740466
0.0020227553,0.007138226
0.0089132795,0.122489184
1.9679184,2.573907
1.1704814,1.8407757
3.7186441,3.2875643
0.013051587,0.44570923
2.0776942,1.7518837
2.0985985,2.6998367
1.911963,1.622435
0.5751257,0.72370267
0.61789566,0.63261807
1.2931888,0.36330888
0.902191,0.22382689
0.027477026,-0.06442386
0.0022465847,0.012335919
1.6003504,1.7709187
0.27275413,0.53647506
0.00434287,0.34771112
0.004766667,-0.009919316
0.5950818,1.2305202
0.86632776,1.8600588
3.7058952,2.6321712
1.6832592,0.87479126
0.0,0.042191558
0.0,0.042031903
0.8458779,1.4335414
0.0042825523,-0.04473124
0.28057346,0.84851325
2.3624036,2.5634775
1.0215833,1.2014321
0.6974327,1.1198317
0.0022651516,0.12948786
3.2244322,2.870418
1.259617,1.1605074
1.6155883,1.0417273
1.0767107,0.5976295
0.6452289,0.7785051
1.6560403,1.6113403
0.64945835,0.5548526
0.007027778,0.03239306
1.066986,0.91780674
0.85606545,0.9839251
2.0684037,1.7937789
1.526408,0.9188621
1.2831616,1.0470543
0.86658704,0.6266024
0.27071345,0.17684345
0.8523848,0.32417503
0.5459914,0.15337308
0.0,-0.008086387
0.0,-0.03787561
0.749648,1.0020684
0.0038333333,0.013570989
0.8807921,0.776765
0.0,0.005875021
0.0,0.061414376
3.9943535,4.0099382
2.0415695,2.0115898
1.3026628,2.237578
0.0034058753,0.53482294
0.71498775,1.2607853
4.6498227,3.9393272
2.1894703,1.5803475
3.047084,1.8293865
0.89040047,0.3136445
0.6121572,0.61017907
0.8565104,1.1569834
1.8970501,0.9853385
1.0032265,0.5912968
0.98714364,1.4462523
2.311993,2.6261494
1.3848605,1.0573231
2.3034945,1.7962062
2.0380447,1.6298141
3.7267606,2.8791206
0.11066915,0.7088089
3.036907,1.5546241
0.006803487,0.06108774
2.8186138,1.9487765
0.5919827,0.9742379
2.3065093,1.2344699
0.78082484,0.62178385
0.9110419,0.5119006
1.248451,0.3973231
0.99888146,0.21171096
1.4422035,1.9783993
0.0023720823,0.0036958568
1.1487458,1.4413207
3.4953234,3.581809
1.587455,1.9682671
1.1504042,1.7896233
4.643786,3.8431835
1.7237592,1.4839456
2.6625237,1.6343522
0.59425145,0.97541475
0.0076450543,-0.0053039677
1.1383008,0.79462177
1.8083366,1.4948134
0.57673806,1.386272
2.438797,2.3030019
1.2961324,0.85147655
2.265797,1.9819367
1.2782278,1.4316809
3.21044,2.7021894
0.0065827877,-0.0362813
0.021431627,1.226581
2.080259,1.3219038
2.690915,2.1042829
1.9777163,1.1109291
0.84029156,0.4592202
0.00277975,0.010688793
1.0870908,1.5830826
0.5793944,0.8647131
1.5162306,1.3226447
1.6622914,2.383116
0.60935736,1.0728428
2.5045362,2.7549644
0.8501659,1.012245
1.0744066,1.0437438
0.5570757,0.59798265
0.5911425,0.65529287
1.2429127,1.5303454
0.0017237946,0.10638517
0.0033424797,-0.006243754
0.70007265,0.7201649
1.5544853,1.602542
0.8054843,0.7955622
0.9600808,0.9174596
0.6499933,0.5995799
0.0110263415,0.09740533
0.0,-0.017895639
0.0007742467,-0.0012102537
0.0017814144,0.024229366
0.67814434,0.855515
3.311107,3.848389
1.6953739,1.9501529
1.4265496,2.0292583
0.5203096,0.7872964
0.6683987,1.3036327
1.0311239,1.2852402
3.2766159,3.5394936
1.9615121,1.4256041
2.0723908,1.5874248
0.711718,0.2645747
0.60542893,0.47268435
1.1055307,0.9995957
1.8079648,0.88678396
0.7894563,0.59011555
0.003880826,-0.012421612
1.8399233,1.5569446
0.7100111,1.8696218
2.9280243,2.7516053
1.5234668,1.22992
0.0022103495,0.026236933
2.124895,1.4404662
1.7411767,1.4624579
2.9670722,2.7353024
2.2386382,1.4599522
2.3863976,1.373951
0.7353161,0.7081471
1.8934911,1.0450299
0.8692798,0.38536343
0.7614654,0.3345142
0.96161443,0.3874677
0.72052836,0.27782148
0.0049384385,0.037046406
0.0,0.028982535
1.2169513,1.7945722
0.0006037078,0.14199889
0.0045680557,0.15514004
1.6999258,1.6460928
0.64532846,0.57516515
4.4922256,4.690775
1.7349992,2.5741386
2.4127471,3.2991774
0.946853,1.8127203
0.84846014,2.1991775
1.1191276,1.3447621
5.806655,4.409153
2.6000676,1.6394234
4.501333,3.0732381
1.1577526,0.25450963
0.036275737,-0.054551218
1.0785357,0.92542493
1.6332556,1.4138708
1.9183073,0.75400454
0.003972222,-0.035984393
0.0018272222,-0.03435122
0.0031503832,-0.084414154
1.8295088,2.0978742
3.549701,3.3934278
1.2093781,1.2366605
0.0023032213,-0.010055874
0.0,-0.028501835
3.1856256,2.2637124
2.4966962,1.8731276
5.107872,3.9454443
3.2808928,1.8357766
3.0887084,2.1985621
0.5306381,0.96111387
2.985711,2.0960302
0.7556101,0.49344182
0.5527774,0.5260485
0.0018519145,-0.027896602
0.52966046,2.283427
0.7397573,0.91297865
0.0024285866,-0.030488882
0.6561878,0.6887746
1.8293054,1.742826
3.3766112,4.541936
1.4851493,2.4212842
1.4004216,3.047696
0.59697604,1.1811833
0.870716,1.166384
4.509917,4.4358826
2.2554338,1.82762
2.833871,3.0010338
0.71971524,0.2544651
0.7386643,1.4063764
1.0764815,0.77131003
1.3914231,2.414688
0.045854244,1.2308836
1.0054022,1.8892697
0.8589303,1.5016296
2.7656987,3.4339478
1.05105,1.4765382
1.8405697,2.1980095
1.9585252,2.0165994
0.0,-0.005829785
0.50774586,0.7418276
0.50009984,1.3143291
1.0970186,0.78413004
0.0,-0.12127088
0.0,-0.12756783
0.0026870915,-0.06194933
0.0023056432,0.14112218
0.0032435898,-0.061187703
0.020936921,0.024399478
0.5948191,1.1259967
0.22298305,2.1591759
0.07308889,0.39343086
0.0041527776,-0.15761462
0.0,-0.0117133595
0.021638159,-0.034552943
0.0,-0.08675055
0.0,0.14099605
0.0,0.15192978
0.0,0.038361203
0.0046851854,0.015195254
0.0022840279,-0.047165696
0.0016611111,-0.10514052
0.0035480044,0.22388515
0.0038279796,0.34804806
0.0020079366,-0.0426603
0.0018031799,0.014795115
0.0013020586,-0.12750115
0.0016511044,0.0020943396
0.0,0.051224463
0.005220635,-0.04553661
0.0019438535,-0.009732667
0.0,0.07512057
0.0024362963,0.029176377
0.0029662699,-0.012030248
0.0,0.022577764
0.0017237946,-0.20407274
1.6726111,2.5804024
0.57009333,1.5022132
0.0,-0.09944658
0.0,0.03913425
0.0,-0.04614563
0.01957738,0.21938588
2.3087325,0.9688287
0.84582704,0.54288983
0.0033424797,0.027136896
0.005270833,-0.028631147
0.0009228395,-0.1286621
0.0016314484,0.022652205
0.0016314484,0.17430426
0.0014875622,0.031416442
0.0045378036,-0.17274944
0.0052372613,0.6498923
0.9869256,1.1665773
0.016511044,0.0069011115
0.006423828,-0.105795965
0.0,-0.107229695
0.0,-0.08522247
0.003670759,0.19354443
0.0057100696,-0.103930056
0.0,-0.019032013
0.0011613701,-0.08464801
0.0035679487,0.010636438
0.0030623837,0.0062023476
0.0,-0.030196678
0.0018730068,-0.114843145
0.0025030442,-0.045422796
0.003806713,-0.08473174
0.0034153687,-0.09168795
0.0017797619,-0.07920393
0.003703829,-0.07087162
0.001022699,-0.08743006
0.0,-0.05036481
0.009351078,0.50592184
0.0138027575,0.7099854
2.046262,2.2542813
0.76454824,1.1330215
0.003575,-0.04087593
0.0,-0.07775937
0.002237415,-0.18689002
0.0,-0.061520148
0.0034260417,0.002256319
0.0,0.24855635
0.0010113777,-0.032373626
0.004420699,-0.13376643
0.0028699825,-0.0020729378
0.002669643,-0.104083195
0.0033424797,0.18929017
0.005958333,-0.029584277
0.0047255745,-0.08109446
0.0050015207,-0.08621353
0.0011613701,-0.14938578
0.0,0.058570176
0.0,-0.10424319
0.0031870154,-0.11906505
0.0031870154,-0.0971324
0.0052877814,-0.15234794
0.7957258,0.8059288
0.0065257936,-0.048335876
0.0,-0.09668887
0.0,0.02776758
0.0,-0.1382933
0.0,-0.033185218
0.0013704167,-0.10332449
1.023489,1.4619763
0.54566365,0.83192295
0.007169182,-0.051739063
0.0019507711,0.010145541
0.0023833334,-0.11628246
0.0034475892,-0.046982575
0.09701538,0.35326198
1.463449,1.4819285
0.002287841,-0.1055568
0.0046454803,-0.015242025
0.008701058,0.1286691
0.00291578,-0.12246315
0.0020816457,-0.055784788
0.055114582,0.10014036
0.0,0.13057385
0.5136961,0.45578334
0.16203669,0.21618576
0.005374183,-0.11169599
0.035398215,0.16474621
0.0066849594,-0.04883853
0.0024042397,-0.10057998
0.007613426,0.0126634985
0.0,-0.10155702
0.0,0.108181685
0.0,0.05941217
0.003703829,-0.09806068
1.9199871,0.9127413
0.7114185,0.5397685
0.0006037078,0.14438297
0.008227643,0.2431548
0.0012346096,-0.013546534
0.0020949044,0.025440995
0.75699204,1.4050725
0.004420699,-0.16926077
0.0041527776,-0.20901719
0.0017347046,-0.0074114017
0.50688905,1.2168984
0.0055935374,-0.15673564
0.0021412761,-0.18578632
0.0,-0.093816385
0.0,-0.04660279
0.008841398,0.98517823
0.0,0.23299672
0.0,-0.09871754
0.0,0.13520558
0.004857173,0.23760892
0.0033527014,0.20806442
0.0019957523,-0.09282701
0.0031747106,-0.06771837
0.0019718225,-0.066396266
0.0059154676,0.2704512
0.0041319095,-0.052090738
0.0048510325,-0.09275432
0.0016028265,-0.052316155
0.0034569069,-0.14154261
0.017541334,0.27664283
0.006739754,0.011444908
0.026524194,-0.037392426
0.0024255163,0.22708742
0.0,0.17587061
0.008565105,0.31817007
0.00874734,-0.09256026
0.006264762,0.26502892
0.0,0.2459083
0.014683036,0.19642091
0.01166312,0.25611058
0.0040306374,-0.062960684
0.0,-0.005364485
0.0,-0.0046420135
0.0021752645,0.043171458
0.0012748062,0.083657786
0.0024042397,-0.08658221
0.0039295102,-0.07208441
0.0027271973,-0.074520364
0.0021181093,0.07509168
0.003454832,-0.044333432
0.0029235557,-0.06520425
0.004530303,-0.008451737
0.0,0.15677747
0.0015751916,0.08675255
0.70992076,1.9550534
0.0048084795,0.06604266
0.0055935374,-0.028682623
0.0044566398,0.02359619
0.001986111,0.0311976
0.0,-0.08026785
0.0038932292,-0.05163424
0.0021412761,0.07708384
0.0014977232,-0.0013997741
0.0012346096,-0.027560588
0.0031234568,-0.09551096
0.0014349913,-0.008909721
0.0017292324,-0.047252636
0.0048434683,-0.1364589
0.0027136963,0.019207709
0.0,0.013638008
0.0021619194,0.33043754
0.001332658,0.034943175
0.0015997082,0.036392342
0.00223559,0.04260897
0.0044738688,-0.038823668
0.00446875,-0.072728544
0.0032977941,-0.077645466
0.0023407738,0.3235895
0.0018498313,-0.043322135
0.0008565104,0.011563297
0.0029366072,-0.092685655
0.0021985294,-0.06598301
0.0012318352,-0.04377081
0.0026103174,0.099159
0.003205653,-0.057968322
0.0036625837,-0.044814277
0.0041951532,-0.0100151785
0.00467719,0.8105248
0.009251758,0.13669716
0.0065257936,0.18374954
0.0,-0.0784391
0.0025581112,0.0540132
0.0023833334,0.044597633
0.003915476,-0.020005774
0.0,-0.07809937
0.010541666,0.0849441
0.0053220065,-0.049017448
0.0,-0.057796452
0.0015706781,-0.07663043
0.00083434803,-0.048801135
0.0036666668,0.034995567
0.0,-0.009776067
0.010963334,0.16969357
0.0,0.109240174
0.0,0.15813072
0.0,-0.042911325
0.003011905,0.09323895
0.011800066,0.49707305
0.002060777,0.004566906
0.002622807,-0.04772124
0.0057701753,0.19129641
0.0,-0.032281194
0.003771789,-0.06691837
0.0023032213,0.04607884
0.0021083334,-0.04709578
0.0,0.011911653
0.0078954045,0.17237417
0.0035251875,-0.04745746
0.0011007363,-0.051102955
0.0048084795,0.0872373
0.0028850876,-0.039115492
0.0017972678,-0.03420878
0.0,-0.0538282
0.008206088,0.3989771
0.006229167,0.078323215
0.0,0.007944228
0.0036063597,-0.068896085
0.0041844784,-0.031232137
0.010422887,-0.054605413
0.0058138887,-0.044894967
0.003286371,-0.07460703
0.00583156,-0.11459741
0.0,0.053531248
0.002460353,-0.13053264
0.0,0.29498312
0.0,-0.048123274
0.00446875,-0.047140423
0.0,-0.060088474
0.80845624,1.6512443
3.918623,3.508898
1.4646893,1.3495905
0.0020187441,0.043678116
0.0023318608,-0.044367228
0.64002883,2.0492115
2.1700757,1.7126849
0.016195834,0.9805855
1.0736245,1.1093831
0.0013635986,0.0071070176
0.002880035,-0.021060735
0.5387523,1.8836788
2.3401544,1.8294295
1.0486081,1.3325171
0.024249863,0.3130389
0.020962397,0.027927909
0.002921997,-0.0038756467
1.2344373,0.5268444
0.7906964,1.9282541
1.5261732,3.0063534
0.48812938,1.5487117
0.5801927,1.8771949
1.8766319,1.8361968
1.1478186,0.9760083
0.012059667,0.8689983
0.00659307,-0.015970048
0.509715,1.4642584
1.9917521,1.7575259
0.9970416,0.99675983
0.022123318,-0.003669016
0.007655959,-0.06767416
0.0072127194,0.37388825
0.0069564297,0.27743042
1.3223815,0.48882443
1.5472622,2.307518
0.51652455,0.7420505
0.013852587,0.5823185
0.006758219,-0.0019896142
0.0011187075,0.033910926
0.90955883,0.5501668
0.0,-0.05735432
0.0015087156,0.37457383
0.74343884,0.82692647
0.003849485,-0.043047566
0.0017841064,-0.041403044
0.015062479,-0.042203713
0.008225437,0.23733647
1.6266478,3.5100436
0.5109455,1.6398954
0.8110171,2.0679398
0.011557731,-0.07733798
0.0015311919,0.043799516
0.0055935374,-0.04081176
0.0,-0.056256983
0.51052433,1.2598919
0.0027047698,0.02219097
0.93834966,2.091971
0.0,-0.038566392
0.0028008516,0.014313422
1.3235894,2.6679435
0.00095666084,0.069020465
0.002257378,0.35800037
0.0005794574,0.08093036
0.0025294442,0.03710284
0.0020504987,0.056278028
0.0029984806,0.07169311
0.002525429,0.11692825
0.0024775895,0.05349529
1.2299105,3.2051244
0.0048725926,0.13088523
4.2713976,4.1618567
0.6201886,1.8579744
1.9502692,2.3299048
0.50352615,1.8170228
1.6720066,2.1080287
0.9267321,1.2116284
0.005374183,0.017331738
2.2229226,2.724483
1.1908526,1.7378359
0.5430115,3.3949218
0.78597426,1.6306857
0.003729025,-0.06935316
0.002277701,0.12129708
0.009451149,-0.024552543
0.0,-0.024334569
0.57535154,0.48349032
1.2047836,0.5853094
0.0,-0.02536336
1.34412,1.398242
3.6825333,2.6402762
0.5865383,1.3412943
2.0010068,1.0967036
0.6941608,0.3358337
0.0019279015,0.010199968
0.59289306,1.1315117
2.212702,1.5010171
0.026465317,-0.013675015
1.2298324,0.84850025
0.91595614,1.1145165
3.0025287,1.4177535
1.7466502,1.0363853
0.58287203,1.4740782
0.88973266,0.7819079
0.017601682,0.063440025
1.2554785,0.3431451
0.96349716,1.8520967
0.030092236,1.1559982
3.4742253,3.1853166
1.4791934,1.1464686
1.5661905,1.0911632
0.82225,0.67603153
0.0,-0.03339057
0.0018645125,-0.04974891
2.2232447,1.4565935
1.2266086,1.063458
0.01265,-0.042003665
0.021169038,0.343653
0.0070145526,0.28158382
1.9526938,2.00762
0.78093463,0.9112815
0.009745185,-0.058691982
1.0504777,1.005786
0.002905477,0.05495112
0.002041046,0.007859584
0.003028545,-0.012967307
0.0030860896,0.007701289
0.0009549942,-0.042913403
0.9486032,0.9116076
0.0044702683,0.04431305
0.005551055,0.04089102
0.002906267,-0.04015254
0.0025099206,0.015000422
0.0022518584,0.032207448
0.004279513,0.3127549
0.0,0.040424086
0.002645592,-0.005161565
0.0052607167,-0.050625097
1.8494452,1.8206632
0.64664906,0.7703741
0.001978941,-0.028403487
0.8952658,0.76487446
0.0034403766,-0.026667807
0.012674374,0.32123244
1.3315519,2.7415626
0.10018218,1.5500233
4.315219,3.9989977
1.9396666,1.7392478
1.1239462,1.7904643
1.0662007,1.0469493
0.002346604,0.22231041
2.291978,2.443058
1.4330643,1.6170067
0.0,-0.03276634
0.0050060884,0.025298795
0.0036024097,0.4116054
0.0073088887,0.09237148
0.004316273,-0.017408725
1.150863,2.3706007
0.0016075269,-0.050889198
0.0020377943,-0.054572824
0.0017237946,0.2267528
0.0,-0.063398466
0.0028911745,-0.042722184
0.0010833334,0.03741252
0.0046021454,-0.02144391
0.6545543,1.2828166
2.6024184,2.6133535
1.0563123,0.97098583
0.005107143,-0.011761766
1.3100774,0.7981197
0.5769012,0.51058006
0.0060907407,0.09001583
1.3491849,1.1330204
0.68330765,0.8324951
0.0,-0.051634055
0.0011916667,-0.05662987
0.0,-0.071679816
0.002332624,0.025027633
0.0,-0.022839509
0.0021752645,0.012643263
1.3748422,2.8004403
0.0025116457,-0.008254331
0.021360332,0.9278588
3.8474,3.8644743
0.68239063,1.6581306
1.9008898,1.7646915
0.002334611,0.035475988
1.9267915,1.885752
1.2050339,1.2081549
0.56316125,2.075488
0.0,0.0023390763
2.727248,2.2211013
1.8393189,1.5465829
0.8462843,1.2555063
0.0027003284,-0.025122989
0.008476804,0.031584524
0.78309524,0.46685928
1.0004717,2.2100396
4.2631955,3.5974913
1.5826219,1.5705186
0.8511697,1.9666235
2.3105578,1.8380175
1.3917888,1.0994
0.0021581366,0.02289556
0.005741969,0.29405597
0.6234066,2.349409
2.5095713,2.2241411
1.1394436,1.4984013
0.50576705,1.2414769
1.4550676,0.5613049
0.5870093,0.15122198
2.1372461,1.6130683
0.7433472,0.61043966
1.1975932,0.6924198
0.6016739,0.35810298
0.0052096094,-0.02213414
1.0075046,0.80839044
0.0062009804,0.0916011
0.002398979,-0.060322676
0.0022103495,0.10073584
0.002139187,0.055863325
0.0031615647,-0.00092296675
0.0020377943,0.1452396
0.016561907,0.043193426
0.62647617,0.11270158
0.0011516106,0.021245496
1.3206161,1.4189494
3.5889578,2.8489869
0.63586354,1.2306206
1.8014992,1.2124465
0.6374568,0.3742422
0.7672369,1.3265791
2.7479422,1.6095027
1.2245371,0.99275625
0.8109332,1.0570297
2.602847,1.4147751
1.6154542,1.0476763
0.5194744,1.213522
0.83545333,0.6845743
0.0040806453,-0.05693772
0.004056202,0.02613032
0.0015904255,-0.057753865
0.005925564,-0.058933917
0.35368142,0.38013068
1.6785511,0.55259764
0.012006672,0.02059412
0.0031303933,-0.027693849
3.6707902,4.467985
0.9263323,1.9516232
2.7282798,3.2097785
0.55151594,2.4262748
2.4657917,2.729844
0.6281318,1.3836904
0.0,0.07030745
0.0036063597,0.21971883
0.0067259716,-0.036041047
0.7438127,2.1281104
3.7220192,3.3630617
0.9151212,1.8463911
0.021317592,1.0251193
0.9955414,1.8609142
0.025092136,0.3854259
0.00094511494,-0.04640862
0.004894345,-0.06278284
0.0021083334,-0.050049145
0.8129815,0.9161091
1.3956612,0.9433996
0.0021581366,-0.062907085
3.3775501,4.1342754
0.7912217,1.8460081
1.8509524,2.7696154
0.7726817,1.8079197
0.26389617,2.2688212
1.742055,2.8788228
0.56619847,1.7972815
0.0,-0.078694135
0.0,-0.023674019
0.0013773032,0.8541889
0.005029052,0.2752059
0.86739314,0.62853795
0.0024471725,0.014064703
0.0,-0.01679672
0.009010162,1.1235385
2.0244017,2.605885
0.55332375,1.2756674
0.82822734,1.9153745
0.0046186713,0.053467575
0.0035000818,0.010189649
0.0021988235,-0.041387167
0.0,0.104430646
0.6339728,1.8005145
0.003786989,-0.008827247
0.0029747575,0.007207904
0.004551799,0.025955614
0.5710404,0.72814417
0.025355726,0.030315716
0.0029642077,-0.019709695
0.812217,1.3372164
0.8785257,2.179761
0.005250639,-0.062969
0.01939269,-0.086825445
0.59006643,2.0305915
0.02242084,-0.000512179
0.008433334,-0.07862887
0.7392606,0.8106214
0.627806,1.636939
0.0014444444,0.44546646
0.001009515,0.06348459
0.003085366,-0.022199154
0.005362235,0.99969095
0.00050152483,-0.06408596
0.0030491347,-0.03987092
0.0017201883,-0.06095661
0.0024148312,-0.06799941
0.0014821992,-0.01383299
0.0016577621,0.029095449
0.00296118,0.040783927
0.0025244518,0.09604263
0.002746326,0.26881188
2.471627,3.2353103
1.1814369,2.1549911
0.00077315466,-0.051683713
0.76076645,1.7362483
0.00446875,0.29305285
0.76014555,2.4273891
0.0027136963,0.045594644
0.6960631,0.588297
0.5770415,1.1618161
0.0031655438,0.65595555
2.6478448,1.6843414
0.63932246,1.3368309
0.97314423,0.9788895
0.0023916522,0.2906192
1.064047,1.5285597
0.0012959023,-0.08227147
0.0020906434,0.2751897
1.2411529,1.409087
0.0,0.27421206
0.5514575,0.4216223
0.007475,-0.065880254
0.09878622,0.118138954
1.8573287,2.4776704
0.6630353,1.0873294
0.011420139,0.09755218
0.0040306374,-0.04591989
0.51004475,1.368911
0.001684311,0.028191801
0.00155288,-0.044270802
0.0032628968,-0.014628228
0.7984913,1.3457144
0.0067466665,-0.013441138
0.005242827,-0.08839342
0.003784188,-0.07266079
0.0055577196,-0.0003540665
0.0017812706,0.089500904
0.002949776,-0.06770769
0.767352,1.9747002
0.0,-0.0901259
0.016261797,0.6353633
0.0034383214,-0.043634716
0.0017555378,-0.015789922
0.0023032213,0.02679333
2.6610866,3.2399259
0.9992844,1.7732282
0.01896174,0.9253004
0.003038618,0.17240639
0.010151234,0.747565
0.002716141,0.061436497
0.5902946,2.3562007
0.0030252023,-0.04000883
0.0026326652,0.050655898
0.0015363416,-0.020701174
0.0012928459,0.51667684
0.0022307378,0.1787106
0.0026103174,-0.034879867
1.3423662,1.8118918
0.50594676,0.865702
0.00229039,-0.06980476
0.0033379567,-0.038513098
0.0013240741,-0.013977528
0.0024201619,0.17251986
0.03823264,0.15027443
2.2621,2.954221
0.5338155,1.3612757
0.98382753,1.664846
0.014287323,0.09819776
0.5310982,1.6729648
0.0024212308,0.020237155
0.002514526,-0.024969634
0.7988759,2.18666
0.004404219,0.012786299
0.0029246698,-0.013903938
0.0014152323,-0.06031618
0.0020334746,-0.05151101
0.0017930686,-0.04795279
0.0056804838,0.03295089
0.0075091324,-0.015667971
0.23176028,1.5818189
0.002039961,-0.047595758
2.3771188,2.6161828
0.7340612,1.3239666
0.74683654,1.8074993
0.0033197072,0.030336298
0.00448772,-0.03890753
0.0021292986,0.041271992
0.7975064,2.049899
0.0023748851,0.11204679
0.0023373354,-0.063492164
0.0025822117,-0.049465287
0.0011003964,-0.056994963
0.003795417,0.5831894
0.0036271857,0.028634071
0.57188106,0.6655978
0.005508374,0.6633184
1.0095443,1.0795236
0.0027967687,0.0070295036
0.0017265092,-0.027034137
0.0021810345,-0.00034719333
0.0004282552,0.056338698
0.002542517,-0.055731032
0.0024644372,0.04449998
0.0011646601,-0.03885897
0.002791407,-0.052276764
0.0017628637,-0.0128044635
0.6116023,1.1940739
0.0027557933,-0.076366246
2.3686926,1.9863362
0.5299658,1.0967116
0.91957325,1.2180631
0.00277975,-0.049781237
1.2158186,1.633249
0.0038016844,0.35494736
1.132742,1.5311975
0.0048407884,0.06540645
0.002398769,-0.04379649
0.0,-0.10010195
0.6932837,0.6741376
0.002045398,-0.019480336
0.0017601682,0.047829576
0.90000415,3.404584
0.6527302,1.4461939
0.004965278,-0.035170797
0.83897376,3.285213
0.97001094,2.9266453
0.004965278,-0.02450116
1.4037986,3.750278
0.003079588,-0.04509585
0.0,0.04508199
0.0031503832,-0.018307246
0.0036382743,0.058177993
0.004350529,-0.058174778
0.7197061,1.152005
0.7669594,3.0956244
0.56113005,1.4095521
0.6557822,2.742232
0.0064871795,-0.03432137
0.0009894705,0.91830254
0.004203732,0.41400972
0.0022492185,-0.021505255
0.017959876,0.22559856
0.0027477026,0.026338834
0.00088988093,0.07435941
2.5773892,2.4863906
0.9994111,1.2198024
0.0042881356,0.004336972
1.0354259,1.2707746
0.0034367817,0.04221238
0.003703829,0.037975345
0.00676749,0.053999193
0.51227736,1.8024459
0.0031911384,0.072333604
0.004249354,0.062060736
0.0032890001,0.16090956
0.9578789,1.3240124
0.5552246,-0.06247275
0.0031747106,-0.04900315
1.2853131,2.9678962
0.009702065,-0.0636642
0.024183823,-0.050713558
0.012458334,-0.027080096
0.7006681,1.5556401
0.0,0.08754088
0.0016217949,0.0045266263
0.0017720906,0.14163047
0.0015842967,0.035477042
0.005412777,0.30420455
0.865315,2.9543397
0.84001464,1.8908494
0.0038852019,0.00114033
0.0033977274,0.0003304407
0.003972222,-0.08464782
0.0,0.006228905
0.0039002802,0.03175618
0.0042603626,-0.021455683
0.0,0.14326297
0.0064744093,0.06288619
0.009574964,0.10691793
0.0025834762,-0.11139451
0.9973097,3.4787726
3.3976882,4.1904616
1.7979866,2.4482005
0.0014425438,-0.0073107593
0.88803,1.6356854
0.740716,3.2066069
0.0047805235,-0.07886435
0.0019369847,0.01242316
0.0050489036,0.11425765
0.8023436,1.2947421
0.08806753,1.0603871
2.839643,2.594543
1.3568718,1.5472863
1.2285184,2.2591095
0.0021513605,-0.0464761
0.77895796,1.9394126
0.0,-0.08480406
0.0019647551,0.23886366
0.0067083333,0.001737494
0.5061198,1.4307935
1.9014531,2.402143
0.7955629,0.9839586
0.010461196,0.14036718
0.0032628968,4.5042485e-05
0.0023902617,-0.0005867444
0.0041061174,0.08548991
0.0,0.05124125
0.0,-0.0044015013
0.11937547,0.6365615
0.0015226852,0.0033692904
0.8887489,1.3183342
0.012032927,0.12755895
0.005075617,0.0073202346
0.008522789,0.47040382
0.88378304,1.7757809
0.016949346,-0.017007265
0.0037545662,-0.05857299
0.0015935077,-0.05721231
0.0018560948,0.15063941
0.004705293,-0.06904732
0.0033130953,-0.009325836
0.007899645,0.37082657
0.0013198234,0.77202415
0.0028197875,-0.0984679
0.003851288,-0.06007794
0.7248542,2.097774
3.4174209,3.7675045
1.4244612,1.7057892
0.0042049047,0.07784202
0.004420699,-0.0013657026
0.0050175437,0.19448785
0.008120988,-0.00407546
0.0026165473,0.5577675
0.0026438907,-0.01454239
0.001403157,0.03694336
0.0028256015,0.0015897192
0.0055586323,0.25664014
0.004420699,0.103234485
0.0022872044,0.1277662
0.66113,1.8674555
0.0011232924,-0.060873795
0.001495,-0.11595018
0.004758391,0.14330955
0.0024255163,0.03847854
0.0009015899,0.059011675
0.0019211449,0.059220813
0.0021926668,0.03602663
0.006337187,0.14199089
1.4281805,1.7460725
0.5086477,0.8121594
0.002030247,0.03975147
0.50585204,0.5690156
0.0060907407,0.037079416
0.011420139,-0.016420152
0.0028353448,-0.012659892
0.0039342106,-0.013463009
0.0018902299,-0.022210158
0.0014762118,-0.13201036
0.0018645125,0.072004914
0.72397435,2.5606
2.190535,2.6671276
1.0917535,1.5341986
0.0,-0.0008838512
0.0019765624,0.041865602
0.5434924,1.2442336
0.0030341328,0.06591001
0.5078116,2.268673
0.002894567,-0.028310917
0.0025203065,0.09573726
0.0024639962,0.033044524
0.004127761,-0.15180555
0.0007308889,0.15438059
0.0017143602,0.05257791
0.6149364,1.9422939
0.029416582,0.66575956
2.9191048,3.4936428
0.0078061707,0.022869412
0.9334406,1.4402692
0.0011994895,0.070681304
1.0203164,1.6973381
0.0017972678,0.023960551
0.0023140244,0.7777612
0.58646125,2.1881983
0.0024601524,0.036458697
0.0017836225,0.028236225
0.0018569331,0.0840053
0.001844437,0.06551078
1.0621754,1.290926
0.0069304635,-0.08214891
0.0015226852,0.02209323
0.0035082668,0.010633901
0.018872717,0.28654918
0.0,0.028396362
0.0,-0.0025827996
0.0029598633,0.03114325
0.003171649,0.06434829
0.0009923364,0.1174465
0.0022698413,-0.08450079
0.77238196,1.1666665
2.546501,2.0797608
1.1727483,1.2644215
0.022840278,-0.028018065
1.5076683,1.5898424
0.7503593,1.7355235
0.40905148,0.9419973
0.00291423,0.019482031
0.0014553097,0.023055833
0.0,0.11502108
0.05173096,-0.05561814
1.5825754,4.5616436
0.5808698,1.329842
2.118373,4.2380714
1.6263659,3.685826
1.2417369,3.6228888
0.72748715,2.0895288
0.002086929,-0.096927136
0.0076191463,1.2102134
0.001727416,0.084787145
1.9893466,3.7252636
0.7326458,1.3388035
1.9893882,2.8774393
0.7263823,1.1428785
0.004787482,-0.04597998
0.0019718225,0.06805925
0.003383745,0.026111238
0.0,0.041467126
0.0,-0.00059273466
0.0027271973,-0.005448181
0.0052008224,0.05549181
1.2834061,2.6456227
0.025695313,0.16795589
2.7811396,4.1322284
0.67925,1.3686241
1.4960382,1.3318595
1.3419405,1.8858457
0.9253241,2.4616761
0.018272223,-0.03509086
0.0,-0.04232305
0.0,-0.030965809
0.0060907407,-0.04110616
0.0,0.000666257
1.5896833,2.9996862
1.2091912,2.5538588
0.9512304,0.811928
0.0,-0.005694989
0.0,0.62922156
1.3166748,2.5509036
0.7054276,2.217185
0.0,-0.025265578
0.0,-0.09124139
0.5481667,0.9838035
0.5380154,0.91656667
0.8483532,1.7568271
0.0,0.09373492
0.0,-0.02028529
0.0,0.65855765
0.0,-0.05508523
0.0,0.0066464245
0.011916666,-0.101759344
0.010541666,-0.018655099
0.0,-0.013376329
0.0036544444,-0.040604595
1.2072718,4.5239205
0.54148173,1.5486274
0.0,-0.07283309
0.769766,3.1088874
0.0025496124,-0.03607398
0.003404762,-0.043091495
0.0,-0.04086383
0.0028550348,-0.06882006
0.0014501764,-0.04592781
0.0,-0.03388964
0.01661111,0.20035052
0.0,-0.032360654
0.004350529,-0.09073846
0.8455762,2.0992067
0.0,0.10863273
0.0,0.054674238
0.01612255,0.052063484
0.0,-0.031309266
0.0,-0.05368227
0.011420139,0.024248851
0.0,0.024869224
0.016363185,0.08061026
0.0,0.06590418
2.1723642,4.7063284
5.2336864,4.987774
1.0963334,1.4734762
2.3023,2.420274
0.53625,0.6463103
1.8540932,1.7677631
1.5477647,3.0428052
0.66563094,1.5595987
2.1917248,3.765857
2.6488333,3.56348
0.63215995,1.3980768
1.5789584,1.4341995
0.0,-0.032388087
0.003915476,-0.029700119
1.0831773,1.9452198
0.0066849594,0.003326442
0.94837683,1.3877783
0.0026103174,0.020692322
1.5725687,1.840641
2.1551604,2.8198922
0.5647778,1.1251327
1.1396097,0.9004686
0.033733334,0.24754548
0.0042825523,-0.06393939
0.5506359,1.3973694
0.018272223,0.49554005
0.0,-0.033746164
0.0,0.2594744
0.0071190475,0.022812827
0.0,-0.04183377
0.9275381,2.6160913
0.0025261138,-0.022354282
0.003953125,-0.06100375
0.0,0.043709125
0.0022651516,-0.028208096
0.004216667,-0.05806787
0.0013402608,0.397317
0.003052153,-0.056563575
0.0028159246,0.007329028
0.51821715,1.5140619
0.0,0.114032075
1.2718256,1.9841678
0.005270833,0.07123393
0.0,0.24128179
0.20229961,0.72438073
0.0051713837,0.078550234
0.0,-0.017370325
0.0,0.016680347
0.0,0.012133291
0.0,-0.0006372407
0.0018519145,-0.0002390109
2.175678,3.1133237
0.5266699,1.7836206
4.685112,4.0131373
0.79484165,1.2840917
2.3043303,1.6541185
0.0066444445,-0.03363854
0.0,-0.018939354
0.553061,1.2559115
0.0,0.4653286
0.9572463,2.70966
0.013369919,-0.031137843
0.0,0.30356747
0.0,0.063879296
0.0,0.03142871
1.2275845,3.9170287
0.0065257936,0.44171
0.0,-0.026782844
0.0,0.03835789
0.0,-0.0075093955
0.0,-0.018187523
0.0,-0.03653988
0.0072127194,-0.0072869062
0.004894345,-0.14405349
1.059789,1.4884374
1.7149786,2.3895898
0.5048904,0.7970587
0.01713021,-0.05121271
0.018902298,-0.10264738
0.598,0.62896377
0.0,-0.0001536198
0.019301644,-0.03293853
0.0,0.17081968
0.0,-0.039817113
0.0,-0.039277386
2.1529446,3.9073322
2.7374496,3.8328943
0.67039305,1.3103223
1.2220892,1.608726
0.014425439,0.116267145
0.7736981,1.5368571
0.0,-0.09456506
0.84545285,2.4864573
0.005270833,-0.0047454536
0.0,-0.019969512
0.0,0.064452186
2.0327847,3.4204154
0.0038603286,0.074987754
3.2369242,3.975804
0.783707,1.3764422
1.1628584,1.4465355
0.0,-0.09663735
0.004350529,-0.00019393489
1.2046919,1.9676378
0.0,-0.036598746
1.1080798,2.7194757
0.0047255745,0.72084904
0.1270295,1.2117634
0.0033022088,-0.040969957
0.70292926,1.5926024
1.4795178,2.944413
0.5761344,1.0326432
0.5093202,0.8778895
0.0,0.14554527
0.018272223,0.011521382
0.0,0.03846554
0.0019438535,0.08899718
0.005270833,0.028324854
0.006374031,0.2574709
0.0022465847,-0.1811236
1.8334312,2.4730878
2.1840115,3.001208
0.8751433,0.92273974
1.1991146,1.3125281
0.0,0.22281244
1.4469464,1.9956559
0.87300617,2.1422737
0.0014815315,0.028070018
0.023492858,0.34492067
1.28271,5.199906
0.9764219,1.389902
2.3144815,4.0563216
0.0,-0.124910235
1.7173945,3.025518
0.0,-0.008491036
0.0,-0.08216864
1.3848422,3.4074116
0.0066849594,-0.18082081
2.3664756,5.604886
1.3312619,1.6037074
2.2200751,3.8140366
0.58520496,2.7314348
0.0,-0.01802829
0.0,0.37453625
0.0,-0.027326357
2.5488,2.3822486
0.58663917,0.9774704
4.581779,5.0782704
1.1814101,2.0668344
2.5800445,2.4110756
0.7404179,0.7863659
0.80949533,1.3238018
0.6832105,1.5155442
5.0751295,5.3409843
3.2945008,2.8303914
4.8769,5.1835327
4.037656,3.6681018
0.0,-0.045506153
4.394216,4.642398
4.1819677,2.4824169
4.452065,4.672239
0.064732164,1.6398859
0.75634646,3.152559
3.8974073,3.6609902
0.007724022,1.7461858
3.4794443,3.3971605
1.7082058,1.6115292
2.3002481,1.5635607
0.60371274,0.67688674
0.5979758,0.981041
0.0135317035,0.70485437
0.5344007,1.9062526
1.260974,1.7331045
0.0032619936,0.40954074
0.81558305,1.0788486
0.5053874,3.6854036
1.0658796,3.481453
2.172267,2.8707347
0.6582708,1.5137198
0.66736746,1.4776763
2.937045,4.473054
1.44627,2.2530806
4.4147773,4.6825004
2.0241468,3.2571454
4.69565,5.4602275
0.5360925,3.7089531
3.195865,3.525251
3.4281096,3.5151796
2.1465456,2.4942906
3.7058952,5.1116676
0.019332385,0.043078423
0.6623551,2.5514507
3.1486514,3.2349668
2.8319945,3.2796118
0.63039166,1.4213822
0.013983844,0.06622353
1.7404753,1.6854498
0.8062572,1.7067306
0.01617853,0.020337243
0.011154555,-0.05590066
0.58536464,0.9413084
0.026338339,0.037925255
0.5153022,2.3603086
1.21254,3.2764163
0.8588642,1.7865739
0.0016712399,0.16554001
2.1366496,3.500852
1.0288439,1.4530787
2.3251293,2.7895882
0.9540138,2.2232127
2.4543946,3.0667527
1.5091873,1.9757681
0.011556217,0.3388534
0.0058564814,-0.012998037
1.6330236,2.1722498
1.799433,1.9050997
2.0735455,2.6365066
1.6889443,2.1895683
1.5424477,1.633884
0.9714807,0.88289225
0.0015572917,0.031522233
0.00066686946,-0.011773948
2.187891,4.0871544
0.60610515,1.9278367
4.902062,4.9116955
1.2296892,2.1515508
3.1249154,3.1952765
1.27646,0.6198844
1.2855285,1.4785581
0.5549656,1.9911395
0.0029913597,-0.04684292
2.4583306,2.9882538
1.2110659,1.7925057
2.9586875,3.6173615
0.06272554,2.4964259
1.5940397,1.7241213
2.9230547,3.844715
3.3288743,1.5503352
3.7324758,4.232145
0.23985799,3.5424619
3.0893505,2.8207192
3.0485404,3.016171
1.4713948,1.6533148
2.4837153,1.9884744
0.92267746,0.6690364
1.6612526,1.4032557
0.003994488,0.16779323
0.034654215,1.7138872
0.61059135,1.4726257
0.0073489742,0.5027673
0.0032245098,0.07624887
0.9878798,1.0970654
2.9414506,3.5608187
0.72643036,1.6646852
0.0017237946,0.12472886
1.0565339,2.1316578
1.9310813,3.1489713
0.0033527014,1.2732909
0.0014324913,0.08781473
1.9265803,1.8516442
0.73907936,1.6152658
0.043276317,0.9215766
2.63954,3.2116306
1.1752689,1.1063547
0.604672,0.78366864
0.0023518703,0.029026816
2.6621993,3.3674374
0.5464265,2.585267
0.68067235,2.010196
0.7349356,2.2496505
4.6538916,4.9141417
1.435276,2.3380446
3.0637193,3.264772
1.2062165,1.0618896
1.0776724,1.7619253
0.7055208,2.8424692
0.91780424,2.3201404
0.0083562,0.22500624
4.027219,4.3272552
2.2556987,3.1764648
4.2328773,4.812192
3.0241795,3.1472187
0.0012074156,-0.050177503
0.0022044235,0.026655069
3.6408415,4.511248
3.9671235,3.068328
4.093251,4.7702208
0.044957556,1.9963787
0.59768826,2.6016142
0.69825995,3.7487981
3.8048189,3.9612854
3.4725876,3.8747349
2.027514,2.101376
2.692278,2.3964581
1.127325,1.1451211
0.57736456,1.4461343
0.70266175,2.4492445
1.9341643,2.1601696
0.003904321,-0.0063275658
0.014683036,0.108170375
0.0014055555,0.4295055
0.00057100697,0.009793181
1.1074642,0.53407145
0.005817,-0.009631667
0.6002951,1.62274
0.0009966667,0.13766345
0.6369599,1.9135214
0.99055845,3.025574
0.011962559,0.41780508
0.0,1.3675488
3.0763693,3.122765
0.7283986,1.8116405
1.1234561,1.7434843
1.2270564,1.7696277
3.9597902,3.818452
1.5168555,2.1639206
0.014225778,1.826019
2.5486267,1.8552303
1.2815998,0.8481827
1.3559219,1.6382008
0.014584251,0.23747815
1.149813,2.5522728
1.1024182,2.0786946
5.2253466,4.1040716
3.320395,3.4933443
5.1229773,4.7904944
0.8961382,3.3589926
0.79837155,3.661731
4.098499,3.3081422
0.0010076594,-0.017582674
4.019937,3.5608387
4.3889666,3.3514366
4.4864626,4.5962653
1.121143,2.6697955
1.321997,3.1382785
4.294243,3.4092102
2.9449942,2.7633352
1.7166866,1.8351551
2.4898386,1.7074401
1.1304187,1.0113555
0.5363172,1.2040368
1.2424698,1.8129431
1.6524595,1.6614575
1.2610095,0.61223906
0.0044738688,-0.010984052
0.6475609,1.6198782
0.5034826,1.3080012
0.0025848208,-0.029339347
0.0020189297,0.040830977
0.0029244914,0.016199984
0.7091603,1.6911618
1.4539299,1.6966652
0.5711713,1.341074
0.0044064843,1.0426675
2.4679682,2.990669
0.54005116,2.2899108
0.58068836,1.6870949
0.65666497,1.7321606
0.006588542,0.81192136
4.1834426,4.5598392
1.1644692,2.0477784
2.5417464,2.2134075
0.8730557,0.84999347
0.87010026,1.244936
0.5934005,2.609281
0.8855779,1.2747805
4.100304,3.647121
2.6144829,2.9359155
4.4531684,4.3982143
0.014265688,-0.03044093
3.270653,2.5854895
0.00089569716,0.41982964
3.6458852,3.0840087
3.8992376,2.847706
4.0871887,4.1632433
0.63955516,2.0966754
0.8374533,2.6513886
3.8289924,3.134734
2.9266932,2.6533926
1.6118847,1.6217449
2.2809014,1.4752197
0.79010445,0.9493865
0.025551833,0.9416741
0.794396,1.4618409
1.3746216,1.3954142
0.0046161404,0.3776041
0.004420699,-0.017766532
0.8887954,0.5724852
0.0019615593,-0.025711965
0.003887707,0.50137097
0.5694426,2.9353833
1.3158598,1.8718519
3.0468931,3.669669
0.7364682,1.5866873
1.9490796,1.5296924
0.0023781634,0.11993402
0.0016201971,0.15327786
3.057064,1.4532883
1.2937247,1.647319
3.834539,2.9334548
1.9656956,1.141328
1.939851,1.6844683
2.693394,1.3090923
2.8255322,2.8732712
2.3011017,1.8620788
2.130185,1.2965115
0.82044286,0.9013647
1.5641001,0.8966124
0.6513916,0.76277053
0.0017935256,-0.06550513
0.0026668499,0.4271396
0.003353385,0.12168221
0.0035063967,0.015964814
1.2868872,2.9398487
0.0025030442,0.36824736
2.3089352,3.7045352
0.556626,1.6694455
0.9525635,1.6900837
0.389874,0.6784632
0.0019813252,-0.08290313
2.423453,1.3263147
1.0179627,2.3952706
2.4406075,2.243997
0.012148558,0.18633348
1.7371806,0.8903476
0.010088957,0.5668498
0.0011141599,-0.035064634
2.1394243,1.3996501
2.4327867,2.0175283
2.3931038,2.260156
2.410963,1.4570057
1.9687994,1.4077463
0.73486805,0.9474375
1.137251,0.7804558
0.004090796,0.05704789
0.67302686,0.65399516
0.006274197,0.15694559
0.0022130953,0.2937753
0.012605066,0.4169927
0.0025024428,0.04027249
0.0021496732,-0.023655854
0.0006173048,0.50950116
2.5826595,3.1618915
0.58275545,2.1037216
0.7494287,1.6905779
0.7001298,1.8146261
4.629259,5.4417725
1.5330524,2.2593803
2.5265794,3.2077837
1.3190588,1.0071133
1.0330073,1.4647696
0.6521382,2.537222
0.839218,2.1384652
0.0065780003,0.5774966
0.009940846,0.19910239
3.6830654,3.9582913
2.3352952,3.4506881
4.2191772,4.867129
3.2069416,2.599461
0.0,-0.007234279
4.2024965,4.763559
4.3752975,3.7515948
4.233958,5.36309
0.5552694,3.117011
0.88361347,3.5677433
4.0652966,4.04678
3.1210043,3.999063
1.5451157,2.1115232
0.011568452,1.4517549
2.3856902,2.3530045
1.0001273,1.0508679
0.55289227,1.3244119
0.68549263,2.2249491
1.4287914,1.9972456
0.0024992402,0.017695919
0.0047991243,0.18421307
0.82492644,0.45273644
0.5465468,1.151379
0.00080612744,0.5968602
0.0,-0.033409853
0.0025314162,0.64690685
0.0,-0.0026174933
0.044947714,0.21220106
1.9140153,1.005933
0.0028093103,0.55461705
0.0020922392,-0.01803894
0.92077214,1.2982763
0.0018031799,0.93694735
0.00240776,-0.05858245
0.66029644,1.3749545
0.0040409723,0.013784176
0.0027103936,0.39321038
0.0016835586,-0.01538882
0.0024581465,0.09125299
0.00272043,0.3958793
1.6260802,1.8630177
0.0026708816,0.4508901
3.3958426,3.960212
0.9053843,1.7037421
2.0849624,1.8120195
0.73461586,0.7048411
0.6106867,1.1380811
0.6375897,0.9944835
0.0018945852,0.14914884
0.0032094067,-0.025196135
3.075844,2.9415736
1.7410682,2.4296622
3.592497,3.6051104
2.5075386,2.2156146
2.6803021,2.4650455
3.055223,2.2139106
3.150012,3.1015081
2.7800221,2.5846157
2.7937121,2.0922637
1.1498715,1.3224639
1.8598185,1.076402
0.6704374,0.6822536
0.5242934,1.3671217
0.9013462,1.1447115
0.003675447,-0.03418641
0.56801224,0.29855654
0.005270833,0.05753651
0.0060255993,1.1346794
0.53676915,2.0852983
0.003806713,0.3213503
0.00417992,0.029869676
3.0667078,3.2852402
0.7935735,2.6695046
0.972963,1.9505479
0.9558988,2.3019454
5.321112,5.1535015
1.8564066,2.4297862
3.6055124,2.9759207
1.5520729,1.0966907
1.4166161,1.697578
1.058555,2.9171913
1.4470775,2.000694
5.0445995,4.7094564
3.240656,3.7846684
5.485226,5.132115
0.78412366,3.9838605
0.67983526,4.0199027
4.799635,3.6430929
4.76081,4.182583
5.1143403,3.3538933
5.3047776,4.80912
1.1228254,2.7939208
1.4729892,3.3104696
5.1440926,3.7787378
4.2519846,3.6001968
2.542716,2.0778046
3.328228,2.1248498
1.3993556,1.2656736
0.8485288,1.3396269
1.3315201,2.0832195
2.2927275,2.010025
1.2814993,0.5775694
0.6858429,1.5102255
0.0027587654,0.12404692
0.01479247,0.85190415
0.9445749,3.5262637
0.0033121854,-0.04237577
0.514216,1.8273479
2.6168149,2.4281998
0.59080327,1.2055063
0.6785859,1.596592
4.8232775,4.684948
1.2383034,1.9701743
2.6489093,2.408372
0.8211651,1.3381318
0.0,-0.030207936
5.4678245,5.2352986
3.7624972,3.018579
5.068043,4.8856606
0.51938254,2.8263674
0.6495659,3.9366496
3.8297155,3.5624907
4.509016,4.6154346
4.389941,2.8009937
4.634166,4.299474
0.60978365,3.2030683
3.3016245,3.6644063
3.7085583,3.5562224
1.5983925,1.6916312
2.6515408,1.6791658
0.5202756,1.0143628
0.6524413,1.7977645
0.0012021199,-0.012811009
0.0027810035,0.023710335
0.5717363,0.69396377
0.0021890744,-0.049422238
0.6570698,3.4385924
1.2176323,2.9869442
1.340972,1.4955972
2.5266516,2.4315982
1.2799219,1.1287509
0.0022429079,-0.026542302
3.0904696,2.7643769
1.6981791,2.3885055
3.3711824,3.3607533
2.1254714,1.8785359
0.0058612525,1.4489766
0.010583202,0.30906537
0.0016644737,-0.03809991
2.0142467,2.0769606
2.1916292,2.107091
2.427867,2.4399776
1.915368,2.257951
1.7936302,1.5434504
0.6309328,1.0333261
1.2135514,0.69871426
0.14127405,0.7804737
0.0019729144,0.2984871
0.003305053,0.091604516
0.01577206,0.9009882
0.029630631,0.9749924
0.5328611,0.93884355
2.6894982,3.1386876
0.61630493,2.1276734
1.0269669,1.698957
1.0668815,1.8373857
4.030629,4.358943
1.5404177,2.1139917
2.8325567,2.294759
1.2641056,1.0109586
1.3524132,1.3550273
1.0458578,2.6110377
1.0848204,1.9746897
0.013153156,0.68924916
0.0025964081,0.041861318
5.2488785,4.543003
3.2247248,3.3585515
5.1412644,4.947488
0.86528224,3.8778205
0.8424799,3.9845886
4.088771,3.6115716
0.013684892,0.2410719
3.6621718,3.7323115
4.045932,2.9653986
4.0882583,4.624303
0.8703634,2.9108863
1.0296036,2.9708776
3.8246057,3.4723873
3.3199403,2.6337872
1.8003297,1.685847
2.6296046,1.6840168
1.1572592,1.0143565
0.029337287,1.0752325
0.5608681,1.0313231
1.2442374,1.4405508
1.6926211,1.4531121
0.00242517,0.08147532
0.0035804943,1.0021352
1.295751,0.8653524
0.21844992,0.62478393
0.515458,1.7947202
0.91613954,1.7134805
0.6229015,1.203953
0.0041585057,0.36502734
1.6056818,2.1601558
0.0121935485,1.7564077
0.69465137,1.8302166
4.1617994,5.822831
0.95695305,3.9106343
1.44547,4.9602404
0.51637715,4.23079
1.9022689,3.2035506
7.282333,6.121482
2.6615531,2.9088979
4.579237,5.206766
3.0226014,1.3409872
0.70913625,2.6214879
2.6382694,1.9692618
1.2959912,3.4875383
1.3104609,3.0824437
5.8415833,5.33979
4.07522,3.8108506
6.3434973,5.5581064
0.5358153,4.880804
4.597263,4.1825857
1.13687,3.891262
6.291083,5.0321407
6.857543,2.978662
6.877949,5.7820597
1.3797748,4.179829
1.5598812,3.779248
6.6897297,4.076602
6.147298,3.8854537
3.2083874,2.2711701
4.9163003,3.1152399
1.9178877,1.3398916
1.3479853,1.52986
1.0697321,1.2351794
3.0143733,1.6433032
0.0023476088,0.15976611
0.0010265294,0.014232706
0.0041597807,-0.055900726
0.003126426,0.00031770393
0.01598197,1.6076759
1.5992099,2.7154498
0.1220234,3.1520846
0.55335903,1.8927875
1.1784238,2.7553477
0.22899914,0.7735806
1.9189906,4.1371922
3.1663387,4.994497
0.7067435,3.7541647
0.9365735,2.408989
0.0056366753,1.4778867
6.044237,5.646803
1.6916081,2.4159617
3.695995,4.309844
1.8115195,0.85481995
1.7576842,1.6711292
0.5812885,2.8342829
0.8076381,2.2138686
3.1680458,3.8213549
1.63254,2.136156
3.4540343,4.620443
0.009616959,0.06540351
1.8781756,2.529276
0.0031870154,-0.04142001
3.4326663,3.944104
3.9329972,1.996268
4.2536006,4.994507
0.5980608,2.3492026
3.4808583,3.2308314
3.5661151,3.3987174
1.9343958,1.8478838
2.989725,2.7670386
1.3704166,0.8206046
0.8673048,1.1681124
0.54171765,1.6043024
2.0845485,1.5156195
0.0012346096,0.19852935
1.1920134,1.5057299
0.76708305,1.253195
0.7121961,2.6462984
3.9392216,3.2275438
0.86663,1.3853805
0.88157755,0.28009138
4.4342294,4.4512854
2.0242257,1.8389723
0.005339286,0.063804284
2.060189,3.9150996
0.71566206,1.6768174
3.2221396,4.35627
1.4057355,2.2400482
2.3550508,3.242279
2.2580955,1.5491493
3.594757,3.3782992
2.3536496,2.8914008
2.0840123,3.1323962
1.6771889,1.2760113
0.0043333336,-0.094935834
0.0022840279,0.48707885
0.004420699,0.381835
0.06196117,1.2799803
0.7062214,1.8014681
3.3575208,4.583663
0.17561027,1.7736576
1.0102576,2.5591314
0.080711655,0.49488756
0.5749198,1.6435813
0.9592917,0.48902968
2.5709915,4.1137867
0.95738834,1.722796
0.02257157,0.04694621
0.004249354,-0.09895553
1.8353951,4.3245068
0.57688016,2.0838256
3.3623216,4.9170723
1.5045247,2.6168747
2.0131478,2.897657
1.0610436,1.6420488
3.4499443,4.2196307
2.1138544,2.5715222
2.0584219,3.2285612
2.1493905,1.4360713
0.013369919,-0.017830323
0.016978614,1.7093996
0.5250808,2.7375307
0.045365516,0.09833452
0.9033169,2.524354
1.1665419,1.7346699
1.4867083,3.0644908
0.7956667,1.0467744
0.70172286,1.0183612
1.5678861,2.0932841
0.8044872,1.0783273
0.9049101,0.9165821
1.6727452,1.8650285
0.91637546,1.4984646
0.7641467,1.0783836
0.005790493,0.18714677
0.78326404,0.6197021
0.0041844784,0.067194834
0.0027408334,0.023582919
0.0064871795,0.66745317
0.0,0.3051547
5.6009126,5.1728177
2.2939239,3.1643066
3.2475655,2.4673052
3.193753,1.1055727
3.8886192,4.9610186
0.61469173,1.8772414
2.2561843,2.9628463
0.75788194,1.0964031
0.015226852,0.030678283
0.0020763888,0.1224125
0.5009428,1.3297325
1.7794203,2.7040987
0.022348333,0.7485804
0.0022651516,-0.08003408
1.1649414,1.5994204
1.3418664,0.7398596
3.2886927,3.1898391
1.3007712,1.5837061
1.2269028,2.3375773
1.8943995,1.6496599
0.0018272222,0.026961407
0.0036131514,0.30575165
0.5311597,1.1037343
0.0058770305,1.0518577
0.0076845796,0.3946564
1.9578217,2.358598
0.013051587,1.0314721
1.8255382,3.6648164
1.3683069,2.6372285
0.0023774267,0.078077525
0.0069,0.7346824
0.0034089966,0.012463883
0.0045037167,0.7661536
0.01172549,0.69476795
0.0047012577,0.12742026
0.0025232069,0.4384884
0.003972222,0.37669787
5.4403296,4.336194
0.89190656,2.338573
2.7216666,2.7331483
2.2092195,1.888169
2.878745,0.6776041
4.6492944,5.080467
0.8114593,1.8137043
2.3743625,2.926238
0.6429624,1.1967208
0.7533464,1.0569053
0.0039837696,-0.035685185
1.6824414,2.839244
0.87925935,1.7727026
3.6152897,4.014845
1.4022869,1.9674515
0.0018394855,0.17233267
2.3097231,3.192256
2.6566923,1.8241382
3.9808276,4.167804
3.0472603,2.9712796
2.5802302,3.30559
0.7713892,1.4344107
2.2584467,1.9520962
1.0909592,1.3261557
1.3972418,2.421954
0.81449294,1.854807
4.4372888,4.58776
1.2704253,2.898334
2.5246015,2.4964442
0.29773423,1.3448021
0.8245662,1.4722104
1.815924,2.4037442
1.5914441,0.99269855
5.081244,4.454123
1.4654506,2.1136966
3.5041296,2.0367203
0.68663585,0.48140344
1.7988522,1.1875021
0.8347557,1.8094761
0.8861705,1.1478467
0.0023032213,-0.06778371
2.8689415,2.8074813
1.4183147,2.8910985
5.0670476,4.28167
0.5015316,2.8724756
2.3046799,2.3831058
0.006591182,1.1151719
3.4458878,2.0726855
3.7790496,2.2742462
4.4302764,4.21301
0.78638184,2.4133425
3.382388,2.692337
3.3389342,2.016396
1.1299927,1.191741
2.5378468,1.3202262
0.84716666,1.1007012
1.2965382,0.948601
0.0020272436,-0.07802455
1.4693657,2.7030787
0.25885648,1.1161015
1.1253369,1.8335726
3.2375498,3.0207434
0.52247137,1.522531
1.2676355,1.6307564
0.707969,0.36362308
3.7588573,3.7950857
0.7659518,1.3055437
2.1224947,1.5188931
0.52325,0.6872452
1.0081667,1.2920426
0.53116924,0.9048806
3.2413838,2.872524
1.2772872,1.0298483
0.0,0.0083706025
0.001986111,-0.017186765
0.0,-0.014406785
2.3645782,1.2428017
2.6183705,1.1349449
3.6571717,2.614747
0.02220422,0.24662618
2.6958225,1.9763494
1.9500872,1.732315
0.55022746,0.9442893
1.8047898,0.96649283
0.6312033,0.64326084
0.003915476,0.6856824
0.0040012165,0.021284964
0.6802087,2.0085402
0.0012127581,-0.05349164
2.764818,3.7898712
0.90079606,1.8557564
2.629266,3.9144585
1.4904553,1.6699584
0.65598786,1.354857
2.714291,2.8683481
0.62712073,1.1218774
0.0008927796,0.11175056
0.0032758964,-0.097729385
1.024249,1.3288076
1.516937,0.9723925
2.7068636,2.6056828
1.5710514,1.658034
1.2395481,1.3710885
1.2537855,0.93311316
0.0064439657,-0.008160237
0.003955842,0.4626862
0.005307952,0.2946061
0.0011890817,-0.07147589
0.0033323201,-0.035072718
0.009224944,0.8813262
0.0042877058,-0.08729996
0.0018111233,-0.006863147
2.1716037,2.7429307
0.63707185,1.5502958
2.4234066,3.174708
1.2916982,1.4557644
0.017746404,0.38725218
1.9035422,1.9241889
0.00325,-0.021390326
0.60638696,0.63540757
0.005481667,0.58269215
1.218299,1.0045755
1.4980072,1.1339657
0.0050468603,0.2102027
2.2997944,1.6600422
1.6263266,1.0230597
1.2386458,0.9763663
0.98648673,0.62030053
0.0030538533,0.9591156
0.002514526,-0.015187692
0.005294329,0.86540663
0.0015820105,0.07975043
0.0043276316,0.034755606
3.9284127,4.2216725
0.5373948,1.90567
1.3310777,2.3013473
0.7381196,1.5501946
1.3899677,0.46992567
4.3812504,5.528119
0.6163089,1.715048
2.2672257,3.0462189
0.6363909,0.9674437
0.75255007,1.8612394
2.800789,3.59848
0.0005342755,0.06784141
1.3822354,1.1839978
0.0031145834,-0.017314117
1.9111757,2.836296
2.293763,2.0137985
3.8238852,4.5564137
2.8343606,2.8157125
1.7534729,2.5371475
1.9539033,1.8425227
0.65978134,1.0845082
0.0021412761,0.43319198
0.0021329443,-0.0051316954
0.87877303,1.9233286
0.00855104,0.23135097
0.0021002553,-0.09499489
0.94087803,1.3213224
0.61423707,2.34683
0.007583333,0.69256335
0.0,-0.07096438
0.0016611111,-0.015515994
0.0016737913,-0.06488493
0.0039295102,0.05827351
0.0009894705,-0.06334008
2.4289975,2.2896771
0.8814702,1.2263106
0.5170124,0.25977722
2.941227,3.4399235
1.5462868,1.3537855
0.0011096491,0.036593158
0.0,0.019116968
0.004216667,0.010948466
0.9156875,1.6995674
0.006229167,0.4937
2.7570834,2.831969
0.97758156,1.3312266
0.0,0.10007009
0.009451149,0.030196035
0.005094486,0.0809799
0.009516782,0.48127612
1.5535523,1.5341291
1.7620673,1.2784327
2.7391896,2.1191218
0.014895833,0.17946585
1.8679606,1.810274
1.7125899,1.2734909
1.3359294,0.7588459
0.0061296592,0.02790612
0.0037891704,0.03449519
0.012432646,0.80946565
4.158653,4.1203384
0.65771973,2.1951249
1.7492608,2.5537148
0.76674217,1.8299131
1.1749492,0.59243214
4.764441,4.7255936
1.07888,1.6132635
3.2598338,2.2407093
0.5553967,0.5009551
0.7639803,1.005152
0.7004109,0.5963948
1.3780352,2.783319
0.6748121,1.917191
4.2671638,4.0323634
2.2163146,2.0217564
0.007294994,0.15121561
3.1475766,2.5548756
3.680022,1.7792003
4.7277,3.6889396
0.50542355,2.380548
3.8239543,2.7797413
2.7307673,2.5909853
0.8917497,1.2346457
2.8003454,1.5542569
0.016276423,0.44452992
0.0027685186,0.072361976
1.0902629,1.0850571
0.0016763507,-0.043122742
0.0020277435,0.22147678
0.0030453703,0.040838923
0.9492209,2.3044233
0.00060105993,-0.0057873577
0.0028207547,-0.057586644
0.005291184,0.36914453
0.52336,1.9740494
4.229563,3.2844486
0.96382296,1.772338
0.8281009,0.31111977
4.278354,4.25456
0.56767607,1.2978492
2.0091946,1.9803975
2.0546162,4.180149
0.9254197,1.7750902
3.4978704,4.2463517
1.4284837,2.4212313
0.0018560948,0.044213746
2.323747,3.8394985
2.0778353,1.743501
3.7554107,3.382061
1.936707,2.901176
2.001622,3.257694
1.6465265,1.4024713
0.001922043,0.10786685
0.0020711587,0.89955825
0.0019133217,-0.07572414
0.00048254107,-0.06536059
0.7582351,1.5992571
2.8069499,1.8827634
0.17682795,0.8701439
0.6823143,1.039356
0.6589591,0.19725822
2.4406886,2.4379041
1.1114051,1.1568477
0.74633133,1.9443295
1.9101431,2.5081089
0.5654772,1.2317569
0.002963063,0.34239984
0.0047805235,-0.01953001
0.0044931695,0.46502742
0.0,0.032855656
0.0020006082,-0.047744703
0.9184973,1.7399764
1.0423472,1.3113655
2.03572,1.6603727
0.0103308335,0.34606293
1.0058006,1.7155975
0.84886,1.50707
0.9924271,0.72170585
0.0014735663,0.039782904
0.0016314484,-0.028843865
0.004956299,0.010759797
0.005123053,-0.027743358
0.0022362245,-0.005096797
0.013051587,0.70780426
0.0012181482,0.1609718
3.9118996,4.2469177
0.9617535,2.6750517
2.263832,2.278689
0.18606257,1.1787874
0.59414196,1.3261217
0.011431215,0.58873236
1.4532161,2.2086935
1.4589018,0.75442696
4.1072445,4.2594056
1.2249485,1.6856873
2.9024649,1.9124583
0.5726681,0.52841187
1.3893335,0.8315722
0.59741837,1.767
0.7393417,0.8035803
0.0018805031,-0.07576917
0.0029845736,-0.071276546
2.565586,2.3432233
1.413418,1.7362161
4.495275,3.955408
0.12869619,1.1125492
2.11748,1.9244751
0.0046454803,0.13836928
3.044613,1.6859694
3.2699974,1.5432154
4.0920296,3.7116692
0.56295633,1.844847
3.089531,2.3120375
2.916835,1.7709743
1.0553489,1.0255347
2.3715823,1.1951678
0.0050060884,0.040061645
0.6803798,0.9732734
1.1192843,0.92721665
1.1913047,2.8304734
1.1129981,2.0080714
5.6719127,5.365323
2.566246,4.3170867
0.8311875,2.0778425
2.9728744,2.3077621
2.945936,1.0332135
5.9747186,5.8909597
1.4674,1.8155093
4.352548,4.333628
0.7522713,0.42125598
1.2380469,1.2226158
0.58540624,1.6701782
0.5134812,0.97638464
0.0,0.54551864
2.076817,2.8710275
1.0111452,1.5430907
0.0077570756,1.7143364
5.013018,4.674436
1.3450385,1.9132534
3.3451219,2.2807353
3.8589194,1.0995389
5.631268,5.097772
0.01595194,-0.04276626
3.828882,2.1220167
3.1497118,2.5994847
0.9572463,1.2493565
3.8100595,2.4498217
0.7782458,1.2339063
0.0034260417,0.08115563
0.001957738,0.49135047
0.0,-0.014125291
0.012565425,0.8141618
1.3223319,1.2203957
0.994821,2.279267
6.9813333,5.0391
0.84306645,2.5267227
3.4651964,3.5851882
0.008459362,0.18674089
4.551203,1.7371603
4.312032,0.6807783
4.60396,5.5941343
0.99572045,1.8076922
3.4638462,3.7979622
1.0205998,0.38036907
1.24006,1.168942
0.51771295,1.4972486
1.12278,0.9635963
0.6982351,1.6305848
2.0387063,3.3355408
0.016314484,0.22774458
1.6365893,1.4563925
1.8015424,0.6882366
0.0024692193,0.4828516
3.8692737,3.796916
1.9393045,1.793865
1.578517,2.0548759
2.1415045,2.1225986
0.8042773,0.94194895
0.0033424797,0.01230076
0.006423828,0.044437747
0.36857682,2.8046932
1.0448704,0.96448296
0.0022527399,-0.0041812845
0.026281964,0.0061370134
0.0044931695,0.04312079
