y_test,pred_test
1.2425112,0.5209926
1.8863382,0.45375744
1.9551278,0.45948488
0.75372916,0.789319
1.233375,0.66631204
0.5481667,0.2934326
1.3156,0.6837377
1.9396666,1.1275822
1.3704166,0.87123203
0.0,0.54866993
0.83367014,0.6208721
0.0,0.2981777
0.013704167,0.30828777
1.717216,1.2447513
2.9749463,1.0840635
1.642994,0.35042697
3.2775798,1.109732
1.1115602,0.86977327
0.1796357,0.5520299
1.3789818,0.34350422
1.233375,1.0189488
2.76575,0.7592632
1.032593,0.40254506
3.3388333,0.8202447
0.5600833,0.9763999
0.020302469,0.22785328
0.5835323,0.8378534
0.6924211,0.8900494
0.69377345,0.50238985
0.9754142,0.44840533
1.0049722,0.4475197
0.0,0.042317614
0.71566206,0.5084654
0.60121506,0.46628675
0.8770667,0.44245532
0.5824271,0.4421069
1.3623554,0.3857765
0.14211729,0.12769511
1.0134709,0.39627337
0.0,0.12386113
0.021083333,0.3479818
0.8655263,0.5500985
1.4988933,0.49050614
1.562275,0.4836384
0.49833333,0.34936437
1.0682223,0.5011408
1.2473588,0.44273603
1.9326389,0.45012882
0.0018902299,0.28861204
0.76743335,0.38473633
0.58813715,0.86872596
0.9414167,0.74624413
0.91543835,0.78128237
2.1265087,0.33828
2.1584063,2.1503432
3.8763216,1.7646946
0.5329398,0.2774057
1.20175,0.2494179
2.0475638,0.5979691
4.202611,1.9211189
1.3704166,1.2250768
0.9935521,0.26853445
0.78485346,1.3292878
0.5667137,1.1321756
1.7181343,1.3961371
1.1329165,1.2201382
0.9156663,0.7933632
1.9087752,1.3365151
0.2701491,0.79881924
0.60448515,0.8302435
2.2298636,2.045519
0.6166875,0.59082776
0.5091081,2.1279695
0.5265722,0.71221644
0.9978762,2.2007713
2.1533601,1.1157233
0.6833237,0.7529475
0.005220635,0.18488827
0.007407658,0.85645646
0.0027967687,0.16668306
0.004090796,0.19343509
1.9168292,0.97886777
0.61908627,0.6704762
0.89176387,2.0509171
0.95868796,0.86006856
0.16736062,1.3968309
0.0069388184,0.58611196
0.008141089,0.3759847
0.023627874,0.6808891
0.0037804598,0.23735768
0.50079423,0.9236532
2.6877115,2.659234
2.3124902,2.4635496
1.5233263,0.4735668
0.85056275,0.3214778
2.3042848,1.0235202
2.2993793,2.5265427
1.8966206,2.1108594
0.82262856,0.65093786
0.01367444,0.5974969
0.56851345,0.78968996
1.1155556,2.4322457
2.044205,2.4360356
1.795492,2.1658778
0.91211337,0.7956836
0.567069,0.44462025
1.7604789,1.4636593
2.3588805,2.4446268
0.95057803,1.8555338
0.6964111,1.3141854
1.2104313,1.182427
0.012814286,0.33027807
0.873602,0.71226937
0.51425296,1.3632977
1.1372923,1.3189801
0.55315,1.1481011
0.5718118,0.46184394
0.88770753,1.2755545
0.85371,0.7780872
0.5762778,0.7222037
1.1475555,0.7267426
0.02514526,0.23762165
0.003729025,0.068186544
0.51684284,0.6430643
0.8040452,0.5579044
0.55315,0.67503005
0.59707123,1.2559987
1.1711413,0.8353078
0.9002822,0.76733464
0.58390665,0.5012331
1.2873333,0.770759
0.006406623,0.54506844
0.49126357,0.65750426
0.82771343,0.63395303
0.00978869,0.37608886
0.62074625,0.776658
0.6134137,1.4603412
1.1477975,1.1578668
0.8590538,1.0056832
0.5516649,0.6255767
1.3491678,1.0433937
0.9344511,0.6239425
0.5371791,1.508016
1.4557682,1.293453
0.9923946,1.1724497
0.75102556,0.9333807
1.5895643,1.3065287
0.6071947,0.6261218
0.5201193,0.59021705
0.5708808,0.6005056
0.9858079,0.9312577
0.57907593,1.3103646
1.3255197,1.2770683
0.7192317,1.1305858
0.6545698,0.5377646
1.1073146,1.1908753
1.0303296,0.5962363
2.7060905,2.7805471
4.087757,2.544448
2.0047238,0.38138917
0.9927428,0.25577894
2.9994442,1.0821409
3.9946623,2.5807543
1.4706528,1.7936287
1.0684967,0.6204269
0.013435458,0.12078054
0.6902068,2.5149202
3.5684752,4.305334
2.853691,4.1610866
0.6472052,0.70255125
2.5800378,1.72039
1.0018219,0.4225685
3.416768,3.4389563
3.476865,4.292584
3.1896677,2.9948947
0.7596589,0.5705288
0.54190403,1.3336179
0.82225,1.4563292
1.3815784,1.6959885
0.83391315,0.29599658
0.050992247,0.11983345
0.577744,0.21891437
1.1710833,0.32362732
0.022465847,0.15174535
0.0,0.1981478
0.0,0.11277569
0.0066849594,0.3284916
0.51654166,0.21198408
0.0,0.10334268
1.3517896,0.27826267
2.8921678,0.5156337
0.004216667,0.19333613
0.0,0.08408194
0.598,0.88662046
0.0,0.16202615
1.3319938,0.5703661
3.2280927,0.8397302
0.0,0.14170022
0.0,0.15291844
0.0018902299,0.18572383
0.81190723,0.32547814
0.0,0.11911963
0.0,0.10414407
0.0,0.052791614
0.0014425438,0.121956974
0.0064871795,0.21404432
0.0,0.17196397
0.89077085,0.27410367
0.0,0.13753973
0.0,0.13979988
0.7619517,0.30024406
1.201433,0.44877836
0.003806713,0.18792069
0.24311994,0.2699845
0.007027778,0.37125576
2.646862,0.29008123
1.8757578,0.49061802
0.010541666,0.20738427
0.36727166,1.0488684
0.5481667,0.20770623
2.0287676,0.48303166
3.4896681,1.2465789
1.9003111,0.5346765
0.99970734,0.39863688
1.2190824,0.50137573
1.0430393,0.44915524
0.9749536,0.27147207
1.1525556,0.42315766
0.014425439,0.16092391
0.6817958,0.9544781
0.0047351797,0.49783164
2.9946892,1.0288626
1.1454229,0.4576799
0.6693404,0.18126877
0.0,0.20671925
0.7254345,0.4641193
0.0031503832,0.2779104
0.0026354166,0.4007744
2.174151,0.8712525
2.9921901,0.43347314
1.0214578,0.30578792
0.61808586,0.4063844
0.0020006082,0.21482618
0.004134878,0.14561696
0.0,0.07234192
1.00264,0.48642626
0.0,0.19787727
0.7772722,0.31790614
0.5187197,0.29473743
1.6973933,0.82439816
0.98052347,0.748995
0.62029386,0.250253
2.11192,0.38201973
2.0830333,0.79487675
0.014425439,0.13038518
0.0031870154,0.11863585
3.5429301,1.2745126
1.1000879,1.1844194
0.8983843,0.46833333
2.067456,0.73614717
2.7206378,1.2468218
1.3115395,0.6504955
0.5481667,0.33521307
0.61095667,0.63342786
1.774329,0.45926863
0.8539392,0.34018847
1.4789646,0.4268018
0.050816886,0.31289867
0.005270833,0.26628715
0.83576113,0.34456804
0.56495833,0.26155424
0.6667417,0.32129177
0.00291578,0.22430694
1.1896561,0.38357097
0.7065838,0.2814006
0.58194906,0.35723332
0.024707722,0.24419156
1.3257985,0.46726644
0.5930344,0.37023798
0.755893,0.44051856
1.9974424,0.5286632
1.0174605,0.3450975
1.3943508,0.49345112
0.0048596337,0.23772363
1.899801,0.651959
0.552416,0.59954363
1.0361873,0.4954839
1.4807619,0.6096119
0.023032213,0.26229241
0.8422269,0.32908848
0.50904226,0.27004537
0.55656475,0.30442196
2.1161783,0.591159
0.52489096,0.23877458
0.8437833,0.35684988
0.99018544,0.5785015
2.809354,0.8274248
1.7387161,0.71577865
1.27075,0.2363635
2.354356,0.37877455
4.056433,0.7519643
0.014425439,0.13415284
2.310131,1.7579812
1.6361945,1.4361824
1.2419401,0.38268462
2.1510816,0.6559852
2.0123487,1.72654
1.4739166,1.7046586
4.54135,1.5543743
2.5464833,2.0071058
1.0425915,1.782148
2.0037713,1.2898598
0.7511489,1.2176505
1.5411571,1.8124473
1.4269736,1.3543011
3.993242,0.9167007
3.3817046,0.98185843
1.9396666,1.2262957
2.5804853,1.712541
1.5941582,1.3497885
0.66948223,1.2338475
0.8793507,0.7690476
0.82225,0.640226
1.2570028,1.2255185
0.6602917,1.0917054
2.59831,0.8086289
2.1076064,0.53579444
2.4753826,2.3003092
0.005481667,1.4972864
1.0062774,1.6399063
2.2678185,2.5258007
0.68322223,1.5594945
0.004216667,0.42226106
0.9728028,2.322173
1.6445,1.9212717
1.2719299,2.252045
1.0415167,1.6648375
2.5773177,1.6532958
1.1566156,1.1852508
1.1619991,2.199515
0.9065833,1.5005188
0.0,0.2982505
0.006159176,1.4349607
0.572,1.5679337
1.0043054,1.1530484
0.7582972,0.7724728
1.1101362,0.84749156
0.73496234,0.5122968
0.5841324,1.1681575
4.4226756,1.9725109
4.3661475,3.7550755
1.8458408,3.576938
1.5917584,1.6305496
0.649679,1.3646618
1.7659874,2.4950027
2.102462,3.6642704
4.503279,2.5480132
4.319824,1.0829215
3.559759,1.2446542
1.498415,1.5165596
0.0021581366,0.6009009
0.945469,1.0343772
0.7786458,0.75789136
0.8672835,0.7100423
1.3628032,1.5933768
4.147721,2.82379
3.9783611,3.0609095
1.2901971,2.7638617
2.1926668,2.1556654
1.2342591,2.1247287
2.3421667,3.004749
2.8550348,2.5267308
3.740375,1.1777822
3.6718466,1.8171444
0.8614048,1.679689
0.7879896,0.6583235
2.7932317,1.0059062
3.1779113,1.7101926
1.7612692,1.6672384
0.71566206,1.4495782
1.3380355,0.8268978
0.6366208,0.69571054
1.2698038,1.545214
1.0180238,1.1949259
0.54111105,0.34327683
3.095861,0.798271
2.9787853,0.56692725
1.40875,0.6473021
1.3159405,1.2974335
2.8141909,1.9293045
1.2224602,1.3573991
0.9576794,0.9957106
0.51059073,0.8925496
1.0000337,1.273831
2.9761233,0.904683
2.0010197,0.77949154
0.5818464,1.1038623
0.6304836,0.9241075
1.5473566,1.3810787
0.8278819,0.96802086
0.012478591,0.23080845
0.5102549,0.8625377
1.4409745,0.7198564
1.2632395,0.4264304
0.020963881,0.60800284
0.0,0.23242371
0.6636894,1.1826135
1.979971,1.3238147
1.3325115,0.90051883
0.6465019,0.6826562
0.72004944,0.8035971
1.7474748,0.77119344
1.2990487,0.44748172
0.9645625,1.6369364
3.261539,2.3383145
1.4368612,1.9006494
0.6016986,1.6456537
1.2395785,1.1464593
0.5537088,1.1453347
1.0981016,1.6913406
0.56742656,1.2593583
0.0069789737,0.49871537
3.148759,0.8108679
2.7168102,0.89352536
0.001539794,0.22788814
1.6269772,1.123597
0.34118256,0.7777149
1.0795528,1.2827011
1.764604,1.3346088
1.1019269,0.92314523
0.6058684,0.7347465
0.6473032,0.89041084
1.8530416,0.8113825
1.3302369,0.5937321
0.29460293,0.8026967
2.1690238,1.2497182
3.6290474,2.1756968
2.0450833,1.7966133
0.7120366,1.5460337
1.2280104,1.0822812
0.75967026,1.0312246
1.6154795,1.6453618
0.6407624,1.214165
3.1980379,0.77975255
2.956833,0.8289228
0.94655544,0.93307346
1.7448006,1.2333497
3.5166464,1.809734
2.0517464,1.8137869
0.62312007,1.585772
1.473601,1.3129243
0.010246106,0.43719855
0.55126363,1.3110598
1.4019483,1.7010223
0.8134934,1.4206724
3.3580234,1.0506567
2.9394495,1.1789339
0.66876334,1.0891066
2.053639,1.335874
1.048115,0.96638244
0.5056731,0.91061133
0.5776833,0.8171094
2.1351976,0.91733116
1.7126423,0.6094603
0.0044566398,0.4009569
0.5162183,0.99544984
2.3511338,1.2725157
2.9470246,1.7411072
2.0491934,1.5763621
0.62633115,1.4711702
1.4174024,0.80741477
0.7171013,0.82789016
1.2524568,1.4683756
0.998345,1.1214702
3.1086676,0.8260985
2.8606992,0.629402
1.0212142,0.98859066
0.5481667,0.88675743
2.6838458,1.1933659
4.952273,1.8125935
3.4402184,3.484548
4.755346,3.3742783
2.6951528,1.6015667
1.0298889,1.0367836
2.2724,2.1597638
3.3575208,3.3750587
4.7217083,2.4458995
0.50171185,0.6392165
5.3802934,0.9899793
3.6498764,1.0413871
1.866377,1.2309903
1.0365334,0.83715564
0.53960156,0.7806421
0.7773183,0.8529793
0.5121031,1.2699324
0.82225,1.4186829
5.4406147,3.3194613
4.3652782,4.432867
2.8201733,4.3284054
1.9555628,3.055685
0.5160931,1.2633193
0.9980208,3.0150967
2.535,3.816865
2.6325536,4.3965983
5.4948754,3.3803358
0.8153287,1.0968715
0.39363033,0.80755645
5.29818,1.8490012
4.4573274,2.440164
2.316273,2.97743
0.0020006082,0.44726604
0.008018396,0.103310615
0.0,0.39409575
0.0,0.39374182
0.00042559524,0.17529254
0.0016122549,0.16103944
0.54417515,0.5283448
0.52823335,0.74016935
1.3180916,0.43585792
0.0016217949,0.25146317
0.0012235863,0.20706604
0.0016009541,0.6978628
0.005107143,0.33877563
0.0006801075,0.067146845
0.007830952,0.2839239
0.004121554,0.27111036
0.008324961,0.4889649
0.5152767,0.39047778
0.7491611,0.5200695
0.8580354,0.6487042
1.1628226,0.60801405
1.6138363,0.48002625
1.1284467,0.4047517
0.80961496,0.68209136
0.59974974,0.32379964
1.0784894,0.6307543
0.00843781,0.24891673
1.0467851,0.49543515
0.77566665,0.31260356
0.8360632,1.4220496
0.0038244186,0.359984
2.263398,1.6214119
0.7077077,0.88307536
0.7023385,1.0673274
0.0167124,0.4721983
0.0033022088,0.5958858
1.5646904,0.8740968
0.0,0.31249982
0.0,0.1187451
0.0,0.15921257
0.0083562,0.3359625
0.008701058,0.29295975
0.0031145834,0.09453979
2.3792858,1.5186299
1.4554914,1.346757
1.2879313,0.5918319
1.861347,1.4397254
2.0880392,1.0361937
1.7838799,0.5571436
0.9586967,0.49980333
0.82225,0.43763202
0.0075609195,0.24859123
0.9579303,1.2300516
1.817451,1.1525577
1.0160205,1.032389
0.953855,0.65116894
1.7859154,1.0995265
0.83160895,0.959574
1.9321369,0.70209736
1.6367601,0.63424474
0.5763259,0.54564327
0.13404949,0.3891702
0.6924592,0.20396756
0.73076105,1.1807203
1.1647152,0.80585563
0.59250367,0.7252533
1.0504515,0.75097877
0.51730615,0.67448956
1.7449034,0.5576535
1.2059325,0.34323412
0.6081731,0.5182958
1.0003221,0.48994
1.0588809,0.5842831
0.78955704,0.36180052
0.0,0.12961903
0.005339286,0.29274002
0.5997204,0.41922846
0.51101565,0.49491522
0.016170109,0.23602875
0.72591007,0.4688582
0.8706991,0.4350944
1.2342707,0.47733608
1.0174817,0.30284944
0.5021667,0.41598168
0.5405107,0.39891806
0.63379014,0.57315254
0.0018902299,0.07938476
1.0254261,0.551432
0.5193098,0.3512021
1.2826306,0.5170857
1.5428308,0.50529593
1.1207635,0.32944438
0.78756374,0.59456116
1.0801579,0.5628442
1.4744363,0.5354834
1.0237434,0.46790448
0.76797277,0.51524055
0.7639926,0.34002852
0.5880165,1.0521488
1.0878717,0.74614614
0.5620695,0.66982067
0.19472587,0.22190456
1.0427642,0.69664073
1.6269841,0.53218347
1.2544329,0.33320743
0.05083587,0.2376312
0.0023833334,0.1750799
0.6565819,0.33165067
2.6237037,1.4640776
0.016445,0.2536098
2.1983767,1.2586046
2.035512,0.57684827
2.742856,1.3184968
1.3755493,0.92023903
2.0213647,0.56123483
0.8093215,0.4830191
0.7912415,1.9430693
3.3692565,3.111541
2.4098074,2.787083
0.6376343,0.5230536
1.917184,1.2638558
2.639078,2.9516587
2.9538586,1.9348834
2.658986,0.80443984
1.6814975,0.8609499
1.1930686,0.7950285
2.1073534,2.199037
2.6217124,2.583926
2.2344317,2.3489912
0.6511842,1.712519
0.91151565,0.9864086
1.3873146,1.5264076
2.3075602,2.427227
0.8838912,2.0134184
1.4331723,1.1858873
1.4988933,1.3497385
0.18029056,0.982587
1.6382858,2.0900757
1.7734804,1.3683594
1.6672219,1.2651085
0.60814613,0.29448047
1.0373163,0.5605518
1.6546263,1.2660822
0.59230477,1.2490853
0.026764946,0.37376258
1.0607886,0.9344298
1.1321356,0.49065652
0.02895975,0.30463108
3.9312348,2.247589
2.4544775,1.3608038
2.5763834,1.5908431
0.6626247,1.1823362
1.0613002,0.76689446
1.3841208,1.2711097
4.130152,2.3157248
1.7916929,0.9051333
2.3639688,1.0730573
0.002875,0.23878063
0.0042825523,0.3666305
1.2562153,2.2755919
0.008243108,0.55346864
1.8252275,1.1668478
0.007720657,0.4884117
0.6497387,1.7589021
2.2351968,1.0211648
0.0158125,0.47969317
0.5818424,0.70076364
0.75290364,2.1103797
0.54582405,0.9223037
0.0024042397,0.29463407
0.0071190475,0.65177196
0.0,0.18894769
1.3771485,1.8757885
1.0250716,1.1040034
0.056222223,0.6162116
0.61296356,1.4187884
0.7300229,0.8497531
0.7476993,0.81607616
0.86658704,0.81283283
0.0,0.26915324
0.0,0.26645944
1.4715453,2.4256287
3.1709714,3.357991
0.5804118,0.86826354
2.8981287,3.2934377
0.59737957,1.8834844
1.8026342,1.1619935
2.5570226,2.021102
3.5089371,3.4144359
2.8640027,2.9725034
0.632361,0.6044743
0.8172539,1.2535378
1.182702,1.2777525
0.52445704,1.4542097
1.2370788,0.34000424
0.7647414,0.6518664
0.5894122,0.63161105
0.6208306,0.6414925
0.08189741,0.7154127
1.4534723,0.35963213
0.65487087,0.7103955
2.4293585,2.9827175
3.108682,3.3190804
2.8418725,3.0817013
0.97804475,2.429152
1.3585935,1.4349674
2.2633154,2.1610563
3.7386198,3.3205838
1.8311327,2.99817
1.5399675,1.4296321
1.6224028,2.0421686
0.525179,1.9012171
2.0902097,1.9883286
1.8273365,1.8839091
1.1382927,1.654936
0.5190347,0.95655113
0.51472414,0.48909456
0.6562533,0.78510076
0.9384778,1.8884606
0.6265246,1.428603
1.2367918,0.84576494
1.3725045,0.62870336
2.0137477,2.35071
1.9677876,1.7529273
1.5092438,1.5106964
0.51457804,1.268921
0.69442123,0.97324437
1.7533951,1.6643807
0.2028283,1.4379386
1.1623012,1.01782
1.207906,0.94541377
0.71826994,1.7968153
0.77262837,0.90820104
0.51261526,0.9230575
0.5657033,0.90800023
0.9716488,1.7579054
1.0394757,0.9420287
0.9521801,0.889787
1.1417791,0.89015716
0.5627396,0.4295567
2.8314722,2.8489437
2.986257,2.41043
1.844929,2.1521358
0.78565365,1.5160083
0.81982243,1.3100036
1.5768577,2.2370963
0.5248254,1.8852388
1.7221061,0.92990667
1.7184691,1.1529187
0.50964004,1.5023394
1.4743793,0.8720567
1.2701529,1.5354358
1.2392763,1.145785
1.2181481,1.0868249
0.56399214,0.671771
1.4425439,1.1258048
0.76578647,0.8680671
0.786127,0.67154664
2.5278585,2.5611012
2.6047544,2.2149577
1.8736677,1.9444331
0.7584667,1.3735384
0.5221347,0.72293115
1.0001186,1.1527873
2.01825,2.1054292
1.6390928,0.9212523
1.7170483,1.0461296
1.9995311,2.224156
2.7584195,2.3048666
2.0212414,2.0331569
0.5449657,1.6612817
0.6670343,0.9342513
1.1885617,1.4718505
2.2111886,2.21365
0.8103797,1.9866425
1.2581962,1.3648793
1.4355898,1.4452404
0.0026870915,0.22039814
0.6695042,1.6345679
1.0329567,1.0175792
1.163302,0.89296997
0.65939754,0.5716002
0.8565634,0.9452782
0.6157396,0.54879624
1.9129678,2.0322797
2.0485036,1.3776163
1.562837,1.3356556
0.52448046,0.8202036
0.5978597,0.37154338
0.8083004,0.63540787
1.13308,1.3246709
0.63599735,1.3364965
1.1621364,0.8888105
1.35746,0.5187576
2.3459318,2.2417433
3.9508731,3.4695754
5.7720323,3.3901215
0.9638381,1.8811742
2.9633648,1.0508758
3.916937,2.0345435
5.229246,3.4747295
3.226153,2.896698
0.9305391,0.51780474
1.6418988,1.1745135
1.6618975,1.2132486
1.0772667,1.4148005
0.5086516,0.98534626
0.0048367647,0.520379
2.4352183,3.4429498
4.4857497,4.3900013
3.3642476,4.284527
1.126352,3.246042
0.50012434,1.6347326
3.0413234,2.8768432
0.014630783,0.94670767
3.708004,3.6946998
3.7742147,4.3756294
3.671613,3.664485
1.1750466,1.0408539
1.3860629,2.0851173
1.802314,2.7202826
0.6757451,3.1301937
1.3445694,0.74375004
0.003493219,0.13167487
0.83820665,0.49788123
1.9320117,0.6792157
0.73376644,0.73440665
0.56838596,0.6688885
1.0296464,0.3902886
1.7181343,0.65415853
2.3834207,1.5360004
0.6291606,0.64048177
0.0038244186,0.10076161
0.7804371,0.5862797
0.0045079496,0.16185357
0.0023336513,0.28587055
0.002750657,1.2582897
0.2457574,0.29618946
0.77008075,0.3559292
0.00225583,0.36626408
1.5270357,1.5883479
1.5567317,1.4366106
0.8457824,0.41200143
2.1563368,0.70155424
4.169982,1.4628369
0.5167145,0.27099118
2.2692835,1.6383542
1.4423635,1.4298323
0.66891664,0.513411
1.8559953,0.8894114
2.889402,1.526964
0.6951389,0.7625431
0.003011905,0.22146209
1.1862246,0.8579713
0.5471993,0.7859468
0.7330672,0.43344542
1.28271,0.78083813
0.1142704,0.27171648
0.004170833,0.12827325
0.059050474,0.32928482
1.2628518,0.5454993
0.76783013,0.3798726
1.6615211,0.5042695
0.6074103,0.5174991
0.6482713,0.51997995
0.60600233,0.37258956
1.1623574,0.44929335
0.88100976,0.520752
0.66761553,0.34126964
1.4507514,0.47576487
0.0013663177,0.11764818
0.808099,0.47300625
0.589365,0.3692713
1.2759283,0.4456707
0.0059215534,0.2251266
1.5250487,0.6565226
0.64752185,0.59624606
0.51641464,0.24464601
1.158236,0.40184096
1.9068159,0.59587723
1.2590775,0.71334344
0.57885283,0.6448721
0.852774,0.51794225
1.742789,0.6637638
0.0032203002,0.3607289
0.75016695,0.42758217
0.8857194,0.40354463
1.4882494,0.8030136
0.7566227,0.73523396
0.5072843,0.2675692
0.87601876,0.43913257
1.600586,0.72760063
1.8284243,1.697569
3.2372286,1.4705337
1.1761634,0.40350202
3.4216835,0.7574294
4.574229,1.4776525
0.52939385,0.23038208
0.003383745,0.21472566
2.1219356,2.9471455
2.2127829,2.5870752
1.3883474,0.60144705
2.6651275,1.2257692
4.1960855,2.78399
1.1750594,1.5265366
0.89077085,0.2762102
0.5828839,1.9319558
1.0747468,2.074134
2.2190173,2.0310168
2.1329706,2.6339922
0.89537394,2.37465
0.9035614,0.9160347
0.85879445,1.5296843
1.8562917,2.4035892
0.6396819,1.0191228
1.4455056,1.2401778
1.3403802,1.0025626
1.5277733,2.015027
1.1378611,1.7387184
0.7513948,1.5521165
0.64069164,0.27244085
0.93995845,0.66924137
1.658616,1.5743936
0.63593495,0.8995191
1.0853875,0.609225
0.5639112,0.90478104
3.0900042,2.173712
2.0334282,1.8273209
1.1583786,1.9534285
0.006909664,1.4473248
4.163581,2.0259528
1.363009,0.9735468
2.0969172,1.2412571
0.81389844,1.1683339
0.95526665,1.867142
1.7342975,1.1898798
2.734903,1.2862529
1.1152357,0.8757988
3.1898634,1.1223595
2.272661,0.776841
2.473713,1.5419611
0.748291,0.8533142
1.8139989,1.0508617
0.5316113,1.0533344
0.98889613,1.7692719
0.01969353,0.8640713
0.012080808,1.1192521
0.7876131,1.0934988
0.5041397,1.19528
0.5739965,0.732494
0.59055066,0.69061375
2.473699,2.1220841
3.3588483,4.312348
1.7492107,4.2549725
0.67582005,2.017455
1.5428239,2.6018143
1.8746964,3.5906892
2.8657038,4.2759724
2.3088098,2.9969463
0.6206041,0.64550483
1.2684351,1.2916619
1.7370049,1.7239865
1.341912,2.1182685
0.0041332077,0.6668995
0.6620167,0.49870524
0.5371112,0.4800385
0.6772324,0.87704957
0.9695082,1.0452383
3.310822,3.1134667
2.673283,3.5953684
1.0395205,3.3945436
0.78185225,2.5801206
1.2074285,1.5880651
1.5675559,2.5944638
2.8155835,3.5632386
0.96878964,2.6926174
1.3923131,1.266855
2.0468347,2.178052
0.51586026,2.1618843
0.0024471725,0.3511941
1.299732,0.60461324
2.0829203,0.9651553
1.8865716,1.794812
1.7576265,2.3476615
0.7386263,2.0127077
0.673214,0.4414376
0.6772704,0.86185
1.4534117,2.2864044
0.84545636,0.8706314
1.2101002,0.7213788
1.2607397,0.6943137
0.7142014,0.86005753
0.85427445,1.0227231
1.8068745,2.2835727
1.7098075,1.8015705
0.584302,1.5501806
0.5487198,0.6239868
0.65122277,1.076511
1.5661448,1.6974877
1.278807,1.0004756
0.5935535,0.8684452
0.83302414,1.547864
0.69271314,0.9260935
0.67309654,0.89452636
0.0021288027,0.17942825
0.991031,1.4172555
0.9406895,0.94733083
0.5087396,0.47855517
1.0989159,0.8936425
0.624762,0.49592572
0.7271851,0.7512861
0.75163466,0.8709208
2.5532234,2.902174
2.156736,2.5139275
0.9051713,2.2218697
0.9993248,0.69558555
0.7810306,1.4459342
1.6241975,2.2887511
0.9017847,0.83497286
1.6899775,1.1809902
0.5814086,0.6981979
0.66467595,0.65696853
0.69881296,0.9673155
1.0254327,1.542886
0.99685127,1.147636
0.5229011,0.7305806
1.3396784,1.1030036
0.7365772,0.7066896
1.0876323,0.91210574
0.0018740741,0.23154172
1.3538713,1.1413479
2.393639,2.5422
2.0282166,2.277207
0.96671873,1.9893159
0.8265359,0.6486421
1.0045437,1.1855878
1.9528438,2.1238518
0.6812909,0.81233346
1.6255456,1.0147806
1.0148491,0.962379
0.5796686,1.0313874
1.5132418,1.0092
2.1257274,2.0657864
2.1540656,2.262763
0.9232196,2.0124536
0.90866756,0.9150196
0.8421457,1.5576093
1.8558745,2.1331358
0.6013456,1.2348366
1.3434739,1.4505624
0.5646777,0.8866739
0.54138523,1.0604397
0.81682366,1.4533355
1.0054098,1.0902804
0.50276846,0.9652786
0.8190562,1.0102834
0.7256829,0.6815625
0.9600446,0.8837153
1.906697,1.164466
1.8253759,1.7279581
1.8377435,1.7254473
0.68740016,1.6163144
0.73702776,0.42096037
0.77927244,0.7774715
1.5899323,1.6329544
0.8102324,0.88038987
1.2071002,0.633375
0.0017703562,1.0998092
1.0090721,1.0336729
1.0015998,0.5680136
0.0027408334,0.31938344
2.0377314,0.84217554
2.7470677,1.925234
3.5038981,4.540106
2.8263273,4.5563197
0.64924705,2.0445359
2.3884404,2.8870769
2.9061117,4.0531955
4.0708,4.5627046
1.7778041,2.9356294
0.5189467,0.57894605
1.396032,1.1928272
2.0801961,1.7595986
1.4913614,2.9789653
1.3581239,0.6310699
0.7592993,0.864515
0.72764707,0.6228271
0.6498283,0.9820258
3.484234,3.3092647
4.3356433,4.6380825
0.5090119,1.3185986
2.7698267,4.6041965
1.1793152,2.9069748
2.4042118,3.4794793
2.6161914,4.1821284
3.7187595,4.636101
3.3173308,3.6158152
1.1621004,0.9768378
1.9707068,1.995574
2.6856017,2.3261318
2.1078062,3.4499214
0.33026662,0.8483986
0.5555743,1.2514336
0.7972942,1.4077003
0.96788234,1.1699202
1.4423982,1.4318839
0.5184212,1.3056995
0.6925172,0.62529516
0.58512175,0.8992683
0.96968794,1.3363558
0.5935862,0.78126556
0.71199554,0.7966413
0.86647266,0.80279815
0.8543351,1.4341457
0.6646125,1.0173221
0.53563714,0.94308394
0.6115433,0.33340326
0.6724346,0.5209899
0.89406866,0.9088956
0.020257272,0.3090155
0.5659097,0.74579024
0.6900518,0.39649203
0.01612255,0.3641975
2.4207323,1.9072136
1.6125861,1.2540025
0.8056389,1.4667386
0.5558428,1.0105025
3.294147,2.097031
1.4791799,0.8797392
1.6214463,0.9947403
0.9489619,1.0900172
0.0021329443,0.3136077
0.59064287,2.1399493
0.086035125,1.0018386
1.2553368,1.0602082
0.0018151214,0.66436225
0.0,0.13077444
1.2527916,2.0004692
0.5719206,0.8822571
2.2909436,0.9873108
1.0712681,0.6856416
0.0055935374,0.41109404
1.5393903,1.9377832
0.9935521,0.9087004
0.0025856919,0.39119008
0.72465354,1.411758
0.004350529,0.39860666
0.010718343,1.5891931
0.7617186,1.5846833
0.0060523134,0.42275843
0.002641767,0.44542375
0.508756,0.9050757
0.0028256015,0.52415735
0.0017660009,0.31106701
0.8847439,1.6918595
2.4846506,2.6293688
1.331509,2.2245145
1.5373354,0.6984299
1.8277017,1.1955647
2.2491786,2.5480123
2.1098936,2.2663445
0.6814729,0.89761376
0.6912666,0.91266274
0.7478919,0.83613867
0.47216037,0.80807954
0.69682205,0.97636586
1.7552997,2.2267618
1.9472531,2.2081814
1.3879113,2.0183349
1.2648273,0.93163085
1.5746024,1.3778771
2.2042313,2.1515846
0.8796866,2.016789
1.0490776,0.9087898
1.0691878,1.3640164
0.8118087,0.4934194
1.1758646,0.68384534
1.2184613,1.4450575
1.3669385,1.4030555
0.55127245,1.2218599
0.6974327,0.38048625
0.613196,0.6025672
0.92887145,1.3063467
0.76714,0.7261693
0.7957044,0.4711276
0.59934044,0.4249475
0.5661799,0.847968
1.1011418,1.2309074
1.0595554,1.0763242
0.024916667,0.35552397
0.59473425,0.49534872
0.54831904,0.72028345
1.0264608,1.0031892
0.52803904,0.7797317
0.7983221,0.6468144
0.02957454,0.58614486
0.21556555,0.27044132
0.50747645,1.0799686
0.68983424,0.73464775
0.8228071,0.645252
0.014066486,0.56642175
0.57189685,0.7989047
0.52704054,0.9205393
1.5567205,1.4357365
1.5053741,1.3528682
0.7689399,1.2235044
1.209248,0.53274995
0.71593237,0.8394606
1.2034192,1.2542657
0.9255751,0.7044912
1.0538595,0.74610585
0.0027825718,0.6873969
0.6204624,1.1755627
0.64986277,0.8207801
0.7282131,0.7925933
0.9566417,0.7590461
0.74967396,0.9064699
1.6613004,1.4386843
1.4900694,1.3657371
0.7963115,1.2355251
0.87402993,0.549539
0.8223868,0.8163686
1.32925,1.2826258
0.87213933,0.71747005
1.1252799,0.6931466
0.5214337,0.7826579
1.1000458,0.87192917
1.2611545,1.4584504
1.5910441,1.3573257
0.7745972,1.2546138
0.85861355,0.68761986
0.8071078,0.99680936
1.3203492,1.3054729
0.7250008,0.82817465
0.85138273,0.99936426
0.6852083,0.82731193
0.6277083,0.781851
0.0023129396,0.36892566
0.7936608,0.77874845
0.0011712963,0.30838472
1.2722241,0.9542621
1.0715803,1.4112102
1.3085269,1.2248908
0.5415711,1.1377293
0.7601713,0.43999723
0.75514406,0.660054
1.1473744,1.1516815
0.731408,0.746928
0.8333969,0.48430917
0.6227241,0.5062489
1.4056579,0.6357931
1.0620977,1.49744
2.84714,2.6479113
2.4429166,2.188016
0.5890616,0.45674407
2.0381246,0.640649
2.6019568,1.1596526
2.923145,2.4878652
1.562573,2.283272
0.9324989,0.87918514
0.67892563,0.8726816
0.989374,0.79528725
0.53324765,0.47119766
1.3819195,2.4895828
3.1523411,3.7046719
2.0248291,3.1979017
0.6906104,0.7129784
2.3474307,1.2623948
2.463979,1.9894565
2.5698423,3.7259605
2.5667782,2.8773537
0.85292125,0.55878156
1.0204495,1.1238599
1.0739248,1.4120017
1.1089022,1.6885904
0.0013960102,0.393489
0.5402386,0.3604412
0.755893,0.29556265
0.012371818,0.29133105
0.7433472,0.30387846
0.0057100696,-0.09116976
1.1152357,1.7009091
0.28102216,0.49594894
0.0,0.006838226
0.0,0.056341693
0.006159176,0.15004827
0.0029791666,1.3824581
0.0,0.040512476
0.0,0.07804641
0.0042825523,0.46678048
0.0,0.13154517
0.00676749,0.1290121
0.0027003284,0.086919844
0.0029954463,0.065591246
0.0021496732,0.1868682
0.0037545662,0.39922428
1.2726641,0.18238898
1.7300047,0.6201923
0.0,-0.007044299
0.8866,0.7895896
0.9854542,0.37515387
1.8610028,0.67614985
0.6420656,0.33297303
0.5023302,0.7320538
0.04770182,0.5730879
0.0024042397,0.123583436
0.0068276986,0.2836053
0.0139579475,0.1988915
0.0,0.03562742
0.6136194,0.28050458
0.72946453,0.4310439
0.0005906968,0.066453174
0.51217157,0.5611482
0.13488692,0.47564864
0.5677116,0.47753176
0.04287337,0.8788021
0.9592917,0.6278159
2.15037,0.21326672
3.0613716,0.6217405
0.8385092,1.1042047
1.1124558,0.8705805
1.954973,0.28986588
2.7163615,0.9130454
0.6054378,0.7173743
0.002806314,0.40475577
0.0060907407,0.12242821
0.004894345,0.35432562
0.0,0.23458436
0.01957738,0.15715243
0.0,0.073713735
0.018272223,0.120290875
0.0,0.066394135
0.0,0.41211942
0.001978941,0.43225905
0.0023032213,0.3282571
0.0057701753,0.20350704
0.005143655,0.20415688
0.0020816457,0.56350213
0.01957738,1.3035337
0.013177084,0.20272158
0.003943645,0.12081732
0.0021752645,0.18886814
0.0009912598,0.28228727
0.004953313,0.1503266
0.0023922485,0.09800127
0.0026870915,0.22463846
0.0048084795,0.08507411
0.01070638,0.5293593
0.0043923613,0.12743562
0.004389235,0.31523487
0.0026354166,0.057293903
0.00079675385,0.12040387
1.381191,0.59758824
0.19791509,0.25620902
0.533997,0.4164679
1.7440139,0.5721722
0.93481994,0.6354588
0.65132034,0.35318983
1.413531,0.606355
0.013741305,0.22952679
0.66989285,0.5513173
2.6430383,0.45236346
1.1576512,0.60119224
0.0042275065,0.33763233
0.19359155,0.41355455
0.9056932,0.67740923
1.6005433,0.58226746
0.671389,0.40376493
0.0027034017,0.4474828
0.5037207,0.5842748
0.60737145,0.33601668
0.013441886,0.3153322
1.7117751,1.336421
1.2268817,1.2466143
0.6195363,0.4177244
1.5009773,0.65631413
2.580506,1.317932
0.5792971,1.0299212
0.0023425927,0.15746634
0.003566247,0.14014916
0.59027225,1.165111
2.0590856,1.1667304
0.9299256,1.0646435
0.06729286,0.8752795
1.2354833,0.6318235
2.852524,1.1044843
0.51644784,0.5393482
1.1482923,0.7668294
1.0102686,0.72630876
0.0010561978,0.2739819
1.1521567,0.45384672
1.6947323,0.42962366
0.019644199,0.20422237
0.50675493,0.5258736
0.64198595,0.4894223
1.0030284,0.4506322
0.001360215,0.21038215
0.9089196,0.4355702
1.176497,0.41000274
0.8328426,0.43798706
1.2527614,0.41246048
0.0048040436,0.21569994
1.3017989,0.5532295
0.5991446,0.35098454
1.7249197,0.5255502
0.57446086,0.26261434
1.266989,0.5942387
0.45394516,0.560929
0.2091851,0.26351377
0.56229955,0.43569943
1.5858176,0.56011564
0.6337139,0.37129182
0.65759,0.3543469
0.52543944,0.3876203
1.4660113,0.6718163
0.5628746,0.3817339
1.3732668,0.64632934
2.556023,1.3408626
2.162213,1.2086674
0.9900808,0.4052747
2.61327,0.67788696
3.5430982,1.2722362
0.52223986,0.24862462
2.979107,2.3278103
1.961193,2.053708
0.6015981,0.3303179
1.1416267,0.47858024
2.268609,0.92370296
3.289,2.2323623
1.0385098,1.5738841
0.94920635,0.28291777
0.20291252,0.7167912
1.186362,0.7165524
0.7764511,0.46176493
1.7373385,0.66480315
0.6610245,0.6864243
0.91551673,0.34040982
1.6460752,0.6028059
1.6070694,1.7208818
0.0025683846,0.12763074
0.0057100696,0.26274455
0.0016903818,0.1361243
0.005958333,0.37298113
0.0022993567,0.45161843
0.0028329026,0.049876552
0.003761928,0.13754894
0.0,0.17571358
0.0022326761,0.5129422
0.71997595,0.37402874
1.6742498,1.5856334
1.5503998,1.3729331
1.067605,0.33693105
2.0682242,0.60459226
3.2940652,1.4640028
0.59967226,1.0518059
0.5142325,0.27841717
0.0009418671,0.23979846
2.3247132,1.3839566
1.0948274,1.2217335
0.79676247,0.42114082
1.8046819,0.74596035
3.0007465,1.3305527
0.6967964,0.6216149
1.2506856,0.8489311
0.72481513,0.37694922
1.3076719,0.78091097
1.1406438,0.52739686
0.6785484,0.3663372
1.6033183,0.48893344
0.027563546,0.5372118
0.0056693414,0.29269576
0.66396713,0.49489388
0.66560465,0.49211833
0.57937235,0.3360677
1.2008929,0.43060216
0.79894185,0.52197856
0.6295473,0.33343133
1.3118011,0.4771243
0.0044704257,0.3050948
0.8512861,0.4554677
0.5315424,0.34718242
1.3113958,0.43040687
1.3739097,0.6039181
0.52012444,0.22070219
1.0303912,0.36501026
1.8688912,0.54228467
0.0023997058,0.3774431
1.2674787,0.66007644
0.7525822,0.4743379
1.7042124,0.63047177
0.6051701,0.42211175
0.0026541317,0.18048187
0.8156021,0.40048254
1.4116471,0.7919053
0.5755362,0.7263057
0.5456961,0.24961676
0.8220116,0.41079864
1.671931,0.718396
1.829404,1.4921993
0.0021137532,0.22468719
3.2602289,1.2469722
1.457044,0.31399223
3.122508,0.6013034
3.982795,1.2913767
0.58067423,0.21782823
2.338607,2.9192781
1.9406291,2.3168616
0.53665775,0.27877375
1.3682628,0.50943506
2.4325573,1.0294334
3.4790802,2.809323
0.9389495,1.6638268
0.9506591,0.2771415
0.16533177,0.7140963
0.12236215,0.4981231
0.7352215,0.5107935
0.5348083,0.36478963
1.4508072,0.4559291
0.5325234,0.32472137
1.0530571,0.6470651
0.00874734,0.17719062
2.2322402,1.345038
0.5767798,0.6479951
0.00583156,0.041059185
0.0,0.08145088
0.0066044177,0.52174735
0.0034915074,0.15120561
0.0013501642,0.11091756
1.364032,1.0652611
1.6599475,0.94952095
1.5215743,0.21397309
0.64945835,0.22110155
1.8593813,0.404785
2.930008,0.9648567
1.133621,0.7806365
0.0016353421,0.10029343
1.6247084,0.77069694
0.024166487,0.24642879
1.3438925,0.7125464
0.942763,0.20284133
1.545923,0.42701095
2.867071,0.7384334
0.53018713,0.4159247
1.8072889,0.37589803
0.0053048385,0.34043083
0.54278004,0.8483547
0.5206973,0.7906529
0.5256879,0.5193562
0.87494373,0.47737607
0.3386825,0.3563418
0.10797117,0.31985834
0.034459837,0.19102924
0.61612433,0.4192253
0.7501972,0.34043217
0.0024233717,0.2647287
0.7548119,0.3796827
0.008361298,0.44300658
0.75420666,0.5028552
1.0180808,0.44966355
0.6528451,0.5290184
1.3289808,0.48232642
0.005964817,0.37188816
0.001145195,0.28085256
0.60814846,0.7743644
0.7944356,0.71569383
0.517923,0.5088431
1.3307346,1.0400163
3.6313531,0.8975128
1.7356344,0.20476563
0.79133207,0.20650499
2.8312068,0.4196258
4.3990374,0.8943426
0.7077357,0.7590867
0.53714454,0.21677838
1.8843229,0.2640684
2.0604904,1.4909827
2.4047832,1.2457104
2.62405,0.20156649
1.1470308,0.2436199
2.6773949,0.4931647
3.6332357,1.3173164
1.8569915,0.9926583
1.0488544,0.21407875
0.6395278,0.27479973
1.6036791,1.2363294
0.5824271,0.4550973
0.88469934,0.74237925
1.7293353,1.0948952
0.51771295,1.2585727
1.133879,0.5820468
1.196,1.0999558
0.5143292,0.5624446
1.2242389,1.4807451
0.08186905,0.8096639
2.46675,1.7929927
0.7194688,0.8327165
0.0,0.12729757
0.69766665,0.8951957
0.013704167,0.51078004
0.0,0.28546497
0.0,0.36276177
0.0,0.3522622
0.9710381,0.79503334
0.054816667,0.539891
0.007830952,0.32866696
0.0,0.09124853
0.010963334,0.3591968
0.0,0.24676576
0.5090119,0.55213326
0.68048275,0.52515024
2.747359,3.0851524
1.7458417,2.9331012
0.81394446,0.30302337
1.3877882,0.6822757
2.6602552,1.4282142
4.062581,2.970717
1.7456181,1.5090142
0.02055625,0.30387476
1.1087917,1.872392
3.3061302,2.5181026
1.6546513,2.2422957
0.7519722,0.40121558
1.0714166,0.7942795
2.2847586,1.321815
2.5658865,2.394742
0.79261935,1.4109508
0.52947915,0.65327746
1.0501025,0.8195015
1.4693912,1.0085411
1.4681097,1.4466699
0.6077999,0.49871755
0.68919986,1.3263925
1.12097,1.0319449
0.64295053,0.6407942
1.5644307,0.9346586
0.5305735,0.44195855
0.004238402,0.3972379
0.6075043,0.8538334
0.51508766,0.4430056
1.0481429,0.7467057
0.65887135,0.9244417
1.341974,1.1435186
0.6446654,0.6076912
1.0916481,1.0119034
1.000703,0.500464
1.0543643,0.3895084
0.63430715,0.71597403
0.5824271,0.5098031
1.7089902,0.6762888
0.650022,0.94978726
1.4475026,1.2694557
0.9894873,0.67597497
1.5754561,1.1224657
0.7387978,0.4189625
1.7412353,1.2502607
0.61308116,1.1215425
1.0569594,0.840366
1.9730246,1.1625422
0.0021752645,0.3386779
0.72750515,0.7113103
0.51693213,0.49053454
0.5721157,0.6661129
0.16728535,0.55619615
1.4229493,1.3154663
0.84861475,0.56696165
1.1441094,1.195211
2.1505,4.132575
4.522375,4.093256
0.9690804,0.24485
1.8856933,1.1021351
3.356751,2.8849058
4.323042,4.0347643
0.86441666,1.5010132
0.82225,0.2403762
0.8496583,0.31567886
3.4260416,4.0457296
3.177885,3.8595986
2.3913772,0.33765152
2.6551824,1.4194847
3.9865174,2.5966172
5.242722,3.9715695
2.7475183,2.2471921
0.9193212,0.29352516
0.51147836,0.84070665
6.2011356,1.8549095
2.7050834,1.8851613
2.4827383,1.4620882
0.0024692193,0.594289
0.0034694092,0.46515778
0.93756557,1.5651108
1.600054,0.9657526
0.78008336,0.9964579
5.7267466,2.192289
1.562684,2.1998134
2.2187698,1.6418616
0.011690758,0.80151504
2.719223,2.3327255
0.5917708,1.9616219
4.4909434,1.5324717
1.9614089,1.232065
0.005958333,1.681151
0.0033424797,0.66229194
1.6956003,2.1778495
4.175363,1.4680117
2.5279222,1.133969
1.9368556,2.039197
1.4906777,1.3515784
0.0024148312,0.71758586
1.6087755,1.4339113
0.0040306374,0.628151
0.5173323,1.3852834
0.6996338,2.1897006
2.3705804,1.6544347
4.0812287,1.7421046
1.0771475,1.2770983
2.680268,1.0628341
0.8874673,0.9971905
1.303715,0.5043522
1.0777756,0.84148735
2.4165363,2.0258334
1.517365,1.2283542
1.2196709,0.9865176
0.54263586,0.95373166
0.008589506,0.24679662
0.0,0.23136814
2.0592892,2.2076964
0.030276647,1.2746247
3.9428375,1.0667425
0.034299392,1.015587
0.025695313,0.4192256
1.7054943,0.76980215
0.020219263,0.29732427
0.016372235,1.0250486
1.2816035,2.011207
3.2290225,1.0045493
1.9824322,0.768135
1.6463838,1.9081721
1.5255963,0.8740296
0.0031145834,0.74604434
0.024729323,0.73109585
0.01028731,0.29173917
0.024916667,0.41364536
1.213945,1.3582884
0.5777837,0.99667144
0.5063423,2.0077345
2.243957,0.954451
2.0248785,1.8633182
0.89762294,1.7326539
1.1378611,1.5256402
0.0016028265,0.6061201
0.7797864,0.913073
1.6970639,2.0895672
0.7042901,1.3916682
0.0,1.2494133
0.5749792,2.152676
1.8205668,1.4000407
0.0,0.3788534
1.3146298,1.3032264
0.010246106,0.33027026
0.0021581366,0.32314685
0.0,0.81581146
0.6245505,1.4141754
4.293554,1.6810061
2.1124055,1.0833668
3.276749,1.0435015
0.97857827,0.8453417
0.9233132,0.3752282
1.1186186,0.842691
4.0408697,1.931043
1.5154096,1.0082598
3.5511668,0.9244145
0.043657005,0.81493276
1.276482,1.0414587
1.5266548,0.94133514
0.6648972,0.8417985
0.008061275,0.3387344
0.0,0.24175021
0.0024581465,0.23369354
0.0030318953,0.43100813
0.009451149,0.44746932
0.024564702,0.69970566
3.3524377,1.0617436
0.49878228,1.5825925
1.361356,1.2392995
0.0474375,0.71619827
3.1980913,1.7358333
0.6395278,1.663819
1.4308763,1.2608215
0.016511044,0.94390404
0.0055651437,0.47908756
0.031028302,0.9384504
1.7313215,1.4799942
0.0,0.34915695
2.23668,1.3317302
0.52075833,0.39464092
0.0012458334,0.41927958
0.62796307,1.2814204
0.0041527776,1.3789508
5.1106234,1.975342
3.282576,1.7757877
4.169039,1.4927087
1.0899186,1.4238659
1.6026907,0.89221424
0.004517857,0.5657309
1.7663865,1.0195947
0.77451175,1.1526955
5.0635734,2.2510176
2.1888063,1.7297975
3.4200833,1.348794
0.011285785,0.5653218
0.70255536,1.179822
2.664965,2.3415494
0.78154457,1.537318
4.172296,1.3264945
1.9805231,1.0343242
0.010151234,1.2345904
0.0,0.6211269
1.3357333,2.1722784
3.7222285,1.2383931
1.4829541,0.95742935
2.0498111,2.116249
1.8677225,1.1044174
0.0031870154,0.34269786
2.328532,1.5826708
0.0,0.44502088
0.6639648,1.1942593
0.7088362,2.20643
2.0933611,1.3830078
4.682612,1.5856193
3.1829612,1.0074326
3.0655255,0.900277
1.2344635,0.8254264
2.4046755,0.4043561
2.570965,0.78158295
0.8019166,0.69546646
3.9765224,1.8044885
2.1555028,1.0630232
0.004894345,1.0216779
2.4114914,0.8938228
0.57050383,0.89468926
0.529763,0.7054691
0.0,0.24550913
1.2207624,2.0734386
3.6062417,0.9850356
1.0785934,0.71639675
0.007613426,0.55886644
0.8616531,1.8610936
3.0959835,0.9427222
0.002514526,0.37955904
1.606332,0.7351214
1.2062625,1.7195939
1.1977657,0.8280119
0.0024042397,0.25635776
0.010963334,0.6607979
1.9306289,1.3152058
0.0,0.36106464
1.3868617,0.868008
4.6164694,1.8954335
2.556068,1.8141645
2.8113577,1.5275165
0.83947086,1.4764742
1.5876999,0.9590353
1.1538733,1.0129558
3.9971056,2.1585739
1.1260257,1.492757
1.8906869,1.23769
0.0014275174,0.22862817
0.8481552,2.2074277
2.7206306,1.1806718
0.7476993,0.91206324
0.0014656862,0.72045594
0.69254464,2.1025925
2.4872522,1.156984
0.013983844,0.695268
1.4122778,0.88957804
1.0559267,2.0123608
0.9683673,1.061738
0.024285866,0.5583016
0.0017797619,0.4783503
0.009116506,1.4297827
1.6004763,1.496807
0.034049712,1.6163242
0.0028337163,1.0405769
0.78241783,1.1131146
0.0017457537,0.53012085
2.6984668,1.4668926
1.131196,0.8941594
1.418795,0.85601115
0.69268817,0.3370313
2.4580348,1.7286681
0.7453463,0.9971378
0.049833335,0.3824108
1.5459472,0.85625917
1.8465784,0.96305376
0.0012021199,0.1791782
0.0030397412,0.96794736
0.10914171,0.9575069
1.7914968,0.91216046
0.7244805,0.6965801
0.60167193,0.78867966
0.0021513605,0.26337537
0.008495242,0.56212443
0.0023161971,0.19171245
0.0078123515,0.19158144
0.5078254,0.84754735
0.0032684554,0.25995323
2.898621,1.7153655
1.2568326,1.2556447
1.3360299,1.0334837
0.67652696,0.49612603
0.006992913,0.48694465
0.5840677,0.8272123
2.134243,2.0331707
0.97436273,0.9413498
0.004911888,1.2418547
1.2223155,1.0537497
0.030188259,0.48791513
0.0,0.26969498
1.2883414,0.99655163
0.5521752,0.7504894
0.0,0.14577433
0.007330609,1.5978782
0.59394604,1.3476282
0.005647321,0.5527219
5.3997498,1.8738507
2.9753854,1.8819625
3.8542573,1.5410467
1.220553,1.5728813
2.3091798,1.0047486
1.7692837,1.0112227
5.4303794,2.119501
1.8176938,1.700632
4.196643,1.398358
0.667687,1.1208342
0.0062767174,0.7019096
1.7462106,2.192013
3.8753958,1.3811167
1.7122623,1.061994
1.4407147,2.0706453
4.6495986,1.3396374
2.3660486,0.99928254
2.0105834,1.9767897
1.8414603,1.172784
0.008751572,0.6467002
2.2684278,1.4763023
0.027689556,0.562893
0.62491,1.3035327
0.0033343472,0.7790392
0.0023129396,1.291242
0.0,0.7652526
0.009290961,0.5310131
1.4941963,1.3553897
0.0015059524,0.5888149
2.2426195,1.8314538
3.2932296,2.1864069
0.9226905,1.3394542
0.60211325,2.2547002
1.1669734,1.4215244
0.0,0.36293948
0.004249354,1.250551
0.95365983,1.2633137
0.0,0.31222996
0.0026103174,0.465001
3.555951,1.8719088
1.7849677,1.597557
1.8070598,1.4984633
0.6073869,1.3275242
1.3317639,0.85269403
1.0097808,0.98986655
3.3594067,2.1428227
0.8742911,1.4717623
1.3243523,1.3027171
0.8764559,2.2159736
2.626632,1.2632235
0.8362844,0.977747
0.51314,2.0974674
1.8024464,1.2175654
1.206161,0.9093662
0.7187074,1.9919094
0.0,0.45190415
0.5860718,1.0893945
0.0,0.3216951
0.0,0.43567917
0.9851486,1.3764282
0.0,0.33356377
0.0,0.48541984
0.87243426,1.2593654
5.33546,1.8460814
3.3262396,1.5044417
3.68068,1.3120568
1.279615,1.2001263
2.209083,0.7096363
1.7188802,0.92407215
0.5246805,1.001771
4.797627,2.173936
1.71925,1.4326739
0.008663554,0.50977236
2.7201762,1.1794682
0.05182986,1.1202025
0.0027685186,0.22245267
1.2490239,2.2542171
3.445666,1.1488223
1.3663723,0.89717036
0.028256014,0.81590474
0.0,0.3115197
1.1830387,2.0945275
3.6822054,1.1249402
0.34037483,0.5421954
2.3359292,0.867199
1.6390691,2.0090067
0.006229167,1.1222456
1.7571468,1.0177397
0.0,0.3037741
0.00291578,0.4558024
0.017682796,0.6412658
2.5034168,1.4523352
0.006219071,0.39643446
0.0017607067,0.27571806
0.0055935374,0.5369438
0.0,1.1721703
0.008170506,1.0454274
1.4814378,1.0873361
0.0016789178,0.4907677
0.0022014726,0.45676675
5.44604,1.933924
2.958375,1.9698027
3.38536,1.6389574
1.4220556,1.666833
2.2709763,1.1150736
1.1385225,1.0747424
5.3981347,2.1515956
2.1010613,1.509971
0.018740742,1.3944947
2.8305576,1.3528372
0.00083055557,0.3345501
2.342187,2.2182791
3.7831187,1.3543208
0.02995222,0.6935512
1.5648979,0.9991185
0.027408333,0.51608527
0.0023750723,0.67747295
0.0027408334,1.2116022
1.9556496,2.0971394
0.51442695,1.2686466
4.042378,1.2778829
0.045046102,0.47463036
2.2671227,0.9221701
2.203136,2.0229793
1.9103163,1.171506
0.0019033565,0.2995672
2.0554435,1.5673021
0.0024285866,0.6399744
0.64272857,1.2306153
1.9283515,1.4077338
2.6989834,1.9789056
1.2465016,2.0230985
1.389994,1.698294
0.7643137,1.1744553
0.5428704,1.1133311
2.6037917,2.175827
0.84509027,1.3805884
1.489683,1.2454886
0.72120345,2.22786
1.8109077,1.1921325
0.0,0.2417874
1.5488625,1.1884166
0.56336164,0.8795528
0.513084,2.0579112
0.53973335,1.1020421
0.01265,0.50811106
0.6882212,1.5486375
0.0025675255,0.29639766
0.69671565,1.1627911
0.0014201209,0.4550123
4.502731,1.7193345
2.5622172,1.1775825
3.2305,1.0180595
0.98288226,0.95883125
2.0130415,0.501228
2.0834236,0.83455443
0.6336481,0.79896957
3.3369935,1.9875675
1.4549085,1.234141
2.1013055,1.0063201
0.005639575,0.3865759
0.0054453644,0.42340362
1.4671189,2.1972148
3.2434182,1.063789
1.2203438,0.8171893
0.9306159,2.0361583
2.6402128,1.0559629
1.51276,0.8282698
1.2409738,1.8895308
1.2951983,0.92522746
0.0,0.27893603
1.8149967,1.3875667
0.0012021199,0.3701292
0.5499738,1.0630745
1.3782032,0.95348394
6.1238046,1.7077909
2.5927653,1.3088732
4.8443403,1.1686788
2.3070538,1.132403
3.1909945,0.5414574
1.805451,0.8749481
5.3599424,2.0019863
1.8834791,1.0139705
5.1836143,0.9636164
0.55752563,0.38868496
0.5202732,1.0144483
2.6598907,2.2354093
4.8381143,1.0643218
1.3802679,0.722602
0.003945829,0.82558924
1.3353565,2.0319436
4.3748617,0.9900431
1.4841231,0.689781
1.4102614,1.899058
0.01147993,0.3775538
2.5243201,0.8804999
0.0047833044,1.3711272
0.010578655,0.6908404
1.2087646,0.9916726
0.62139916,2.0824294
2.1556737,1.0075685
5.1569185,1.8271749
2.9787376,1.2967876
4.2290926,1.1305352
0.5521679,0.50772524
1.4740072,0.9830346
1.2527893,0.4449566
1.712105,0.91912884
5.3600535,2.1077516
1.8721014,1.2302837
0.0072127194,0.47063228
4.463643,1.0480975
0.0035595237,0.54632574
1.7054074,1.1118457
2.26941,1.0189306
1.2460427,0.9200128
0.03915476,0.6487732
1.0772265,1.0254135
1.1094948,2.3070936
4.8809805,2.8936064
1.823901,1.352547
1.0081769,1.5928652
0.71452737,1.33169
0.8147127,1.1768594
0.6490915,0.8194515
1.1051606,1.5547847
1.4560572,0.8520501
1.2963041,0.86678535
2.7270608,2.3989265
0.9362183,1.8959185
0.51801753,2.6017356
4.0956144,2.5096898
1.3068584,1.5674891
0.87595016,2.588075
0.5523027,2.1887398
0.58944,1.1148764
0.76936924,0.75772613
1.1079372,2.503037
0.052393597,0.41554913
0.09795184,0.29106745
1.3952602,0.79665625
1.1929021,0.6928752
2.3167088,2.3032427
0.76143515,1.8561276
1.4695616,1.8229839
3.3474925,1.5211297
0.9502758,1.4846367
1.8164443,2.0024765
0.8226224,0.95867115
0.6847774,1.2138623
2.893647,1.7511104
1.4929659,3.2726862
2.723474,2.3958492
1.7133008,1.788946
0.0015484934,0.4026012
3.1097007,1.2480674
2.8070314,2.5943298
3.087516,2.1109612
2.5380745,1.5654022
2.3441632,1.1491687
1.0337634,1.6336612
1.6004244,1.8443427
0.6453785,0.9043097
0.8172188,1.3277907
0.00078309525,0.21941072
0.0013219453,0.32463798
0.63402146,1.4036837
0.0119617125,0.8256163
0.24090232,1.474111
0.14677595,2.1926618
0.0019775133,0.658893
0.9907056,0.8309615
0.017887544,0.930633
2.0976202,2.9244447
1.1729206,2.4248652
1.0888283,2.1224308
2.7643712,2.0249946
1.4859946,1.8357829
1.5622451,3.9418848
1.5660393,3.817119
0.59558433,1.5195084
0.57217324,0.6101522
1.6386541,2.7955322
1.9711056,3.9248927
1.533841,2.5427294
0.69373196,1.0714234
0.5464916,1.2108761
2.5019808,1.1430048
0.7832865,0.64076525
2.0147426,1.6056116
1.0324117,1.3772687
1.5010374,2.583988
4.137547,3.3068662
2.0072575,2.444592
1.3281227,2.4783382
1.0463945,2.1576855
0.85719836,1.803983
1.3165417,1.44508
1.848087,2.5114968
0.5285607,2.2657952
1.3238478,1.0328001
1.0944448,1.4819437
1.3283811,1.1372064
0.62342346,0.8232346
2.7972274,2.9059124
1.3828124,2.687179
1.2645087,1.0835723
4.9270954,1.3288141
1.2265606,1.6513237
1.044412,2.4385357
0.54493034,1.042935
0.006717141,0.2352119
0.5950035,0.94684595
0.9140487,2.3972483
2.1800332,0.8158349
2.1947317,0.79061025
3.6523938,1.0545229
1.2699659,0.5881735
0.6033328,0.962045
0.5073537,1.111161
1.2078762,2.017442
4.4904428,2.5943036
1.1554971,1.5125114
0.8320016,1.1983652
0.8306862,1.1849574
1.3192332,0.82708925
1.2966224,0.7606943
2.959163,2.160995
1.1703275,1.8100682
0.59707457,1.0498492
2.8424633,1.1408128
0.0063048685,0.32475516
0.537207,0.73852235
1.6362474,0.8941465
0.0049726395,0.22322874
2.1545272,2.2579603
0.625791,1.2189794
0.58074266,1.60067
0.6239193,0.78718346
0.5400904,0.67690295
1.5586663,2.0901554
1.3610103,1.4063054
3.9886508,2.9180164
0.97695374,1.7102205
0.9971449,1.1697468
0.6326757,0.98422974
0.5385964,0.63364595
0.8432984,1.1348437
0.013006426,0.55011755
1.5600648,0.7301468
1.4660459,0.7056603
3.2131934,2.3930073
1.3047467,1.6783084
0.001296138,0.3797382
0.0022020622,0.0028555898
0.8851706,2.084683
3.2300766,2.94773
0.89070684,1.2521774
0.59866136,0.8246966
0.8809724,0.7879906
0.8495065,0.616533
2.0473156,2.4100175
0.7268413,2.0370555
2.0404298,2.5301247
5.593379,2.7351289
1.6398681,1.8030214
1.1987582,1.4702259
0.705574,1.179089
0.6857567,1.0288157
0.77364206,0.7016038
1.2051517,1.4341754
1.875533,0.7333396
1.859114,0.7695641
4.118534,2.3097467
1.7962466,2.068902
0.8471172,1.8447168
5.2674055,2.6730587
1.5884292,1.5587925
0.9026536,1.4013909
0.6634621,1.2166467
0.65823066,1.2310587
0.60904545,0.98834646
1.094695,1.4188653
0.023434075,0.5211822
1.4434493,0.9033602
1.2407655,1.0996441
2.3735058,2.1568208
0.64627606,1.7854892
0.5298806,1.9549353
2.937379,2.2643096
0.6019207,1.4665502
0.75138783,0.86693203
0.66531897,0.84050244
1.3319668,1.8203839
1.3076264,2.2065117
4.95296,2.3422585
1.4079434,1.5924865
0.97358555,2.5014195
0.021926668,0.40942028
0.5638147,2.2139416
0.62893856,1.1838207
0.10573754,0.3638422
0.64289445,1.1257149
0.91280055,2.471836
1.9413313,0.81988066
1.9431126,0.8776468
3.239967,1.9380577
1.420474,1.4377332
0.69057435,2.1504173
0.54915553,2.2473614
2.7873337,2.5592377
6.2749467,2.3814735
2.608237,1.6080538
2.2967675,3.7866247
3.0542798,3.6770065
1.2801889,1.7571968
0.83470833,0.5251774
2.80032,2.39992
3.4116507,3.7594848
1.2636516,2.3798375
1.2591828,0.9994337
1.0666678,1.144349
2.6638978,1.0813035
0.8621685,0.48823625
5.2648444,2.1623025
2.3182144,1.9499604
0.6911395,2.316578
1.7281405,3.173172
3.3917813,2.951748
2.2845972,2.7974582
2.2430146,4.1816654
2.4247785,4.0683312
0.95938236,2.4471488
1.1921493,0.98298675
2.5025902,3.2711277
2.627724,4.1614137
2.2693672,3.2173285
0.7033424,0.753912
0.8978108,1.52925
0.7844492,1.8542628
3.4564333,2.0973332
1.3152096,1.9526049
2.3654547,2.7820497
1.4409178,2.5381763
0.0031870154,0.15060696
2.3145735,0.6199468
3.479793,0.79670554
2.0006373,0.85686547
0.77384806,0.7889608
0.70528555,0.55542845
1.7974768,0.8077973
2.8836317,0.5967771
1.699978,0.5336855
2.2753267,0.5598954
2.5619824,1.1724331
1.4688969,0.74647486
0.55989784,0.6712815
0.78636193,0.363531
1.3857437,0.70651
2.2728646,0.55236405
1.293038,0.33625147
0.6728781,0.37774047
1.9789746,1.590561
3.2838006,1.7712206
1.0863667,1.0221089
0.002514526,0.20871405
0.97140735,1.7809993
1.9041579,1.2340021
0.59369695,0.86782247
0.0057701753,0.13694005
1.5601667,1.60875
1.5086364,0.7867207
2.5305989,1.0179214
1.4994895,0.71674544
1.2864633,1.5849082
0.22808333,0.69777524
1.0599506,0.8822716
0.24091925,1.2667731
0.0029025467,0.57974964
0.91195,0.57865006
1.0906738,0.7778984
0.5858203,0.49730423
0.78565073,0.5950306
0.9545061,0.5963138
2.4353426,1.4881582
3.3099654,1.8198904
1.8037102,1.5869335
0.2748241,0.3077819
1.6024433,0.70467407
2.593097,1.7693437
1.1756341,1.3445507
2.3774705,0.69909585
0.6022507,0.6335619
1.8226541,0.52205044
0.0038173166,0.36796126
0.004050493,0.09860494
0.027761664,0.13886255
0.76454824,0.4636077
2.5470254,0.717335
3.880642,1.2381283
2.6136343,1.171773
1.2258083,1.0682405
1.1609328,0.79084665
2.220299,1.1446462
0.8064981,1.1332344
3.2935166,0.75361043
1.7380384,0.75977117
1.0742917,0.5999935
0.72976273,0.4635471
1.5991344,0.2645647
3.6438518,0.31252566
3.3628137,1.2576109
1.9557984,0.795769
0.7579588,0.71746534
0.54988503,0.45636213
0.70623404,0.36699495
1.5911126,0.74702394
0.52986795,0.68988514
3.0093672,0.5842522
2.0175772,0.32228512
0.501955,0.25830418
1.9105879,0.21089123
0.0036063597,0.18889631
0.64398444,0.17059436
0.66899914,0.37565818
2.1153045,0.5191827
2.5185597,0.91364247
1.3036528,0.5904073
0.044873998,0.2069447
1.4021337,0.56550115
1.8471048,0.6283141
1.1717265,0.40652415
0.9024779,0.38217184
1.4246594,0.3065858
1.489304,0.9174153
0.7512551,0.54508156
0.026765438,0.1081744
0.68268955,0.4997947
1.0798675,0.5079033
1.0816939,0.5031163
1.4989126,0.81441873
0.7892279,0.5169921
0.89553124,0.4761822
1.0653658,0.52940136
0.57253426,0.28012815
0.004350529,0.22701196
2.0351934,0.55518436
2.6513326,0.95043933
1.5258669,0.6191322
0.5871645,0.5637979
0.5181059,0.4157081
1.1581267,0.58465046
2.1408176,0.5393794
1.2148507,0.39815798
0.0049833334,0.21851812
0.57586277,0.39940062
0.001539794,0.13098963
0.6719345,0.767695
1.5117558,0.51209116
1.9328533,0.77016735
0.94901353,0.48685995
0.87445635,0.47183946
1.4335414,0.599837
0.8093948,0.36041334
0.517923,0.35815015
1.0550668,0.39802748
0.0018394855,0.15802248
3.0341783,0.55541474
3.198734,0.98207974
1.7448443,0.6895676
0.8068397,0.6374311
0.83583206,0.4557872
1.8567678,0.65506667
2.6261208,0.5331588
1.5713524,0.41646376
1.4082037,0.38227257
0.5733412,0.41689765
2.5229568,0.49856904
3.0687807,0.8580312
1.4830351,0.70925796
0.64925855,0.6612593
0.58307165,0.5583394
1.4341279,0.681537
2.4368272,0.57651204
1.4019412,0.57514197
1.0803347,0.45119685
1.5942167,0.88069206
0.90231454,0.5223956
0.66877687,0.50657517
1.3618804,0.6233291
0.59198016,0.41726962
1.1605289,0.44076645
0.0011018425,0.18386053
3.3919265,0.5905074
3.0885365,1.2212718
1.8881538,0.81273156
0.694446,0.74698746
0.5414444,0.49289343
0.6911173,0.42024693
1.4783448,0.76688176
2.875084,0.62105525
2.0114172,0.3603865
1.4590999,0.39154425
0.0011232924,0.20677675
0.6326625,0.42608565
0.69178635,0.5989429
3.380361,0.70720035
1.9586279,1.2486895
3.7556825,1.6182972
2.759444,1.3850697
0.68822026,0.33233482
2.4325533,0.63848335
3.1673653,1.5556028
0.60140586,1.1690093
2.1955068,0.64093655
1.558849,0.45923337
0.007543578,0.2675459
1.3513831,0.46927458
0.6237153,0.51517314
0.7268284,0.72527164
1.2994311,0.96666604
3.1776726,1.6962191
3.9303281,2.5152643
3.0412412,2.22575
0.8025789,0.5590349
2.3019586,1.0370249
2.9746842,2.3286867
1.7527277,2.0913587
3.2514405,0.9873494
0.96506184,0.92624646
2.53658,0.790044
0.53876954,0.55542713
1.61161,1.0428922
3.7418334,1.2945708
0.0,0.3691446
1.081518,1.5817199
2.08725,1.0308377
0.048367646,0.8820557
1.6504583,0.7305344
0.76833194,1.3844332
2.7231505,0.8991143
1.4792439,0.6430331
0.664125,1.1469443
1.397825,0.70389295
0.0046454803,0.19416271
0.0,0.27972898
0.0,0.18198852
0.0,0.2922856
0.759,0.8042284
1.3116845,0.9945857
1.5896833,1.2316374
1.0963334,1.5724585
2.4496198,1.1044517
1.5531389,0.75342864
0.84716666,1.2818158
2.4035,0.9453987
1.0530571,0.6574608
0.03426042,0.45206288
0.0,0.25688103
1.5074583,1.35915
0.5024861,0.70290655
1.0963334,0.9102359
0.0,0.19263425
0.012458334,0.28199643
4.019889,1.1141483
1.7012069,0.8875434
0.5285893,0.28037456
0.0,0.09080207
0.0,0.12730928
1.4599133,1.1921335
0.0046064425,1.4310374
0.0,0.23005848
0.31671852,0.9828773
2.6449041,0.9996329
1.1166358,0.8410608
0.014488987,1.3693715
0.0,0.7782649
0.6395278,0.95768476
1.2117368,0.7470194
0.5090119,0.81446236
0.0,0.1771933
0.0,0.28881994
0.0,0.3440221
0.0,0.14654915
0.0,0.69126564
0.0,0.31151572
2.451523,1.230939
0.024916667,0.2616389
2.4439096,1.2186733
0.0,0.5130821
2.2513988,0.8739272
0.9065833,1.6377772
1.8438333,0.7770131
0.00978869,0.48717153
0.6166875,1.0901159
2.140591,1.1046299
0.7491611,0.20090383
4.493524,1.2976071
0.6287794,0.8162497
2.437899,0.8156733
0.0,0.2640125
0.7308889,0.56508255
0.0,0.97158176
0.0,0.9044866
0.7867207,1.5830439
3.460302,1.111956
2.3790433,0.74775594
0.0,0.28170174
0.88816875,1.2925786
0.13704167,1.0413438
3.206775,0.99624336
2.1428332,0.6957546
1.1746429,1.137475
2.9516666,0.82522255
0.021926668,0.42666495
0.01713021,0.361783
0.0,0.58315426
1.7288333,0.91501886
1.8993495,1.1978052
0.019933334,0.44593266
3.3359857,1.4485316
1.7815417,0.8496678
0.0,0.23123644
0.55673176,1.6217049
2.7408333,1.0499074
1.56975,0.7581752
0.5481667,1.5200583
2.561625,0.96585935
1.6559201,0.70972234
0.62377584,1.3243192
0.84608334,0.788866
0.0,0.20082194
0.0013568482,0.2470683
0.017380895,0.5261882
1.9968928,0.8808427
1.3480425,0.76598054
0.0,0.14209026
2.1281765,1.059271
0.0,0.22522458
0.010748366,0.1882314
0.9629461,0.9028205
0.57676667,0.614953
0.0015572917,0.22997105
0.0,0.21952333
0.0,0.38046134
0.0,0.7488232
0.70294315,1.0517834
1.7612392,1.33508
0.897,0.7906119
1.1991146,1.0759674
1.153434,0.9517895
0.6173048,0.667539
0.50395966,0.7468229
0.0,0.31781572
0.0026870915,0.47733358
0.003703829,0.33375755
0.25378087,0.8352675
0.010963334,0.73267484
2.1231809,1.1268469
0.6578,0.15071322
7.556869,1.3375062
0.0,0.10184797
0.0,0.1297648
0.015226852,0.12214651
2.0708518,0.97011787
1.5160234,0.6942944
0.54193753,1.3945918
0.0,0.6825978
5.5913,0.86644363
1.4008703,0.6288822
0.8803889,1.194948
1.9185834,0.6979248
0.0,0.15112777
0.10278125,0.54200315
1.6335367,1.2745767
0.022840278,0.34571135
0.0,0.26167876
0.0,0.24911816
0.0,0.34294
1.8363583,1.0516557
1.6866667,0.96091086
0.8112867,0.69856274
2.0448465,1.1363763
0.50756174,0.17793034
4.4108295,1.4768946
3.2567549,0.89909166
0.0,0.12371396
0.0,0.36286014
2.4882467,1.1440204
1.9778446,0.81813854
0.644902,1.5520821
2.8248267,1.019384
0.0065257936,0.44168136
1.965925,0.7404255
0.9417222,1.3138813
1.8119954,0.8290714
0.0,0.16834138
0.005374183,0.31492507
0.0,0.16798185
0.004420699,0.31200776
0.006136194,0.2690231
0.0024916667,0.17513607
0.740025,0.8801301
1.612764,1.0805672
5.1484675,1.3213176
2.0784652,0.7972873
0.0,0.3560945
1.2578467,1.5682198
3.0149167,1.0201211
2.3484614,0.72481304
0.008305555,0.39275032
0.86310714,1.3978003
2.7646668,0.90182483
1.6935896,0.6478422
0.9592917,1.2068237
1.1847473,0.7432435
0.005075617,0.16816227
0.0050444785,0.37095985
0.0,0.31862327
0.0,0.3505979
2.6354167,0.7995978
0.530194,1.2012268
2.8353448,1.4791797
0.7765694,0.8899128
2.9318612,1.1185194
0.7153575,0.80480474
0.01713021,0.98577553
0.79339916,1.0309261
0.5943605,0.7515633
0.0,0.6375348
0.5329398,0.87823176
2.139187,1.2116162
0.98213196,0.2165855
3.8969667,1.46534
0.57100695,0.8592412
1.61161,0.8800157
0.014425439,0.5069023
0.0,0.3483118
0.89823353,1.7372528
3.8020277,1.1818272
2.1165323,0.82256716
0.0,0.27433512
0.8611271,1.5864711
2.9618683,1.0719085
1.6512675,0.7620036
1.10825,1.3878772
1.8119954,0.8679046
0.018408582,1.5837692
1.774329,0.9579639
6.3671665,0.990979
3.864575,0.94772726
1.8869584,1.4851799
3.502176,1.2616607
2.226927,0.84400475
1.3992676,0.9708886
4.6594167,1.0926737
0.0,0.34461036
2.8524969,0.74212795
0.0,0.15130062
1.2059667,1.0886925
0.7308889,0.99803126
6.495775,1.3562297
2.6312,1.2826849
0.56339353,0.8827301
0.6395278,1.3072027
2.055625,1.0937622
0.8989933,0.7679127
0.6779956,1.1416119
1.3205833,0.9116021
0.017875,0.79431415
0.0,0.53584796
0.0,0.2179941
0.0,0.3625739
1.299358,1.1152307
3.3598552,1.8933395
0.57308334,1.4758307
0.6861448,1.4041586
0.45488304,1.2604606
0.5800368,0.736606
0.5513211,2.1772478
0.9515518,1.470574
0.0071274624,0.31687054
1.9702809,2.2370372
4.071373,1.5718788
2.2276742,1.1172434
0.83591235,2.137847
2.7403314,1.4361062
0.9941651,1.0137756
1.2022779,1.9798068
1.468784,1.2920581
0.005958333,0.35825536
0.0073088887,0.36231026
1.3491408,1.5373031
0.03559524,0.8012088
0.7369953,1.6996466
0.5451213,0.79852057
0.7554422,1.0472919
0.007027778,0.97930235
0.52525294,1.0157177
0.0027136963,0.26843205
1.0371562,1.9486706
0.012974359,0.9150365
1.5357509,1.050537
0.006599117,0.74425596
0.53699857,0.7093038
0.7713542,0.9852509
0.0016314484,0.18968154
0.007613426,0.22843729
0.0069879605,0.35538378
0.004249354,0.23665355
0.00235409,0.35909054
0.0141767245,0.7043041
0.003806713,0.66166675
0.0053048385,0.3296602
1.322049,1.6914788
0.64398444,1.1913474
0.6068226,1.1345571
0.71753377,0.95997274
0.5813542,0.4165017
1.5408403,0.93188614
0.004906863,0.61228186
1.4746789,0.98501974
0.0068520834,0.10770469
1.560392,0.90498656
0.05451839,0.39426562
0.25923154,1.8458539
0.8752694,0.78575057
0.0,0.19400977
0.0072127194,0.28008553
0.009728267,0.24512513
0.5429591,0.9390468
0.012638287,1.0322719
0.013704167,0.8266688
0.0078590205,0.314739
0.9588793,0.92897457
0.8423337,0.8823326
0.011505747,0.5921884
0.59869367,0.75880796
0.0114076305,0.59480757
0.01010051,0.18410581
0.009781413,0.185971
0.0017237946,0.20141383
0.003513889,0.6485104
0.00602381,0.40843233
3.8660784,2.107761
0.934887,1.283502
1.3569921,1.37551
0.670987,1.0842019
0.7443684,0.64849764
0.012411321,0.6661882
0.70121604,2.2809806
1.2891368,0.8420003
0.01270585,0.46003202
1.3470905,2.3228493
3.1035907,1.1539841
1.6886381,0.79327697
0.6518823,2.1893392
2.5162714,1.0839398
0.016412176,0.44121012
0.021594444,0.6473884
0.06003213,0.4904323
0.011550209,0.46439418
0.98440534,0.75147796
1.4132061,2.1089962
1.4644452,0.9734478
0.010408228,0.15865996
0.011956655,0.21312569
0.9709548,1.6125194
0.682998,1.1158974
1.1285784,0.92922455
3.0593119,1.6158899
0.99759525,1.3346914
1.000207,1.1485242
0.71916306,1.0702168
1.3079282,0.54594094
1.0731714,1.8736246
0.84956414,1.0721661
1.583414,2.0673258
4.470334,0.96684986
2.2471673,0.7295532
0.01957738,0.66604227
0.011187075,0.95820916
0.79379845,1.9018974
2.7998288,0.97991085
1.5221798,0.7181407
1.2595769,1.7316256
1.5332055,0.82039875
0.010027439,0.12614316
0.009045655,0.2309433
0.8441509,1.2774118
0.019253789,0.2502078
0.00788729,0.15495388
0.009353412,0.35540363
1.2628816,0.82812095
2.8460863,1.9874918
0.52501774,1.3385488
0.63596827,1.3493425
0.57951343,0.72014207
0.724397,2.1186304
0.6766018,0.8631947
0.0063152844,0.42648622
0.7813698,2.1402411
2.458049,1.1000026
1.6116782,0.769149
0.02787288,0.23835237
2.1970172,1.049825
0.011183071,0.8085689
0.92775995,0.7427476
0.757895,1.9724852
0.96597666,0.93770754
0.0052372613,0.2608877
0.6530533,1.4501553
0.006652508,0.674197
1.2673936,1.4870598
0.017176216,0.28277588
0.17365585,0.49063736
0.006909664,0.34685758
1.9780787,0.93570274
0.011094827,0.25146222
0.008274214,0.5146006
1.1835259,0.94086987
0.3234667,0.67209226
0.019145528,0.78340334
0.008014132,0.30140042
0.5430436,0.77620286
0.004934397,0.34435537
0.0055557434,0.17473757
0.008206088,0.16117848
0.009500515,0.36802074
0.009578181,0.5334138
1.2365713,1.6658436
0.0027047698,0.45103556
1.5386286,0.9719507
0.53454113,0.6907603
0.011575163,2.02471
0.9628257,0.9825033
0.006252852,0.123772874
0.012767857,0.19767895
0.007515996,0.95579517
3.5146966,2.0017214
0.76418877,1.1810735
1.248158,1.2622963
0.5622089,1.0615427
0.8522532,0.6073423
0.61273885,2.0790174
0.84704804,0.7512521
0.0040306374,0.22942166
0.0043853335,0.36418536
0.87695026,2.1177657
3.2976813,1.0517257
1.4884981,0.71580726
0.01495,0.29102674
0.6196234,2.054458
2.704647,0.94292855
1.2022685,0.65158653
0.011871783,0.36256012
1.2577933,1.9382379
1.5954851,0.8381808
0.00934375,0.19844638
0.007281151,0.48871312
0.9936101,1.4978346
0.010609677,0.35407445
0.6351071,0.84971637
0.58658075,1.7497097
0.030771758,0.990382
0.002875,0.4633189
0.0059843524,0.5222314
0.018272223,0.70739704
0.009906626,0.26567194
0.0060907407,0.4600962
0.01749468,0.421502
0.0065257936,0.32308534
0.005910991,0.33072874
0.0064744093,0.43188536
0.0051713837,0.32904592
1.9044762,1.9758825
0.053458977,0.98732
0.0072127194,0.0908549
0.70867634,2.1610048
1.8272222,1.1038979
1.1797764,0.75430095
0.011813937,0.67487484
0.0082225,0.39220342
1.4837784,1.0468667
0.5683511,0.726911
0.6349804,1.9858887
0.9036185,0.9222774
0.003943645,0.17075214
0.009290961,0.12854025
0.019122094,0.6027011
0.5329398,0.88923615
0.021169038,0.3917483
3.1639528,1.9136921
0.7364389,1.269794
0.9910996,1.2898697
0.87219405,0.61864084
0.85048026,2.153279
0.99240243,0.8676751
0.9438404,2.204662
3.4391828,1.1419133
2.0643275,0.8051625
0.6229167,2.100681
2.8813436,1.1022564
1.4206104,0.78043824
1.0719926,1.9701263
1.5895585,0.9870519
0.010289818,0.25387803
0.02380536,0.308784
0.007928031,0.47018325
0.88384175,1.3598403
0.010678572,0.28468412
0.011454229,0.38516435
0.88233435,0.92650074
3.4434059,1.983365
0.6300854,1.2619998
0.7872547,1.3562762
0.686443,0.6496611
0.8674286,0.7765962
1.9131867,2.188467
3.5630834,1.1246021
1.9214716,0.76508516
0.0066849594,0.38368982
0.003729025,0.14623572
0.8080203,2.1521916
2.730479,1.0384785
0.8703471,0.7154971
1.3802888,2.0781665
1.4001008,0.927758
0.0059974473,0.36443964
0.008758988,0.30919603
0.0066158045,0.34021094
0.006354446,0.34471664
0.0061179316,0.17955987
0.007716776,0.44541463
0.009370371,0.43353435
1.175948,1.0243605
1.3459934,2.157029
0.008628017,0.74815756
0.69056594,2.1969342
0.010997171,0.48391786
1.9592414,1.1604053
0.8019389,0.8063362
0.010235477,0.8879717
0.009529388,0.4481041
0.9923784,1.129109
0.0021412761,0.24050789
0.0,0.2653245
2.7709594,1.7542496
0.88785684,1.505681
0.9234417,1.3024491
0.6020104,1.1994535
1.0995278,0.65804
0.010496808,0.80082196
0.85901725,2.0388498
0.87436444,1.2315131
0.0047255745,0.18573828
0.010176362,0.5724846
1.7490845,2.18437
4.0464616,1.0841213
2.0814135,0.81948394
0.016581554,1.1672941
0.77173954,2.0693421
0.15659153,1.1544034
2.4920416,1.1090342
1.2129956,0.80689144
1.2716854,1.8876463
1.3881661,0.95972925
0.7269467,1.3535295
0.03800901,0.65957636
0.017814344,0.47586855
0.004831597,0.34809276
1.5703802,0.93361527
0.0044411654,0.38006535
0.01257263,0.49284726
2.1891527,1.6991918
0.82519716,1.2263008
1.2130482,1.1778827
0.95311207,1.0425688
1.17975,0.46850488
0.0148884775,0.5428965
1.8093268,2.0316465
2.1974752,0.7802264
0.70675576,0.88774616
0.008701058,0.48137638
0.0,0.3285614
2.0211182,2.2104728
4.0022516,0.990042
1.6291993,0.65600806
0.022168506,0.34204242
1.0710282,2.024989
4.152122,0.9325072
0.02296177,0.3896796
0.70822847,0.6481258
0.016474955,0.5741951
1.5845443,1.8691103
3.1389754,0.79577893
0.0,0.0930457
0.01957738,0.10281068
1.154337,0.9375532
0.02090466,1.9189478
1.8247192,0.8584834
2.5224233,1.85465
1.0082351,1.3525517
1.2974195,1.2378823
1.0504568,1.0623969
0.613345,0.5018542
0.53793967,2.170104
2.3982291,0.93464774
0.5081418,2.2885323
1.965378,1.0506762
0.020371059,0.39125645
2.6258683,0.9915996
0.70649636,2.0017042
1.4617778,0.86457855
0.016855393,1.2767714
0.009966667,0.4302644
1.4423163,1.0071515
0.68363315,0.9330814
0.0,0.25319165
0.0,0.13814767
0.0060907407,0.25397557
0.0055935374,0.18083493
0.0,0.24941814
0.015226852,0.23496805
0.0,0.1321465
0.021083333,0.32984716
0.0,0.13211896
0.0053220065,0.2770979
0.0091361115,0.24079596
0.0,0.1555908
0.0,0.25972444
0.01713021,0.18220149
0.014425439,0.12155672
0.0,0.20098461
0.007830952,0.22702183
0.0,0.1851554
0.005204114,0.265533
0.0021581366,0.22869352
0.0,0.13762178
0.002669643,0.28193748
0.0,0.14018533
0.0066849594,0.22162801
0.0,0.15918307
0.0,0.19244795
0.0,0.13532528
0.0035595237,0.18257017
0.0,0.45677504
0.0,0.15771085
0.0,0.13835932
0.0,0.1524422
0.0,0.11206858
0.0,0.44134346
0.0,0.22823577
0.0045680557,0.46217045
0.007944444,0.42298442
0.7126167,0.5852837
0.0,0.13733406
0.0,0.15766843
0.0030453703,0.48919955
0.0036063597,0.2439195
0.0,0.19064656
0.0,0.15628512
0.0,0.19071583
0.005958333,0.2221776
0.0020006082,0.19046374
0.006252852,0.47001043
0.010963334,0.42863506
0.0015842967,0.19982372
0.0,0.1429762
0.0023425927,0.26492247
0.0,0.21678583
0.004060494,0.13643783
0.003079588,0.16027315
0.003003653,0.25253943
0.0021357143,0.5080269
0.0,0.21127497
0.0036382743,0.45768324
0.0,0.18944977
0.0013240741,0.20783775
0.0,0.052110773
0.0,0.07250181
0.0,0.3123329
0.0,0.10741219
0.0,0.2072124
0.0,0.16566785
0.0,0.39554346
0.0,0.1243794
0.0,0.17088775
0.0,0.17570601
0.007407658,0.1869315
0.0,0.32580623
0.0,0.28897694
0.019122094,0.16372949
0.0,0.1935672
0.008770667,0.30724153
0.021083333,0.26381937
0.007027778,0.17891183
0.0010833334,0.24677359
0.0027408334,0.422407
0.0020227553,0.33262798
0.0030063984,0.5554612
0.0,0.14495663
0.008841398,0.20018877
0.0,0.21050097
0.0,0.538396
0.001702381,0.39468074
0.0,0.17347448
0.009616959,0.18938659
0.013704167,0.37395084
0.0,0.12140094
0.0,0.2081737
0.0064744093,0.2801942
0.0026870915,0.65668684
0.0026103174,0.15101391
0.009451149,0.2217906
0.0,0.29598874
0.004350529,0.1702814
0.0,0.10673596
0.0,0.20788358
0.0,0.35876468
0.0,0.26636717
0.004894345,0.17358537
0.0,0.2599199
0.0,0.12741219
0.0,0.24022478
0.007830952,0.20807023
0.0,0.14962345
0.014425439,0.053383775
0.0,0.15413672
0.0,0.20999922
0.0,0.20331317
0.043853335,0.12044507
0.0,0.12444207
0.0,0.16678847
0.003126426,0.33237913
0.0,0.581179
0.0,0.17859985
1.102994,0.8848464
3.7787857,1.0383896
0.76423234,0.564138
1.777214,0.66986626
0.5152767,0.27686536
0.007921483,0.34155515
1.461212,0.7966415
1.1348836,0.56063074
0.0,0.50541824
0.0,0.22473857
0.0,0.23192172
0.005790493,0.34531215
0.0013704167,0.33466354
2.810285,0.70519084
4.1122975,0.73160154
1.6067805,0.5152508
0.77959114,0.6417077
0.0015484934,0.18980072
0.0017265092,0.19419609
0.0031888695,0.4101647
0.0038969195,0.1996664
1.4413756,0.76469535
0.003513889,0.42830932
0.008841398,0.69194806
1.2272388,0.5823379
1.9704369,0.55425274
0.8496583,0.36780182
0.5193158,0.49598223
0.0,0.13093811
0.0072127194,0.15561096
1.9968928,0.49438682
0.8777192,0.335811
2.1584063,0.32141617
3.1561112,0.49027658
1.423465,0.3367407
0.7126167,0.41482317
0.5995573,0.46308735
0.96380955,0.52953607
0.004216667,0.24443728
0.010151234,0.22326271
0.6212556,0.55381554
0.009238764,0.4507353
1.690012,1.0701922
0.56158334,0.5108893
0.0,0.3021572
0.0,0.16315041
0.007543578,0.23722227
0.78158927,0.8922079
1.334857,0.47749415
0.005123053,0.35466397
0.00063152844,0.24149886
0.0054095397,0.43583375
1.8709167,0.40044835
0.51162225,0.35098907
0.0025856919,0.5653371
0.9299256,0.29477125
1.9955986,0.51534086
0.0029921762,0.5760236
1.7015427,0.36055437
0.25375444,0.30913734
1.0773915,0.3684573
0.0027299137,0.08362376
0.0,0.12457856
0.0022283199,0.10909548
0.0036642158,0.39026043
0.0026354166,0.17569053
0.0027619542,0.24850859
0.0027546063,0.13421859
0.0,0.17302121
0.002787288,0.12989406
1.2918036,0.94439524
3.3131838,1.0033245
0.537625,0.4184952
1.7175889,0.533871
1.5873994,0.5158455
0.87445635,0.36153737
2.2411158,0.66679347
3.2323713,0.47510424
1.3851236,0.33402357
0.5976539,0.84721667
0.72517884,0.44899908
1.4084839,0.5274815
0.71783733,0.56755555
1.7217903,0.50522
0.6453101,0.28448296
3.9086666,0.46079984
0.80231667,0.5539841
2.0202594,0.6220197
1.3165789,0.25529465
1.6875702,0.63751495
1.3436768,0.4458355
2.9235556,0.30769998
3.5051043,0.5913837
0.5792483,0.5344624
1.9865471,0.41016772
0.7330436,0.37414923
1.6445,0.5609383
0.6585277,0.62568384
1.0111717,1.0001516
0.018178998,0.43817967
3.7792418,1.1320765
1.3898399,0.54575235
0.5703896,0.23794396
0.0,0.2219222
0.63492686,0.53591794
0.5514167,0.37139452
1.9271933,0.90997463
3.2006342,0.50300723
1.2598286,0.35421386
0.63094354,0.47512734
0.0035457094,0.1756238
0.0014855466,0.26380304
0.0024471725,0.46534538
0.0,0.20013689
0.0016918725,0.21325378
2.1620917,0.38029537
0.63875353,0.6084308
0.5108071,0.28970268
1.7436627,0.57567936
0.0024362963,0.21256356
0.0046454803,0.2580497
0.00073480787,0.18156606
0.0,0.24041204
0.000593254,0.26127395
2.026024,0.70054036
0.52325,0.58206904
0.0065257936,0.15085311
0.0,0.12361796
0.987596,0.39759406
1.4955417,0.55132
0.0010113777,0.23505586
0.6050244,0.38333532
0.110145636,0.5627209
0.0051390626,0.15055631
0.002669643,0.44492313
0.0014275174,0.23638457
0.0,0.1501797
0.0,0.21778198
1.2900189,0.9372017
0.001166312,0.22205783
4.552829,1.0023156
0.6427907,0.38184717
2.0891242,0.46000504
0.7913051,0.1993425
0.004090796,0.24226788
0.0034153687,0.13577078
0.0,0.13423951
0.6735226,0.4703397
0.9389053,0.33399883
0.0038603286,0.3818986
2.2674167,0.79091424
0.09220315,0.3359057
3.7411323,0.42414856
1.7108246,0.3026093
0.69069,0.39664122
0.008565105,0.32862628
0.0033977274,0.4267212
0.0017913943,0.14533213
1.3459241,0.47329697
0.0,0.20408653
0.0,0.14390805
2.2535741,1.1808883
0.020054879,0.3073981
0.009966667,0.26972952
0.004216667,0.20851077
0.008841398,0.3759261
0.015226852,0.1026119
0.70153975,0.52261716
0.0,0.234863
0.0072127194,0.15334536
0.0027546063,0.25598514
0.0,0.2591091
0.9592917,0.9524254
3.0841296,1.0761561
1.1403824,0.52786374
0.0,0.4070379
0.59906787,0.531676
0.603444,0.37110874
1.1396097,0.8809985
2.2254794,0.49899516
0.7953791,0.3506643
0.0,0.18628629
0.0,0.15822338
0.0037545662,0.23026405
0.005220635,0.21099716
1.4711083,0.83196473
0.0037674685,0.2976363
4.477284,0.917671
0.77744794,0.4474044
1.9567641,0.5727045
0.7932604,0.21685444
0.2690635,0.40723804
0.8408529,0.55884105
1.029255,0.38841724
0.0033424797,0.35517082
0.0014895833,0.16954477
2.3359692,0.5391131
4.045584,0.521853
2.025261,0.3664891
1.0975735,0.50748265
0.004693208,0.36549613
0.0033390864,0.31026405
0.008681373,0.1355951
0.0028003405,0.18860237
0.0014128007,0.41224328
0.0029710932,0.2892962
0.76097727,0.5867523
0.0,0.17935447
1.5566528,0.8643322
0.11627778,0.21075772
4.5533843,0.94420487
0.8674286,0.43851992
1.6897833,0.569024
0.9026478,0.20929566
1.5784962,0.5738543
1.2783247,0.4028292
0.0046454803,0.15198581
0.0044931695,0.49093232
3.0948713,0.79294807
4.079625,0.5193967
2.0578353,0.3638702
0.53750193,0.8572469
0.83095104,0.47234306
0.0029872842,0.18870275
0.0033222223,0.3669724
0.0022840279,0.12663518
1.3362004,0.53390163
0.6755185,0.60319036
0.6578,1.0457902
0.0021496732,0.32303682
2.638052,1.1923623
0.91668206,0.6062849
0.84777737,0.6301092
0.010623385,0.22467335
0.5189497,0.4367791
0.0,0.5158299
0.008701058,0.3154634
1.1587751,1.1099906
2.0891125,0.5804031
0.740025,0.4045671
0.0030538533,0.8097764
0.0,0.1617374
1.7681799,0.67324555
0.044257082,0.5875346
0.55399823,0.28639373
0.036940742,0.46881503
3.9607193,0.66333765
1.0290146,0.63032633
2.4502273,0.67742425
1.1425779,0.29624918
0.0013790356,0.16763169
0.0,0.14109366
1.930118,0.6929044
1.3314307,0.48544362
0.005099225,0.23594503
2.5797167,0.3670685
3.6573412,0.625921
0.010374085,0.44731328
0.50314313,0.5576218
1.6888461,0.43564457
0.73470354,0.5020086
0.0077864584,0.36942235
1.3401797,0.6013598
0.0,0.4495363
0.006229167,0.17455964
0.8299311,0.6587139
0.002373016,0.43994448
0.0052980026,0.29368064
0.0,0.43107212
0.6066531,0.6684698
3.889373,0.43917164
1.3116845,0.39890543
3.371225,0.55912685
0.9189853,0.19868271
0.01713021,0.17546168
1.455344,0.53644586
0.93527406,0.34325302
3.2093678,0.31923065
4.990726,0.4675689
1.6886476,0.30678686
0.6680781,0.36748973
1.2126111,0.47685364
0.0,0.105016366
0.0,0.21783814
0.012458334,0.2510068
0.013369919,0.36584985
1.6735206,0.529061
3.09166,0.5745962
1.6866667,0.6048682
0.0,0.18609162
0.0,0.22272916
1.6812673,0.32506955
2.5458126,0.4708486
0.5581941,0.3160396
1.3011082,0.49523717
0.0051713837,0.16978799
4.032702,2.1180766
0.62914586,1.744758
1.7547634,1.6432658
0.0036302428,0.74151015
4.0361824,2.442618
1.5454338,1.7245157
1.9096134,2.3010173
0.6290437,1.8522426
3.3131838,1.668193
1.1914697,1.2844082
0.0068520834,0.54623324
2.1714902,2.157115
1.6532011,1.5482812
3.8525248,1.5529188
1.9377751,1.1358432
2.0664036,2.0281012
1.2773317,1.385866
0.0027967687,0.5683685
0.01661111,0.4745412
0.92138654,1.644392
2.7777884,2.0509593
1.8241769,1.2700038
0.5824271,0.8918227
1.7600449,2.2143507
0.5481667,1.4154263
0.64542204,1.3486489
0.015661905,0.37613544
0.018272223,0.8655061
0.007027778,0.21928962
0.0027408334,0.40857267
0.0057100696,0.2380499
0.0045680557,0.5964436
1.5565865,2.2198339
3.4199054,1.361405
1.3099571,1.0240148
0.039970487,0.5459505
0.0,0.13965996
1.9338756,2.0128276
0.8574893,1.2466332
3.0562468,1.2892323
2.0609643,0.9733544
1.7063898,1.9268727
1.4336667,1.0686802
0.104796566,0.93946785
0.018902298,0.6568753
0.024916667,0.22621351
0.94875,1.2671603
1.3462329,2.1548586
0.0,0.71598893
0.7054276,1.625163
1.0076014,2.3412786
0.0,0.44030908
0.5005985,2.1854296
1.3973757,1.6940746
0.6603562,2.1175838
0.63039166,1.4196494
1.5226852,1.4976674
0.008923643,1.2329105
0.65447,1.0624634
0.5156483,2.0550606
0.0,0.4635841
0.0,0.74518156
0.013051587,0.60140437
6.928257,1.8849744
2.2975073,1.2316538
5.703873,1.2240493
0.6667998,0.4728057
3.6321762,0.9025416
1.0746521,0.85547835
4.35488,2.16576
0.8801549,1.3170218
2.623369,1.2418648
0.039708186,0.9671549
0.5338915,0.4564437
2.2406313,1.3129736
0.0028550348,0.51603854
0.01842577,1.160992
0.021926668,0.6598272
0.99339277,2.0356824
1.083338,1.2000345
3.749708,1.1495354
1.201697,0.8225542
1.3265977,1.9597995
2.0646114,0.99091566
0.0032628968,0.327763
0.003806713,0.25733718
0.03087963,2.158778
0.7290395,1.1904739
2.1526544,1.3221244
0.5962515,1.2106501
0.014815316,0.6301488
1.3669473,2.2458172
0.0,0.3316711
0.00275,0.70662045
0.0,0.30046344
0.9563759,1.3183501
5.6655455,2.3258276
1.8283364,1.6330107
3.7049334,1.6692362
2.0562131,1.1334754
0.93395627,1.2598164
3.3128333,2.5654025
0.80702317,1.5895828
2.6817174,1.567671
0.5024861,0.8112052
1.6277194,2.410292
0.6578,1.7569219
2.9847674,1.7033749
1.3232813,1.2922217
0.008841398,0.87128454
0.026103174,0.2555341
2.2342134,2.2664638
3.227197,1.4799933
3.9821913,1.5569073
0.18442309,1.136419
2.6402934,1.1285411
2.8980281,2.2654583
0.934375,1.404194
1.5642805,1.3997642
0.92766666,1.0123512
0.0,0.62369186
0.0,0.26408854
1.5162525,1.8921282
0.09561046,1.0980316
1.1530403,1.6100721
4.6012135,1.7856028
1.3959523,1.291101
3.3722236,1.1358868
1.5949517,0.84482706
3.8766742,2.002614
1.3260796,1.1477679
2.610576,0.9890147
1.5348667,0.42100886
0.77020884,0.9568729
0.63261396,0.7747737
2.372215,2.1435726
0.99072325,1.2230393
4.5726466,1.0549971
1.8377287,0.7904509
0.006264762,0.38567856
0.0038603286,0.5779445
3.3353674,1.9377342
4.1757402,1.0838956
4.264869,0.9881565
0.5102081,0.96825606
3.830416,0.7621389
3.689306,1.832173
1.3418664,0.9308768
3.3618033,0.83001477
0.010748366,0.3170259
0.77295446,0.8855731
1.0200261,0.64382035
0.0,0.19978282
1.1615913,1.455089
0.0040705446,0.34117088
1.2822059,0.88937986
3.6191876,2.1253643
0.5574054,1.700099
1.9840589,1.6341776
3.2254446,2.3337626
0.62158185,1.3265151
1.8892173,1.2815243
1.0155278,2.1825185
3.11057,1.3757393
0.13356346,1.1447328
1.1536212,1.032234
0.0,0.51846766
2.0980592,2.1267414
2.3297083,1.217044
3.8867495,1.2746043
2.7181818,0.9171058
2.0856028,2.0711224
2.1294167,1.1409603
0.0,0.22171389
0.5095139,1.654472
0.0029791666,0.4432508
0.0015226852,0.61783475
2.9067678,1.6610907
1.6582222,1.0387348
1.9971423,1.9504724
1.0052233,0.96031255
0.0,0.2835971
0.57182664,2.1117659
2.7784526,1.0719649
0.8501311,1.8886486
1.300507,1.0434879
2.6069677,0.9658902
1.3837138,0.73622304
1.1024513,1.7628126
1.05299,0.795049
0.0028580118,0.21723211
0.0016550926,0.2617364
0.005107143,0.89603
0.0022792793,0.38357517
2.4645095,1.829575
1.3384608,1.2258196
1.7457138,2.1405468
0.9438192,1.1322255
0.0,0.11854791
1.715007,1.2103348
0.93508595,2.0855608
1.1707077,1.1708407
2.2744613,1.1220559
0.0133337835,0.43676004
1.3208016,0.8671822
1.1052709,1.927425
0.92171574,0.9262431
3.922206,2.137443
1.1291296,1.6272196
2.613534,1.5883985
0.8513911,1.0741775
3.7477918,2.3580647
0.5824271,1.506807
1.6503316,1.4482398
0.5791116,0.7789392
0.0,0.22667469
0.7765694,2.207727
2.5702927,1.6699876
0.018519145,1.0582174
1.0963334,1.2156304
1.7740058,2.118494
1.7967685,1.4583308
3.9779122,1.4786812
2.4044862,1.0492134
1.8361666,2.0643055
0.0,0.5393417
1.352619,1.319087
0.59915894,0.92765504
0.003383745,0.39893493
0.8078526,1.7040054
0.024471726,1.5365659
0.0022745505,0.81526154
1.1283404,1.9704406
0.0052372613,0.65778506
0.0,0.20449929
0.0023425927,0.539853
0.0028256015,0.58668983
2.548091,2.1312327
1.3497868,1.6238047
2.2686503,2.3447008
1.0905018,1.3521185
0.021083333,0.88469404
0.8167408,2.2178893
2.4565988,1.5436481
0.866457,1.1315943
0.0,0.58614165
1.3573261,2.13232
1.6735206,1.2402505
2.4701338,1.3859153
1.793,0.9835577
1.6740167,2.068993
1.2529523,1.2204572
0.0066849594,0.9874874
0.0,0.42326096
0.005481667,1.2884963
0.06525794,0.9759703
0.5971101,1.4764861
4.2485423,2.1145215
0.9225681,1.5634863
2.505265,1.5450169
0.24383965,0.8777612
0.60786283,0.9955078
3.8607526,2.3923235
1.0033407,1.373134
2.7542033,1.3438883
0.61179316,0.6857241
1.2684805,2.254657
0.5048904,1.4057316
4.875,1.4155551
1.9094851,1.0824999
3.0402496,2.1188517
3.129118,1.2079309
4.4287424,1.3060322
3.6552346,0.95626336
2.7592077,2.0313814
0.70043516,1.1330532
2.3097231,1.1424574
0.004350529,0.3760297
1.1175652,0.8390669
0.8244935,1.6407434
0.024042398,1.2128242
0.6916121,1.3837267
4.2779603,2.164467
0.72967076,1.5970705
2.3563335,1.6223649
3.8438222,2.38239
0.5938472,1.3680526
1.8190559,1.4283718
0.0,0.5504733
1.986805,2.2164774
0.7276549,1.4886876
3.5285788,1.646259
1.1687884,1.1652273
0.013051587,0.7648409
0.01661111,0.20037787
2.1819317,2.116619
1.7871352,1.2415401
3.613463,1.4464372
1.5865161,1.0199054
2.0099444,2.0869765
1.2294595,1.2999799
0.7809724,1.5323654
2.494938,2.2561312
1.3086861,1.8689525
1.6174043,2.3733578
0.7900049,1.4416391
0.68013275,2.2183132
1.6998523,1.4394233
0.73232865,2.1277223
0.7219412,1.1340709
1.888214,1.351278
0.042399634,0.46519095
0.8239657,0.96705157
0.6828856,2.0969887
0.5352382,1.2251099
0.0037674685,0.5573017
0.0,0.51777047
0.005038297,0.56988555
0.0029366072,0.5476374
4.034636,1.9193836
1.1606722,1.4742275
2.6057663,1.3558252
1.2012,0.91816866
3.54315,2.1458297
0.98570937,1.3334647
2.206905,1.2078893
1.0215833,0.5446544
0.50171185,1.0546719
0.53145427,0.9241964
0.0024471725,0.26401454
2.5193703,2.2424517
0.9201369,1.4368273
4.1233544,1.2144836
1.6661154,0.953778
0.0010003041,0.6105942
2.755025,2.074877
2.7942178,1.2962465
3.9856882,1.1930679
2.9645598,0.9137309
2.9362597,1.9560287
1.0963334,1.112574
1.8175247,0.9926269
0.5434573,0.9698862
0.85910153,0.7615076
0.8569355,1.5312155
0.0,0.32020238
0.0025652149,1.0633088
0.9358597,1.0567539
8.761966,1.9071757
3.1367314,1.4579676
6.509479,1.3236995
0.9698333,0.58958685
0.65257937,0.5542367
3.0981824,0.91675574
0.81452936,0.93046653
0.01957738,0.7626671
7.554663,2.1663465
1.74317,1.3834835
4.3522544,1.3492976
0.99091667,0.47414684
0.6608037,1.056067
2.4517088,2.2950583
0.8287758,1.4059063
5.173323,1.3919557
0.006739754,0.57754904
1.1812831,0.95956194
3.6620579,2.083109
3.4071393,1.2522811
7.3126564,1.2597116
3.5710049,0.8980024
0.007830952,0.4355453
3.7588573,1.9892411
0.96581745,1.0218511
3.0663073,1.0838027
0.7054276,0.7334737
0.0,0.3078486
0.9136111,1.5177166
1.4438318,1.2668339
1.2292222,1.3384361
8.045152,2.0602863
3.3199449,1.6789883
6.500028,1.401373
1.2188647,0.7240157
0.46383333,0.59558016
4.922591,1.0004886
1.8582587,1.0278314
5.618708,2.330306
1.134138,1.847639
3.528823,1.5327915
0.8097917,0.8091099
0.87119347,0.66896695
0.024916667,0.7082544
0.7221042,1.1711091
0.52412426,1.1385852
0.0,1.1577023
0.74777085,2.3585072
2.6439352,1.5233214
1.5663356,2.1434662
1.78365,1.4141766
4.166447,1.3703302
1.8123307,1.0304224
2.161521,2.084202
2.8380888,1.2255312
0.81430554,0.8868465
0.0,0.71316415
0.005958333,0.6509817
0.0,0.4242632
1.3212456,2.0857735
0.0,0.43399456
0.0016314484,0.8624046
1.379098,1.4009382
0.006374031,1.0790615
0.56298196,1.535507
0.0020646579,0.2553604
0.7695417,0.92718
0.0022032422,0.6443866
0.0037545662,0.25321293
0.0022465847,0.16579767
0.0,0.16167147
0.0,0.177745
0.0,0.19638674
0.0027896522,0.30592242
0.0053479676,0.49020696
0.8884868,0.66957897
0.5262915,0.45826587
0.012181481,0.06351311
0.0,0.1615531
0.004766667,0.14274551
0.0019033565,0.21447095
0.008527037,0.21902229
0.0,0.4242076
0.0,0.18271305
0.0017682796,0.12385344
0.0,0.36022362
0.0,0.33922172
0.0,0.17494613
0.0008181592,0.25124747
0.0,0.15677305
0.0,0.17257442
0.0,0.35782954
0.0019301643,0.1663462
0.0006903862,0.44089705
0.0024471725,0.25838688
0.0,0.14797176
0.6951087,0.7167444
0.003513889,0.16743177
0.0036254409,0.16407846
0.0,0.2624827
0.0020403226,0.39674062
0.0,0.4347026
0.0009625402,0.16986607
0.0026481482,0.3992842
1.107597,0.7429777
0.0,0.21143974
0.0,0.44735846
1.3973757,0.7333287
1.0154563,0.54611546
0.0,0.6957798
0.0,0.22895394
0.011963955,0.5102595
0.0012989731,0.3958634
0.5231362,0.8560906
2.438274,0.7286365
1.7333919,0.5122281
0.0066310484,0.43100473
0.0039015422,0.5363689
0.0,0.49565086
0.005123053,0.5386819
0.0030009125,0.22179991
0.0042825523,0.21327908
0.0065257936,0.5676116
0.82012534,0.6561646
0.0,0.1145926
0.6784906,0.7089324
0.004965278,0.46998262
0.0025456657,0.4128438
0.0018858945,0.25479132
0.0047255745,0.13887797
0.0055184565,0.14180706
0.0014324913,0.3925856
0.005958333,0.27891174
0.0009978762,0.1611517
0.0071190475,0.50974464
0.0014230703,0.53016496
0.0021926668,0.28336892
0.0013177083,0.053480692
0.002119201,0.13298321
0.007613426,0.44796982
0.0,0.16797219
0.0,0.10859694
0.00050198415,0.23647122
0.0026870915,0.16253804
0.0030453703,0.5775204
0.0010265294,0.17656319
0.003079588,0.32554272
0.0018272222,0.037622053
0.0018151214,0.17182511
0.80751437,0.63236946
0.7511271,0.44356853
0.0,0.10854441
0.0022651516,0.3891694
0.013208835,0.6318373
0.0,0.24389504
0.0014219629,0.3036034
0.0,0.22424537
0.003164021,0.17993261
0.005958333,0.34080526
0.09225244,0.8781653
0.71500003,0.6867562
0.0,0.68787974
0.0,0.20446141
0.011420139,0.3981388
0.0018519145,0.35671172
0.0072604856,0.42409316
0.003806713,0.50653285
0.0,0.1536575
0.0033022088,0.78050256
0.003299724,0.59596217
0.0020006082,0.10380102
0.0010265294,0.35544696
0.8716749,0.74069875
0.5087215,0.54942507
0.0,0.21263923
0.0,0.22741316
0.002905477,0.20637985
0.005270833,0.15757348
0.0030453703,0.24421847
0.0015311919,0.15226375
0.0015661905,0.3533604
0.0,0.23754767
0.0017682796,0.2344108
0.0011491964,0.38119438
1.2083104,0.7685833
0.65678954,0.57298017
0.0015059524,0.4837227
0.001986111,0.5948286
0.0,0.33821926
0.0006359242,0.49169943
0.0,0.22609477
0.001986111,0.4919862
0.003495961,0.5959545
0.0020705068,0.60721606
0.0030453703,0.2823387
0.030149167,0.7934231
0.55294716,0.71365494
0.0051326468,0.5802334
0.0010541667,0.6303783
0.00145789,0.51388174
1.2503127,0.7892136
0.75088036,0.5639623
0.0013704167,0.23861898
0.0011420139,0.2962456
0.0026103174,0.27986178
0.082225,0.65796477
0.0,0.5379332
0.0,0.16574629
0.00047916666,0.20530239
0.0026103174,0.16956718
0.5073861,0.7037554
0.0,0.33206144
0.0,0.4259509
0.0,0.025311375
0.0,0.028125595
1.8647037,0.6839777
0.8546417,0.46668094
0.003915476,0.31948325
0.001845679,0.3907751
0.1265,0.5421161
0.0,0.28168312
0.0,0.6387562
0.002045398,0.23761691
0.0,0.33846113
1.0022451,0.7268881
0.0,0.9417761
0.0,0.36359647
0.0015935077,0.36070088
0.0,0.26444563
0.005481667,0.13895735
0.0,0.077933684
0.0,0.19487824
0.0,0.33997658
0.0,0.25314566
0.0,0.65134674
0.0,0.36921892
1.1113061,1.3928367
3.3540661,1.6843518
0.52369493,0.7468619
1.3204606,0.8922463
1.4606737,1.0431942
0.59776676,0.7332809
0.0,0.41351452
2.3544006,0.88476175
0.0029954463,0.3828125
0.0047255745,0.5097056
0.001539794,0.41172892
0.0,0.65631306
1.2938346,1.2139243
1.5219601,1.4449677
0.0034694092,0.16906561
0.0082225,0.12174512
0.004894345,1.0156338
1.3841208,0.87855417
0.5048287,0.583939
0.0186875,0.36949742
2.0936005,0.6894724
0.030453704,0.44513845
0.005374183,0.26577166
0.0069388184,0.26177666
0.0,0.19718969
0.008305555,0.18722239
0.010259804,0.16202265
0.005339286,0.32933143
1.6360232,1.5800453
0.013051587,0.41917196
0.008841398,0.13213271
0.8782248,0.7934324
0.0062103476,0.7211191
0.0,0.30654076
0.0025378086,0.31209973
0.0,0.3391855
0.72160554,0.769272
0.026664216,0.5818544
0.86055875,0.5828851
1.0890169,0.8636768
1.2735938,0.5604652
0.94521713,0.8031899
0.54591084,0.8874169
0.006788442,0.35268608
1.7881526,0.7042615
0.0022792793,0.19743802
0.0037205883,0.2914302
0.0,0.13993673
0.8339297,1.0236654
0.0,0.30824456
0.006411306,0.32270846
0.0014656862,0.2728596
0.0,0.037949342
0.0,0.18405263
0.0,0.1297106
0.0022328582,0.1466222
0.0051090093,0.3425589
0.007341518,0.2760948
3.3232605,1.5242802
0.82003963,0.7247973
4.3502374,1.7961429
1.1543125,0.6819003
1.8158021,0.8916313
0.0,0.50327843
0.009616959,0.1653219
1.6744419,1.0843347
0.51262003,0.7579741
0.0,0.21113093
0.003011905,0.40759715
2.9043422,0.8255821
0.7738271,0.5816721
0.73252034,1.5585576
1.1080798,0.7463201
0.0,0.34844264
2.6152356,0.8430794
4.181163,0.8314328
0.8903344,0.44664237
2.3714166,0.6329115
0.60298336,0.18739809
0.0046383333,0.4965628
2.5589895,0.69100946
0.004397059,0.4482657
0.65825874,0.47093132
0.8592883,0.572006
0.71999586,0.46222004
3.73175,0.6466313
1.39002,0.45194533
0.9871798,0.534889
1.4738443,0.58924335
0.007027778,0.28666082
1.7184516,1.4313775
3.5346544,1.6044278
0.5113495,0.61943465
1.6590961,0.74438214
1.4923712,0.8624722
0.009259572,0.4169466
0.012211634,0.71031433
2.568097,0.7126145
0.7508639,0.5086054
0.6892628,0.6420373
0.008655263,0.25783354
0.0066044177,0.4202649
0.0,0.19498827
0.0029003527,0.320933
0.0,0.21550815
0.0031944443,0.39089498
0.00055821455,0.3749948
1.0332794,0.62655646
0.0070367996,0.28816378
2.1111996,0.61628836
0.50927234,0.36478794
0.8935487,0.610082
0.6758534,0.6882022
0.0034606482,0.18007882
1.4497031,0.5949896
0.0022726646,0.18257338
0.0016883984,0.1824407
0.007546725,0.29889518
0.0041976725,0.17972195
0.0018353795,0.2694343
0.004339931,0.4263452
0.0023627873,0.14619933
0.0031028301,0.36214676
0.8876404,1.1343093
2.1126459,1.3876053
0.74825794,0.65804434
0.52325,0.7615449
0.0,0.18607001
0.0,0.098143354
1.3111793,0.6488088
0.0042603626,0.17767052
0.0017251509,0.18697153
0.001539794,0.6623785
2.2796092,1.3982707
4.213605,1.6036061
0.60969555,0.626653
1.8642606,0.80495536
0.005270833,0.054884825
0.69610935,0.9801028
0.0,0.21065873
0.0,0.14052826
2.6046429,0.785041
0.6742833,0.5541578
0.0049833334,0.32930514
0.0054273927,0.4548001
0.0013468468,0.28783393
0.0012904112,0.22437772
1.0983711,1.3573643
2.754269,1.5631666
1.0827984,0.7301359
0.0,0.4473991
1.0439351,0.8797988
0.0045935754,0.36684015
0.0008181592,0.40498435
0.0057100696,0.5595814
1.636131,0.7036883
0.0031503832,0.12567987
0.010151234,0.72072595
0.10783607,0.8519369
2.3060596,1.4167072
4.1880465,1.670672
0.8338778,0.6070871
1.9324318,0.7551712
1.5619448,0.8833814
0.00145789,0.17304339
3.2400656,0.7151729
1.1195674,0.5092131
1.0459769,0.64304006
0.00433905,0.27442846
1.5944065,1.3308123
0.005054019,0.6039008
0.0014815315,0.49020353
3.6617954,1.5354329
0.55050427,0.55089796
1.2483832,0.7561385
0.0048387977,1.1157502
1.4804676,0.92071265
0.52544475,0.64061826
0.0047012577,0.51028794
0.0039477022,0.24017648
2.508833,0.739337
0.0022651516,0.4862176
0.0026870915,0.1483262
0.31821012,0.8591507
0.87923485,1.3971106
2.1434174,1.5803957
0.70463157,0.7311216
0.0035537547,0.35516408
0.0,0.25302494
0.7448772,0.8355712
0.0011916667,0.43990985
1.0892094,0.7141374
0.004621979,0.6100104
0.0046851854,0.36439195
2.2672405,1.2120539
0.15133436,0.66106135
0.004554255,0.35225922
3.929662,1.4083086
0.6669644,0.59441715
2.0954113,0.6972435
2.33176,0.7873948
0.7275501,0.5447578
0.0026959016,0.6172007
0.0018031799,0.51297635
0.6366124,1.1863824
0.5409739,0.56186587
0.0065867826,0.43125346
3.0459018,0.69185483
1.0634761,0.48940638
0.005985728,0.25319415
0.70591474,0.9876855
1.1853398,0.6261614
0.0,0.19253086
0.57841665,0.72597235
0.9607836,0.70180476
0.7837512,0.63066983
2.7740731,0.86036426
2.4409971,0.6364924
2.515869,0.90930694
0.0,0.34289855
2.458072,0.98393553
0.0012346096,0.28867644
0.0,0.404977
0.5600098,0.6685058
4.720571,0.7925642
0.01390965,0.44194007
0.59520674,0.5237778
1.5703769,0.7380717
0.0017855592,0.2586224
0.0048510325,0.4858608
0.002396357,0.3036717
0.0038940802,0.34251264
0.0019066667,0.704149
0.0020202703,0.38980046
0.5298945,1.0218248
1.8742464,1.055447
1.9170774,0.62386805
2.478413,1.2832094
1.7218056,0.81856567
1.7858694,1.0049262
0.8975164,1.0978831
0.008108974,0.36353195
2.474285,0.85870826
0.8111084,0.8244563
0.0046454803,0.2297726
0.013842593,0.22579277
0.009886773,0.64225453
0.0,0.50000066
5.8691864,2.3539205
2.9588177,1.5573441
3.569016,1.638024
1.1420139,1.3855971
1.9657187,0.8676745
1.3632905,1.256871
5.1742425,2.5873084
1.8852694,1.6015738
3.1695552,1.6901494
0.0,0.70291173
2.0231307,2.5836692
3.0287313,1.6368599
0.6550079,1.1033515
1.3611104,2.3668914
3.4449553,1.4810723
1.3214957,1.0162517
1.2346902,2.3995595
1.131623,1.4271023
0.0017972678,0.58226264
0.0019347059,1.0906056
1.9408867,1.9393486
0.002060777,0.87880915
0.5946854,1.3995498
0.66610557,2.5609941
1.3673713,1.7883254
3.7983673,2.2924254
1.4087883,1.0199496
2.6051667,1.2035569
0.53262585,0.50483733
0.9002551,0.8689374
1.6682725,0.44113564
1.5500344,1.0212126
0.028699826,0.6787661
2.8666978,2.5153422
1.573,0.8649637
1.4107231,0.99235517
0.550395,0.7312338
1.8643006,2.421828
2.7232854,1.1623309
0.74971133,0.7318748
0.016474955,0.2723237
1.1044682,2.2474914
0.29069445,0.8121249
2.698158,1.0326704
0.053486165,0.7065683
1.2825263,0.66344994
0.92290205,2.2109556
0.7506146,0.9454688
0.017265093,0.19738768
0.0124286,0.44457576
1.5395377,1.8795441
0.01426456,0.35917065
0.01872619,0.19746988
0.013051587,0.3856273
0.5721648,1.0276791
0.015741272,0.4313516
0.5174092,2.3633401
1.7613461,1.0202547
0.12964937,0.46589255
0.017726783,0.4269264
2.1822722,2.20928
1.1127455,1.30361
1.1353452,1.5134703
0.63094354,0.7384831
0.0085493885,0.74583393
0.6885185,1.2012557
1.830552,2.2876186
0.5674006,0.8928272
0.81450206,1.0190231
1.1913716,1.0900599
1.0912733,0.98227245
0.0035595237,0.41397586
0.5862133,1.8145937
0.016009541,1.9000195
0.5104306,1.0315946
3.759794,2.030941
2.2669737,1.0558366
2.4806864,1.2568628
0.77590644,0.8355884
1.0412719,0.34987152
1.2829251,0.99289733
3.5967577,2.271913
1.4062344,0.8603991
2.6542377,1.0754495
0.0033022088,0.76007897
0.63804334,1.1774777
1.5654167,1.0665816
0.62786084,0.96395546
0.025979463,0.77121586
0.518647,1.0731701
0.0050137197,0.48992476
0.0,0.4154603
4.1827703,1.4959358
1.134138,1.426324
1.617507,1.4228336
3.8897908,2.3112803
0.8584497,0.9266539
1.378807,1.0367051
0.0019033565,0.1881405
0.54382044,2.489266
1.3016185,1.2350143
0.0,0.5999707
1.5412866,1.0347658
0.0028159246,0.33523068
0.006325,0.13975978
0.017682796,0.8029291
0.0044502546,0.7874698
0.0,0.48549005
0.6556503,1.0838829
4.7131224,2.382419
3.007373,1.3377761
2.986493,1.5862747
0.67897916,0.70739806
1.0675582,1.148692
1.304875,0.69224524
2.099229,1.2453415
0.53471756,1.170788
4.776536,2.522891
1.9490371,0.9719145
3.1153235,1.126877
0.57179457,1.352641
2.4097722,2.5473797
0.66007054,0.96746945
3.3829346,1.2206173
0.012356216,0.8527564
0.7792675,0.7988618
0.0023627873,1.9893998
1.1085148,2.031935
2.8921373,1.0790632
1.0807086,0.73203534
1.3536605,2.359651
1.1226875,0.9826912
0.012371818,0.71203035
0.015856061,0.44650444
0.55541116,2.1174502
2.4042318,2.0564642
0.0097192675,1.0251011
0.7664182,1.0958987
0.0,0.40006748
0.64210135,2.462133
2.0765843,1.1418325
0.103492044,0.5250034
4.1812286,1.8775691
3.0716627,1.0790259
2.7486846,1.0582057
0.76328385,0.53203297
1.2257171,0.90081275
2.0964606,0.44485313
2.7149258,0.9059357
0.79522485,0.7696779
3.2604847,2.1155014
1.7108456,1.1193628
2.347452,1.0134865
0.60422915,1.0490538
0.0021926668,0.56368065
0.90159553,2.2983503
2.7278087,1.0893795
0.0031004902,0.44811252
0.0038303572,0.7900764
0.92428774,2.114271
0.7324641,1.1000029
2.8161943,1.0344497
1.2904875,0.7869406
0.91585034,2.0102854
0.7835862,0.92428297
2.1531224,1.5484964
0.59749585,1.0376607
0.009859113,0.36597607
0.9243595,0.9749851
4.3969007,2.206472
2.769626,1.3110582
2.8460138,1.5091647
0.9641475,1.1518123
1.8318835,0.7416169
1.5332673,1.2233444
3.5038493,2.2519908
1.5191307,0.9407605
2.0676162,1.045441
0.7368902,2.3140354
1.7508185,1.0846574
0.63499165,1.6407304
2.120026,1.0006776
0.8949159,0.690435
0.63096666,2.0871587
0.5505026,0.90876514
0.0055935374,0.42983553
0.0,0.3163735
0.0031625,0.41029283
1.833523,1.846337
0.022210201,0.6973806
0.58335304,0.97646075
0.016971104,1.2328647
2.493527,1.8550693
1.1936778,0.8490567
1.2717164,1.0382344
0.77462476,0.3090249
0.5795249,0.8627539
0.009242009,0.56340784
2.309455,2.1126726
0.82822275,0.94713503
1.4377561,0.97963434
1.3485886,1.0835482
1.735181,1.0154163
0.8165494,0.4149322
0.5821851,0.7417722
0.0021638158,0.3458284
0.6249438,1.6309873
0.0018730068,0.2188123
2.7375367,2.1244016
1.3784161,1.09325
1.2342039,1.2858891
0.70862687,0.45661205
0.7797585,1.0001875
1.8182935,2.4087553
0.5669252,0.8623915
0.90231556,1.0515709
0.0022283199,0.28610054
0.0,0.43098903
0.6537223,1.165392
0.0020763888,1.959813
0.9653783,1.1003503
0.01850664,0.5107661
0.021997463,1.5278298
0.68480957,1.6844496
0.013178638,0.45090106
0.0035595237,0.4804956
0.0007898655,0.3336064
4.991417,2.2679913
3.6128564,1.4025947
3.8673015,1.5725158
0.6814708,0.78706306
1.3461101,1.2371595
2.0949373,0.78167117
2.2780564,1.2531656
0.54793555,1.1820685
5.367896,2.3778439
1.9820286,0.92987865
3.3993948,1.0533935
0.75295925,1.3021942
0.0013773032,0.44844452
1.5253094,2.3960214
3.2230408,1.1149439
0.0041685677,0.41149426
0.78947604,0.7373083
1.0353286,1.978578
3.4581797,0.99172425
1.3920735,0.67644405
1.1402378,2.2153316
1.015396,0.893747
0.642553,1.7942842
0.004350529,0.64104587
2.5050108,1.8726048
0.00083055557,0.31258133
0.003771789,0.8731184
0.6058684,1.0246297
1.5035799,1.0655758
2.2587535,2.177878
3.3375494,2.442924
1.1317662,1.0131664
0.0019671053,0.3586178
0.0,0.37088034
0.0010039683,0.769624
0.0044385963,0.35223773
0.0,0.23379457
0.6143437,2.4497666
0.7403888,1.005775
0.052935705,2.1994267
0.6328176,0.92151076
0.0014735663,1.8342267
0.004015873,0.46354797
0.0028850876,0.34189358
0.001611307,0.45960352
3.4892697,2.1347215
1.9836781,1.1025144
2.126067,1.4665757
0.6103733,0.9926426
1.352444,0.63266057
1.3825864,1.2028273
2.83248,2.1489234
1.3079673,0.8276395
1.5146711,1.007517
0.0,0.7016275
0.0,0.2334528
0.0,0.3295361
0.7196469,2.229071
1.7111349,1.0771488
1.6524733,0.9903167
0.7397927,0.6807892
0.5509492,1.9958459
0.5446973,0.8941573
0.006876643,0.6606956
0.0,0.23287196
1.2784661,1.5193677
0.009616959,0.69075733
0.7616967,0.98147005
5.496471,2.2138016
3.742831,1.1300575
3.427299,1.3413799
0.6912301,0.61941105
1.3574144,0.9817675
2.21477,0.59282213
2.0968294,1.113668
4.4201617,2.380559
2.0063589,0.9227
2.9016364,1.0499701
0.582715,1.2646921
0.0024736763,0.28252468
1.086702,2.448719
2.6138284,1.1191634
0.0046454803,0.1683125
1.0530571,1.9131672
0.5855114,0.82124346
3.198643,1.0277007
0.61185706,0.48398444
1.617434,0.7050379
1.1247357,2.24198
0.9774686,0.93219167
0.0011051748,0.19361831
0.0021666668,0.26851812
2.5600986,1.8456465
0.0011209953,0.23252942
0.53331697,1.040687
0.0060623786,0.6418013
1.0898516,1.0005006
5.2738566,2.2065272
3.478534,1.3860697
3.5530376,1.5852937
0.54527926,0.78939146
1.4605738,1.2201357
2.3143404,0.7837155
0.0136528695,0.7824173
1.6446475,1.2869534
4.9462748,2.2627513
2.1617048,0.9425588
2.926279,1.1057904
1.9301552,2.303911
2.7603147,1.0880681
0.013877637,0.4225913
0.51600426,0.7292159
0.0021861084,1.0923365
0.0026908603,0.46306852
1.426413,1.763894
0.5343002,0.7752904
0.048367646,0.5086408
3.4763527,1.0029523
1.4169997,0.6836478
1.5008571,2.11703
1.2320143,0.91805243
0.011232924,0.8665404
2.161012,1.9996952
0.0053317123,1.0516815
0.002055625,0.41050345
0.04222854,0.8177933
0.646637,1.0136815
1.5153508,1.1901646
2.3649914,2.2241313
1.4958254,1.4123286
1.3406795,1.6365722
0.9302745,0.8107167
0.85398424,1.2723035
2.3172746,2.2386143
0.8487191,0.84932137
0.005958333,0.4737875
1.103546,1.0125428
0.003011905,0.22344674
1.129698,1.1232399
0.0,0.49499887
0.0018645125,0.25948462
1.3750154,1.0457584
0.89100736,0.47301313
0.0051771295,0.7110417
0.008476804,1.9317678
0.0018333334,0.37643597
0.004535658,0.22233395
0.0037244183,0.4849392
0.0043021585,0.8581484
0.8263797,1.8652571
0.003007184,0.32292926
0.0011813936,0.36923584
4.0962095,2.045176
2.9058523,1.3128105
0.2983692,1.3002254
2.652249,1.1986729
0.60019606,0.75400186
1.0373487,1.1571401
1.8994509,0.6214705
2.3550284,0.9869279
0.6146432,0.9294095
3.6481383,2.2676184
1.7508607,1.2599427
2.152184,1.110367
0.5820338,1.1516783
0.0039379788,0.2566959
0.997233,2.3921402
2.4477494,1.1667162
0.0,0.3327636
0.001957738,0.38360557
0.9789273,2.2358418
0.558915,1.2119077
2.5889735,1.1269156
1.2264293,0.89231414
0.880869,2.131013
0.8895986,1.0131804
0.0038603286,0.722386
0.0019060037,0.38763377
0.0051326468,0.727637
1.9855586,1.6732446
0.69929487,1.1191286
1.065687,1.0662344
6.0420775,2.0916722
4.106059,1.1603526
0.53941935,1.1133468
4.7671556,1.3333049
1.1774002,0.5180903
2.5775902,0.95036936
3.2812793,0.40635288
3.0152183,1.0020345
6.007627,2.2934513
2.5902805,0.8331165
4.8020415,1.0520345
0.23351504,0.34031537
0.8175993,1.139115
0.002045398,0.6179692
2.2082508,2.412768
4.1335297,1.1966435
0.0,0.79253215
1.3510928,2.2615547
4.8829813,1.0996193
0.5201077,0.4442369
1.0012139,0.68811506
0.9787302,2.1655283
2.436756,0.98704475
0.0010401645,0.3733067
0.62237185,1.782233
0.3976567,0.8018883
1.6206666,1.0824925
0.6280009,2.2763395
1.8281093,1.124822
0.06583852,0.71847945
4.4258127,2.2888162
3.1685696,1.531305
3.4260416,1.3854879
0.8036681,0.700821
0.0025856919,0.474338
1.2410146,1.2420651
1.3789595,0.56581396
1.887334,1.0738586
5.0732675,2.5119023
1.8507993,1.1439811
3.9078362,1.1580801
0.025507756,0.5262071
0.0059908926,1.2505106
0.8992336,1.2507637
0.001986111,0.45832554
2.2054007,1.133241
1.4070673,1.039079
0.004705293,0.8884748
0.005204114,0.8727861
0.00084074645,0.43172055
0.0019537508,0.31201455
0.0007613426,0.30571228
1.1746429,1.127568
0.014425439,0.6610698
3.0683653,1.551566
0.8928613,0.8881702
0.0014296448,0.23381497
1.1090411,0.9636465
0.00090456544,0.30186215
0.0013983843,0.26213154
1.3969408,0.8610121
0.0038969195,0.36008152
0.004346348,0.61565393
0.0018645125,0.47514817
0.90963274,0.89226955
1.1753484,0.84387356
0.5481667,0.56242377
0.012748062,0.20163023
1.0603426,0.63759845
0.017601682,0.4523209
0.09660901,0.5033863
1.2539313,0.5774279
0.023833333,0.19747303
0.008728769,0.3952589
0.021160847,0.43106785
0.96803904,0.61970156
1.1257745,1.5459763
0.0028431881,0.3007756
0.0008701058,0.34493858
0.0022624803,0.44222388
0.0035839041,0.4088442
0.001742055,0.22501142
0.0016461462,0.30253944
0.028550347,0.40372702
0.0047255745,0.19279392
0.0044931695,0.25261876
0.0,0.11566366
0.0027967687,0.18845536
0.0015026499,0.41482872
0.0,0.22346692
0.0089375,0.2451044
0.0,0.2245406
0.006254338,0.3862491
0.0008618973,0.35520384
0.003537902,0.15803052
0.0006090741,0.14256376
0.001542683,0.1680472
0.0029817596,0.20580105
0.0013026774,0.14289035
0.0032641923,0.5499104
0.0028850876,0.19675542
0.00598,0.23701635
3.6297522,1.6371695
1.2978652,0.7114984
0.0022404632,0.30475587
0.79714316,0.71224666
1.386093,0.61671025
0.0031145834,0.32602635
0.00352897,0.5215847
0.6925172,0.7029871
0.0,0.26995793
0.7911613,0.52817017
3.6376605,0.47328603
0.77903867,0.5560952
1.4238726,0.620763
0.0036222467,0.20981307
1.3826891,0.6536159
0.0016217949,0.16808489
0.0035727809,0.2805137
2.0335417,0.62765914
0.5326083,0.44558153
0.006173048,0.4696519
0.0026481482,0.25644588
0.8934685,0.6328006
0.41712683,1.3812528
2.86127,1.6275767
0.8543839,0.6794816
0.013369919,0.32008544
0.003383745,0.34147093
1.1097344,0.60153824
0.005204114,0.3051544
0.0021329443,0.27460262
0.0021357143,0.44604707
0.0025822117,0.21714695
0.0042825523,0.22256993
0.0036412037,0.6633907
0.0028699825,0.22701149
0.0022465847,0.40333146
1.3816664,0.3963745
0.00437367,0.30529824
0.0036222467,0.18781944
0.0036507002,0.24107835
0.52233315,0.6026815
0.004035202,0.14349227
0.0016661601,0.21503831
0.003011905,0.21805371
0.003132381,0.3919997
0.0013093153,0.27061045
1.1995124,0.81050414
0.0041951532,0.18671757
0.0024992402,0.52890015
0.0,0.33686462
0.001186508,0.44524494
0.0014109825,0.35868442
0.0028550348,0.24382736
0.001727416,0.1924662
0.0037417521,0.8946661
0.0010003041,0.14726184
0.0030623837,0.22567645
0.0009483852,0.39497116
3.4141986,1.580073
1.2944802,0.6349413
0.0027408334,0.18655924
0.0,0.175754
0.007137587,0.37971428
0.0,0.16806488
1.2502913,0.57208294
0.19532633,0.40836135
0.0014055555,0.27481797
0.004531801,1.0031241
0.002514526,0.16997348
0.0038603286,0.36651477
0.0023064516,0.29082993
0.003068097,0.26633218
0.0032726368,0.34457794
0.0014936421,0.230145
0.0010003041,0.44387624
0.004970423,0.25310922
0.0055370373,0.46507376
2.2746623,1.5738859
0.77557206,0.6512757
0.0,0.1733925
0.0037935409,0.54858416
0.0,0.30151397
0.7676041,0.5840718
0.0015751916,0.21381107
0.0060459557,0.14202623
0.005894265,0.32988045
0.0011372752,0.27808592
0.5644565,1.081172
0.0031185208,0.61009496
0.017771974,0.35005766
3.4612176,1.3710467
0.5997588,0.65717083
1.1872472,0.7038545
0.07765347,0.50750583
0.6285296,0.67899054
0.0053323605,0.21562673
0.0009990887,1.0551
0.0,0.56635255
1.5199295,0.6236391
0.0033557522,0.30437645
0.0013435457,0.18080656
0.0036544444,0.21278495
0.006915781,0.5903282
0.004121554,0.285298
0.52254283,0.6412629
0.006249457,0.2606007
0.01984929,0.7248815
3.584892,1.4968723
0.3802727,0.6663637
1.0171151,0.77908725
1.0252517,0.72026706
0.0025615266,0.23718725
0.0,0.40030372
0.0027967687,1.38383
0.0017814144,0.2999282
0.0025905797,0.33732376
0.0010963334,0.23090175
0.015959283,0.54301685
1.5211816,0.66033965
0.001986111,0.1820534
0.0021856725,0.22021182
0.0016431855,0.19007067
0.9180461,0.7829368
1.7616417,1.5867856
0.50626314,0.6464673
0.0007529762,0.1911096
0.0008591954,1.0706494
0.00433905,0.38591495
0.0016122549,0.2630693
0.027408333,0.19391967
0.001957738,0.2602648
0.0033390864,0.19303292
0.85351104,0.6945519
3.186246,0.6911242
0.6620237,0.6675113
1.2771719,0.68556046
0.0,0.19256781
1.5291572,0.7155947
1.8585182,0.6791761
0.0038238955,0.48556632
0.0024526473,0.19500007
0.0020418128,0.16295648
0.0035233432,0.5055036
0.0035996533,0.31282684
1.0581396,0.6901192
0.0032245098,0.32958815
1.533218,0.52845174
0.55935377,0.5079635
1.092727,0.64437157
1.0672407,0.67699236
2.1111293,0.5992826
0.0,0.18349887
0.0,0.27638432
0.0029003527,0.67169946
1.1794822,0.7171775
0.0046454803,0.4241766
1.2470791,0.6960469
0.6143247,0.6103733
0.8031279,0.67667794
0.024183823,0.21868244
0.0,0.4252748
0.0,0.23188439
0.0035595237,0.46586794
0.0,0.50313264
0.0,0.5493013
0.7491611,0.6083887
0.012458334,0.20401329
0.010963334,0.34838215
0.0,0.45915774
0.0,0.22356364
4.3869934,2.1214507
2.0709941,2.0651107
1.2941333,1.6629294
0.0027339985,0.5108339
0.005782349,1.068961
0.008198278,0.79952747
5.4405913,2.2922373
1.638955,2.3850174
3.4980018,1.9182919
0.00561437,0.7675257
1.0033988,1.2499623
0.5421965,1.4801694
0.012505704,1.4702289
0.004090796,0.6722792
0.004170833,0.76458097
2.2722692,2.3142128
0.68314236,2.1811872
3.2020528,1.7306187
1.4176997,1.3687993
0.0062927296,0.73899156
0.0008618973,0.89612126
0.0,0.5280368
3.7863092,2.0395563
1.7608812,1.9208049
4.285909,1.6897262
3.3024354,1.2699265
3.2853863,2.0582867
1.0821741,1.845936
2.491125,1.5960809
0.75544935,1.0874687
0.7668796,1.1903065
0.004316273,0.60478264
0.007047857,0.7747568
0.0077741314,0.80372703
0.89902574,1.8413289
0.61569965,2.1759758
1.571784,1.8174939
2.8766804,1.9978389
0.77985585,1.4893708
1.0445427,1.3240212
0.013093153,0.86011815
2.8429792,2.190544
0.7609571,1.0801294
0.53006685,1.0528142
1.5534651,1.0614074
0.0068179932,0.5677075
1.9816946,2.2701807
3.2269707,1.0526781
0.026933044,0.3114666
1.5467249,0.7544704
2.8097215,2.1035757
0.871,1.0863719
3.5250847,1.0342842
2.8075635,0.7693922
2.4809556,2.0565767
1.4019363,0.91567904
0.5699321,1.0378616
0.008565105,0.24328473
0.775715,1.7190113
0.045850374,0.44154304
0.006390544,0.24206226
0.5668427,2.1062055
1.9205912,0.9416879
1.7123193,2.1269312
0.8658374,1.8479978
0.5227029,1.774342
0.004090796,0.86387795
2.5269322,2.024318
0.7216501,1.0285076
1.2810098,1.1852504
0.0054481397,0.47094697
0.0,0.13264634
0.70332384,2.0036588
0.00790625,1.0400667
1.4990368,1.1123346
0.0041976725,0.88788766
0.0007250882,0.3982415
0.0,0.20186253
1.2199483,1.364555
0.6320222,0.9336175
1.9736145,1.1038499
1.317439,0.7797653
1.3862768,1.6295373
0.92095524,1.0094843
0.0020006082,0.26602057
0.0027226822,0.2628627
0.003018539,0.32551414
0.63410807,1.0342884
0.0055432585,0.44371244
3.9045367,2.0407505
1.5269308,1.3194362
1.2966666,1.3292288
0.57163316,0.9776894
0.54192686,1.003121
4.45017,2.2263803
1.6794628,1.082468
2.7500556,1.0264366
0.69038486,0.38705447
0.5798113,0.2979891
0.007949454,0.38054064
0.8688857,1.112441
0.002588405,0.63625497
0.003454832,1.6592681
0.56528157,2.3073955
2.108979,1.0710407
0.0017347046,0.3933176
1.5473095,2.1266842
0.83712626,0.94629824
3.2376647,0.99160033
0.017569445,0.6183091
1.8030078,0.6794395
2.1204097,2.0888755
2.4346004,0.9076306
0.003513889,0.32769445
0.029231926,0.5565046
0.67508453,0.99061877
2.259695,0.87900966
4.148391,1.9061371
1.4257941,0.8172949
0.0018055555,0.4650031
0.0024471725,0.1356569
0.87937534,0.9736296
0.004360417,0.3685288
1.3718181,1.6915404
2.790812,0.85304654
0.7064675,0.5854086
0.9292791,1.7139497
0.63542825,0.74572927
0.0008618973,0.29899058
0.0010706381,0.36398914
4.095311,2.4329531
2.322123,1.9476687
1.9807986,1.9108051
0.340674,1.0118448
0.5688678,1.6871496
0.6769072,1.1658916
4.823405,2.4534998
1.7467005,1.1343437
3.2426476,1.2662575
0.67045003,0.51706696
1.3332828,1.2513363
0.7839534,0.9467838
0.0055935374,0.2807971
1.7473338,2.3218188
0.6607366,1.1410989
2.8964643,1.1567575
0.005839844,0.53897375
1.3855301,0.87387305
2.7551086,1.8708956
2.018571,1.0104758
3.855439,1.1577501
3.198057,0.85677904
3.6131406,2.0839558
0.99192065,0.9543395
2.1211667,1.0774544
0.9064228,1.1519036
1.1258132,0.79812217
0.53579485,2.1569886
0.0,0.24383943
1.4659588,2.1024442
0.0020763888,0.2970473
0.020107424,0.8448525
0.0033424797,0.21586142
0.0018031799,0.4855418
1.3963143,1.1120586
3.9654076,1.8818723
2.617753,1.2388341
2.0609007,1.1329073
0.872853,0.9875783
0.5090678,0.48331884
1.1910361,0.89944375
0.5377311,0.8682344
4.984427,2.097855
2.6397371,1.1782752
3.7747931,0.9846262
0.9989616,0.5111165
1.2141275,0.40992165
2.645646,1.0233585
1.52674,0.77333504
0.0014055555,0.40285257
2.204677,2.2374864
0.79208523,1.1433494
4.1960783,1.0358014
2.17384,0.747516
0.044049107,0.50335014
0.0012867763,0.25128466
3.4490554,2.0675411
2.749618,1.0831515
4.6621876,1.0021273
0.07560919,0.40366262
1.3580054,0.4742481
4.0281687,0.77325314
3.45311,1.9773508
1.5397838,0.9549924
3.285271,0.87947
1.4829866,0.9747893
1.3649465,0.6593011
0.96262556,1.5010806
0.01816781,0.4184423
0.5765131,1.4804065
1.9941452,1.577434
0.52019256,0.58124036
0.003205653,0.18497826
0.027408333,0.41612536
2.0409894,0.91360146
0.73540854,0.64974797
3.950312,2.176168
2.3402164,1.9614363
1.4343402,1.8306645
4.7399926,1.9538457
2.056704,1.1668236
2.894545,1.2188798
0.50333995,0.6336685
1.3458071,1.1872828
0.8452882,0.91328114
0.0025222392,0.19104232
0.0017076844,0.2789152
1.1785239,2.1103654
2.866801,1.0822536
1.3342777,0.81807524
0.0012928459,0.29106793
3.1370568,1.4229474
1.8273656,1.0484322
4.0765843,1.1176428
0.63014585,0.5147758
3.4022307,0.83539814
2.8969214,1.6910259
0.94924194,0.99441755
2.262567,1.0363796
0.003011905,0.36072382
0.8459289,1.0783203
0.84039706,0.7658192
0.558183,1.55301
0.0016511044,0.2884478
0.005075617,0.27758083
0.01159094,0.49701288
1.4501139,1.7227802
0.0015205733,0.3258254
0.0033671171,0.5232348
0.021942921,0.89018905
0.0018967704,0.4170526
0.89762294,1.0019151
2.3195026,1.792216
0.8709459,1.0142361
0.5854492,1.0674655
3.170836,2.0410347
1.0670725,1.0438284
1.9218392,0.9227395
0.6296919,0.98941064
0.68036014,2.1837516
2.4574888,0.9981561
0.5878046,0.68854946
0.001539794,0.46245092
0.003011905,0.44954994
1.4160388,2.0157773
1.0180587,0.99756056
2.7866843,0.9537329
1.9494008,0.71242917
1.666056,1.901949
1.3530115,0.83041716
0.0068384064,0.47054908
0.7760164,0.86882204
0.0021638158,0.24524929
0.010348684,0.97814786
2.4300368,1.9444741
1.2672589,1.5432142
0.6574358,1.293033
3.2275906,2.2283041
0.9348464,1.1686488
1.6035655,1.020364
0.6267228,1.1352991
0.54914284,2.3252122
1.6154681,1.0589665
0.63035715,0.7350766
0.0028451558,0.19814523
1.6441891,2.2146044
0.94853324,1.1361425
2.3725822,1.031134
2.110867,0.78202134
1.7295088,2.0825908
0.009742299,1.0216178
1.4164592,0.9093321
0.0035449853,0.31884357
0.004420699,0.38856468
0.0027967687,0.14339933
0.0012959023,0.36543098
0.0,0.1344323
0.03820188,1.4720688
0.6019864,1.5725764
0.0023282894,0.49337873
4.4138904,2.2458982
2.8771207,1.9365247
1.9704088,1.8945225
0.64687073,1.7600838
0.62880534,1.1446561
5.7381806,2.2451038
2.2332716,1.1279516
3.7633164,1.235793
0.66949654,0.5685263
0.581764,0.60740227
1.6416702,1.1695687
1.0096298,0.88350993
0.0024660453,0.29474142
1.1598983,2.1118054
2.8455877,1.1094986
1.370884,0.8077745
3.5378742,1.4993163
1.9927759,0.9357609
4.332695,1.089725
0.5558544,0.48167148
3.718512,0.77385205
3.4869292,1.8384495
1.0177283,0.898717
2.5827332,1.0023556
1.026065,1.0505925
1.203374,0.7123729
0.70085233,1.7532598
0.0012430083,0.27207837
1.7439301,1.8685075
0.0010861955,0.73880106
0.9551389,0.3656114
0.04090796,1.1348867
1.1173432,1.1474099
0.78394645,1.9365367
3.5364518,2.327642
0.5713941,1.0119339
1.2401785,0.95535547
0.002155308,0.4067539
0.0,0.26458648
0.0022465847,0.29789305
0.0019969642,0.43272677
0.0,0.401179
2.8505495,2.1100698
1.7959671,1.5802921
1.0623091,1.8177224
4.328555,1.9418136
1.3304462,0.9877493
2.14825,1.2159626
0.94650114,1.1706489
0.59509534,0.88875675
0.0,0.55377203
0.0,0.1897028
1.0205629,2.0572119
2.0712206,1.1264924
1.0427932,0.83079404
0.004420699,0.20177573
2.1147664,1.3920513
1.3841208,0.9395366
3.0579102,1.1448671
2.4188662,0.82797074
2.3148296,1.628661
0.6790353,0.87537485
1.926304,1.0480118
0.5466607,1.0598658
0.5918611,0.75369674
1.0020251,1.1157664
0.003556225,0.41398367
0.83375,1.045458
4.647799,2.181169
2.9379659,1.6881326
1.9539088,1.6015096
0.62596256,1.4646646
0.56100357,1.0463065
5.890927,2.215167
2.5815566,1.1457967
3.8843513,1.2163252
0.8172742,0.5614458
0.7692292,0.68059844
1.7793907,1.1629969
1.2385732,0.92076874
0.0022511978,0.7019326
0.0043551377,0.44785464
1.5818739,2.246337
3.8224607,1.1123184
2.1477132,0.8469946
4.0356936,1.8251632
2.9008176,1.0921692
5.04118,1.1296433
1.0689898,0.5316941
4.600076,0.84639573
3.9559045,1.9912304
1.3775145,0.9813048
3.1847758,1.0282702
1.2946427,1.054978
1.3427671,0.7686532
0.8259822,1.5362202
0.0007488616,0.26731315
0.0,0.48005736
2.0314622,1.7525603
0.36342156,1.1786866
1.7364421,1.0417274
0.5263776,0.7827361
4.254463,2.1966846
2.161494,1.9072067
1.3060179,1.894907
5.259157,2.1147237
1.7972678,1.365219
3.1779459,1.4938227
0.88766414,1.1517185
2.3828142,2.085577
0.82746893,1.1515814
3.3316956,1.2654588
1.5592345,0.8935119
0.0009549942,0.6655478
0.004060494,0.4751933
0.0024183823,0.48256338
0.00515447,0.68245023
3.9568636,1.4911338
1.8634903,0.99157286
4.346096,1.2012306
3.249007,0.841996
3.7597113,1.7756399
1.1159704,0.95729744
2.8201199,1.1395034
0.0023293202,0.40035042
0.6328157,1.0544163
0.537645,0.7991753
0.94966733,2.1375008
0.0019686753,0.39989886
0.5751458,1.9736295
1.5990323,1.5922804
2.293815,2.1563897
0.9121651,2.0437336
0.6187988,1.9138759
2.720931,1.9006654
0.8856697,1.0360402
1.3466945,1.2367152
0.8911919,2.121385
1.9256055,1.1451762
0.68152976,0.8334333
0.0024471725,0.6193829
0.0,0.55199105
1.3880081,1.5422362
0.7870846,1.0688704
2.1051023,1.1614641
1.4996431,0.8322215
1.3947238,1.7969168
1.1477239,1.075294
0.0014775381,0.59413373
0.0011908038,0.5522786
0.0,0.26320967
0.011074075,1.732977
0.77471524,1.0683968
3.972931,1.9586471
2.3411798,1.49396
1.9136109,1.3097388
0.6797834,1.2276876
0.8991142,0.9593269
4.4812374,2.2130902
2.317099,1.3202034
2.987375,1.1036705
0.69975466,0.59936017
1.0277334,0.4953593
2.0489929,1.1060114
1.2058101,0.86997527
0.0077864584,0.6536655
2.4075549,2.325804
0.87311083,1.2716211
3.9418075,1.0908011
0.010817364,0.44841763
2.0854886,0.83073956
0.003068097,0.25344524
3.0943034,2.188696
2.3551626,1.2134814
3.9364402,1.1035935
0.9905741,0.5331455
3.4759772,0.8541253
3.075784,2.0826473
1.3762218,1.0977949
2.623369,0.97905046
0.23872168,0.4509326
1.3586227,1.0480775
1.2196316,0.7616337
0.7919478,1.5153948
0.0,0.41674083
0.0013842593,0.2407869
0.5408578,1.5157672
0.0022382454,0.24771471
1.6396083,1.5949179
0.4257957,0.69188875
2.212652,0.97968215
0.797136,0.73813903
6.0274887,2.050335
2.7180524,1.6591574
3.3242877,1.4476503
0.5652179,0.6324421
1.4565271,1.3486178
0.76910365,0.6396124
0.7893835,1.0151893
7.22866,2.255141
2.8584135,1.061488
5.515681,1.0213957
1.4759643,0.36423936
1.6302414,0.29312828
2.0503654,1.1190612
0.82493055,0.7027361
0.008234263,0.43627095
0.0028721308,0.55151504
0.0030453703,0.39632028
2.596491,2.3482416
0.7308889,1.0348802
4.8786836,1.0787287
1.8478713,0.72054756
0.0029791666,0.05926293
5.1539917,2.2017822
3.846214,0.97824156
6.44247,1.015998
1.1174413,0.4527719
0.76545525,1.110343
5.3950477,0.6959285
5.0748653,2.1291728
1.5671945,0.8240841
4.7817297,0.92323834
1.2841923,1.051877
1.1968846,0.61364084
0.004530303,0.32931808
0.0036302428,0.06320821
0.0024692193,0.34868264
0.0014936421,0.24670543
1.119717,1.0419241
0.055141024,0.250662
0.9157358,2.1764822
2.6400962,0.98486286
0.00583156,0.5557501
0.008841398,0.3515735
4.8937283,2.1125543
2.3497632,2.0485675
2.1479185,1.5582697
0.5857123,0.7106888
0.94490504,1.5836995
0.90215516,1.0688142
5.2606754,2.3191125
2.039388,1.2756437
3.601747,1.1283787
1.1097033,0.32489678
0.18480538,0.8962427
0.825825,0.25549075
1.263497,1.2039177
0.7249946,2.3585634
2.4306462,1.1045114
0.70631456,0.75753576
0.003703829,0.8741434
2.1609232,2.201408
1.3296957,1.062394
3.7433558,1.0451106
2.2574108,0.7515741
2.9646993,2.1780548
0.8029901,0.94279826
3.0199182,0.9609572
0.67835623,1.1167126
0.7251187,0.6648659
0.577718,1.0864023
0.14221305,0.18913326
1.0310754,1.1015775
3.4572623,1.8142473
1.8535466,1.3332356
1.1889126,1.3394767
4.673121,2.1439571
1.1975713,1.5411798
3.0683398,1.5764139
0.5526598,0.9403416
1.0918947,1.1006469
1.6212156,2.2164958
2.4048767,1.5344228
1.1645917,1.19041
0.0,0.35006443
2.0338752,2.0643241
1.0963334,1.4360193
3.1269279,1.4718701
1.9440242,1.1023003
0.004766667,0.9311605
0.005481667,0.6136164
2.2983544,1.9045151
1.5565383,1.3110176
0.5582929,1.3051206
0.015736843,0.5556497
0.00575,0.8923229
0.9955587,1.421284
0.0,0.61676115
0.007960927,1.0845836
1.5961324,1.5140026
2.1263404,1.7565092
0.511225,1.075561
0.7208123,1.1206508
1.7684395,2.0116668
0.66563094,0.9361258
0.9479346,0.89213794
0.0068520834,0.122602016
1.3730892,2.1461797
2.3100507,0.94448954
1.0311459,0.64688617
0.015226852,0.45612115
0.008565105,0.1759981
1.5942122,1.9662336
0.64789855,0.8961671
2.4116182,0.88887495
1.6689812,0.6578892
1.726725,1.8511277
0.95771646,0.7834792
0.55847055,1.3172897
0.0023425927,0.2873678
0.009451149,0.31905672
0.6342646,1.3852586
0.007901908,0.26217923
1.4069611,0.8219563
1.5037858,1.8288174
0.7058939,1.2889279
1.6671467,2.0320807
0.67020375,0.91895634
0.68121684,0.9850157
0.0,0.1621507
0.77085936,0.9852277
0.0,0.25689545
0.004216667,0.23679648
0.0020922392,0.35886806
1.1881107,0.972441
0.58905816,0.6839233
0.8322997,1.8503741
0.0026103174,0.2568286
0.004316273,0.58213943
2.5905297,1.7583565
0.9340693,1.0512615
0.8680104,1.1490366
0.5913542,0.8459565
2.828201,2.0070946
1.2992512,0.83397126
2.0531027,0.8861969
0.699867,0.9804551
0.0032745919,0.9583345
0.006136194,0.4897051
0.0023227402,0.65855503
1.0525755,0.9623473
0.0026610033,0.3431266
0.63756305,1.9384342
0.5098907,0.767407
2.3194375,0.8681298
0.010874362,0.34109876
0.6879215,0.58601916
1.1981705,1.8483455
1.4592516,0.78085405
0.0,0.39144245
0.003777062,0.37279728
0.0011302405,0.16333717
1.9644976,0.73314315
3.3578124,1.6450965
0.5058286,0.64141226
1.1872675,0.70557886
0.031028302,0.42945608
0.074144125,0.91111153
1.4521484,0.69026834
0.0,0.22681777
0.0040306374,0.20497467
3.1694462,2.0362973
1.5366349,1.3201283
1.3633587,1.5110997
0.94091445,1.0484341
3.7310698,2.2661202
1.6445,1.0020918
2.6713989,1.0495685
0.82742137,0.65364337
1.2137976,1.1808077
0.57718724,0.76840395
1.2124703,2.313847
2.1808896,1.0655721
0.96109486,0.78174984
1.5401278,2.1547348
1.3873702,0.99315125
2.9100378,1.0345315
2.0887942,0.76063746
2.5124307,2.0969627
0.5525874,0.9549802
0.00602381,0.38994277
1.6423917,0.9438653
0.01595194,0.8536459
0.5665153,1.0648832
0.66580975,0.69355565
1.2271861,1.5318393
0.7496296,0.9094518
1.4886934,1.6433862
0.061008584,0.8308233
0.003513889,0.5060278
0.0,0.41605777
0.0025535715,0.47822085
1.4086609,0.9808718
0.006991922,0.8666972
0.008305555,0.4785224
3.3131437,1.6395634
1.9605961,1.1063594
1.4698573,1.0114994
0.60515994,0.92451537
0.62267476,0.46951482
1.2401621,0.7807849
3.620071,1.8676729
1.8885226,0.9884234
2.1175318,0.8510242
0.7140222,0.4570462
0.8925443,0.7950711
0.9790573,0.36575034
2.0690746,0.8968066
0.93032354,0.64450103
0.0024916667,0.23575872
1.6451098,2.0600595
2.9108152,0.9214204
1.5032617,0.64678913
0.014425439,1.4528948
2.1254444,1.8495644
2.005242,0.89638263
3.289986,0.86144054
2.3192613,0.65296143
2.2495613,1.7214204
0.7789737,0.78798056
1.7355546,0.76419413
0.21760556,0.28138652
0.92228043,0.83969724
0.7425447,0.5589305
1.2302028,1.2943732
0.87504476,0.5426133
0.0052107098,0.4153261
0.0,0.38013473
1.3496666,1.3583744
1.568173,0.8099018
3.0221353,1.8988854
1.6038097,1.3676062
1.0250238,1.4986454
3.9388232,2.132474
1.6978742,1.0343403
2.4141297,1.0446779
0.5053799,0.68715495
0.64930224,0.6037283
1.2596116,1.11124
0.57520294,0.776895
0.6776356,2.1377423
1.7187997,0.9865115
0.8448572,0.72709
1.5905715,2.0415902
1.2101038,0.975838
2.629895,0.99100244
1.9986874,0.73937315
1.9115735,1.9437441
1.4661283,0.9131536
0.0011532258,0.39282155
0.9157735,1.3262566
0.7398459,0.55040056
0.010963334,0.5741122
0.0013568482,0.29561722
0.006374031,0.30607757
0.0018534799,0.25265265
1.0319611,1.5091015
0.0021581366,0.24235798
0.014641204,1.0218403
0.002963063,0.5287742
0.78591317,0.8786175
1.6437435,1.5543834
0.6109638,0.9216303
0.003451931,0.28527537
2.4174519,1.8383005
0.95997685,0.8878925
1.3419635,0.8110879
0.23885329,0.35793468
0.005506697,0.30383343
0.59893245,0.886515
1.3781563,0.89057916
0.0011916667,0.5757321
0.0028214462,0.25715712
0.0053479676,1.2219607
0.605167,1.804702
0.65800726,0.8345321
1.9260854,0.82355005
0.9187474,0.60181755
0.9536637,1.6634897
0.7514342,0.723308
0.0026524193,0.26984945
0.0055935374,0.46399677
0.0022175028,0.33406827
0.0065257936,0.3736979
0.002183931,0.33958843
0.0036748603,0.6292064
0.0020751795,0.3547049
0.060873248,0.52604264
2.1066704,1.6943094
0.9592917,1.1573925
2.0328605,2.0160785
0.8563252,0.97905135
1.1585706,0.89098155
0.604614,0.99930143
1.0164436,0.9598238
0.71168417,2.0444517
0.6759528,0.94781834
1.6589559,0.9088543
1.071923,0.66816765
1.0634319,1.8443555
0.0,0.3440967
0.697573,0.7820516
0.005894265,0.34007573
0.0060085724,0.74238664
0.0011051748,0.38169712
0.0023627873,0.4133201
0.0016428571,0.38555387
0.05962882,0.57463354
3.397912,1.8868634
1.9025785,1.286157
1.5088357,1.4269913
0.9642637,0.99906754
5.483682,2.1073947
1.5437341,0.9410454
3.0597959,0.9908736
0.81361747,0.6207023
0.5565741,0.85414267
0.6467578,0.53542393
1.8866695,1.085066
0.7704416,0.7191282
0.6111697,2.1399474
1.5167953,0.9919712
0.9089421,0.7115348
0.0,0.19785191
0.0020227553,0.3662071
0.0089132795,0.5211552
1.9679184,2.0129352
1.1704814,0.90473276
3.7186441,0.9593703
0.013051587,0.5985243
2.0776942,0.6805053
2.0985985,1.9264797
1.911963,0.86970294
0.5751257,0.9632541
0.61789566,0.6158545
1.2931888,1.3767661
0.902191,0.58239657
0.027477026,0.38879898
0.0022465847,0.42000845
1.6003504,1.5754248
0.27275413,1.0168943
0.00434287,0.5235061
0.004766667,0.37299904
0.5950818,0.9349113
0.86632776,1.7848517
3.7058952,2.1297889
1.6832592,0.9462353
0.0,0.15965639
0.0,0.34172684
0.8458779,0.8917853
0.0042825523,0.1641426
0.28057346,1.5549008
2.3624036,1.8737953
1.0215833,1.2201225
0.6974327,1.4722198
0.0022651516,0.47303793
3.2244322,2.1024718
1.259617,0.93152434
1.6155883,1.0141728
1.0767107,1.1015425
0.6452289,2.160307
1.6560403,1.0192345
0.64945835,0.75002396
0.007027778,0.46202484
1.066986,2.047374
0.85606545,0.93525285
2.0684037,1.0204121
1.526408,0.7380026
1.2831616,1.937958
0.86658704,0.9210152
0.27071345,0.66159457
0.8523848,1.0296727
0.5459914,0.51854056
0.0,0.31012273
0.0,0.30944136
0.749648,1.297134
0.0038333333,0.45333764
0.8807921,0.905576
0.0,0.26842391
0.0,0.61407876
3.9943535,1.8662144
2.0415695,1.2281784
1.3026628,1.3334285
0.0034058753,0.568633
0.71498775,0.92825985
4.6498227,2.1590967
2.1894703,1.0412843
3.047084,1.0437592
0.89040047,0.6833149
0.6121572,0.931759
0.8565104,0.57319665
1.8970501,1.0881449
1.0032265,0.78474736
0.98714364,2.194746
2.311993,1.0129098
1.3848605,0.7566251
2.3034945,2.049489
2.0380447,0.95709497
3.7267606,0.9965741
0.11066915,0.45631075
3.036907,0.7519873
0.006803487,0.41130987
2.8186138,1.9339166
0.5919827,0.9063055
2.3065093,0.8971124
0.78082484,0.9712782
0.9110419,0.6761977
1.248451,1.3030049
0.99888146,0.52126396
1.4422035,1.4590937
0.0023720823,0.2791669
1.1487458,0.90860677
3.4953234,1.8640984
1.587455,1.3118876
1.1504042,1.4987923
4.643786,2.0791612
1.7237592,1.0581726
2.6625237,1.1844674
0.59425145,0.6108546
0.0076450543,0.5469524
1.1383008,1.0682485
1.8083366,2.1296663
0.57673806,1.0388659
2.438797,1.1245292
1.2961324,0.7988001
2.265797,2.001443
1.2782278,0.92769367
3.21044,1.0618042
0.0065827877,0.38750526
0.021431627,0.46764287
2.080259,0.74653465
2.690915,1.9231554
1.9777163,0.98194915
0.84029156,1.4515902
0.00277975,0.23402697
1.0870908,1.5633048
0.5793944,1.9798359
1.5162306,1.2556452
1.6622914,1.949479
0.60935736,1.4561185
2.5045362,2.1336594
0.8501659,1.0207409
1.0744066,1.1153201
0.5570757,1.1078662
0.5911425,2.1632557
1.2429127,1.0488762
0.0017237946,0.45882383
0.0033424797,0.22300483
0.70007265,2.067241
1.5544853,1.0570229
0.8054843,0.7571848
0.9600808,1.9791181
0.6499933,0.9714324
0.0110263415,0.53130275
0.0,0.15019467
0.0007742467,0.31698188
0.0017814144,0.4549818
0.67814434,0.95269734
3.311107,1.7302736
1.6953739,1.2235134
1.4265496,1.1250666
0.5203096,1.0470352
0.6683987,0.6027575
1.0311239,0.8362391
3.2766159,2.0000968
1.9615121,1.0942596
2.0723908,0.9540582
0.711718,0.5919396
0.60542893,0.9148061
1.1055307,0.4912341
1.8079648,0.9841017
0.7894563,0.7517465
0.003880826,0.61684775
1.8399233,2.163988
0.7100111,1.1033078
2.9280243,0.98861414
1.5234668,0.73011905
0.0022103495,0.3033551
2.124895,2.001784
1.7411767,1.040789
2.9670722,0.96711266
2.2386382,0.742227
2.3863976,1.8466238
0.7353161,0.92462134
1.8934911,0.84254175
0.8692798,0.9124345
0.7614654,0.6510504
0.96161443,1.3256
0.72052836,0.55761194
0.0049384385,0.44842252
0.0,0.2571765
1.2169513,1.3981974
0.0006037078,0.402644
0.0045680557,1.0075616
1.6999258,0.87214637
0.64532846,0.6363847
4.4922256,1.7945007
1.7349992,1.158111
2.4127471,1.2548351
0.946853,0.9607027
0.84846014,0.48735365
1.1191276,0.8740408
5.806655,2.0737133
2.6000676,0.7871637
4.501333,0.90092546
1.1577526,0.34725645
0.036275737,0.24249668
1.0785357,0.63632125
1.6332556,0.26894405
1.9183073,1.015102
0.003972222,0.23356257
0.0018272222,0.3079817
0.0031503832,0.6465764
1.8295088,2.2238407
3.549701,0.97473747
1.2093781,0.6461776
0.0023032213,0.36874247
0.0,0.22408076
3.1856256,2.0342643
2.4966962,0.8000899
5.107872,0.89272773
3.2808928,0.5956462
3.0887084,1.9103668
0.5306381,0.6563227
2.985711,0.80069584
0.7556101,0.9320876
0.5527774,0.5295863
0.0018519145,0.45674914
0.52966046,1.45543
0.7397573,0.91143966
0.0024285866,0.25783297
0.6561878,2.0278966
1.8293054,0.8848524
3.3766112,1.8796368
1.4851493,1.3946689
1.4004216,1.2706624
0.59697604,1.1301166
0.870716,0.9237154
4.509917,2.1664243
2.2554338,1.0358423
2.833871,0.98562014
0.71971524,0.5331581
0.7386643,0.36393932
1.0764815,1.0922884
1.3914231,1.0141245
0.045854244,0.9547122
1.0054022,2.0765572
0.8589303,0.8983535
2.7656987,0.9338776
1.05105,0.6464172
1.8405697,1.9930161
1.9585252,0.84683716
0.0,0.5484665
0.50774586,0.9636356
0.50009984,0.95825833
1.0970186,1.5018907
0.0,0.11365584
0.0,0.1823823
0.0026870915,0.07181756
0.0023056432,0.674005
0.0032435898,0.36128455
0.020936921,0.37163332
0.5948191,0.8047629
0.22298305,0.6574136
0.07308889,0.39181867
0.0041527776,0.45949587
0.0,0.2161075
0.021638159,0.13770227
0.0,0.09522367
0.0,0.21295811
0.0,0.199665
0.0,0.18407413
0.0046851854,0.3748071
0.0022840279,0.009166563
0.0016611111,0.122573294
0.0035480044,0.37083027
0.0038279796,0.47271293
0.0020079366,0.3552925
0.0018031799,0.30902365
0.0013020586,0.1728578
0.0016511044,0.046368036
0.0,0.10900291
0.005220635,0.11158037
0.0019438535,0.08283909
0.0,0.07731971
0.0024362963,0.1139542
0.0029662699,0.25503013
0.0,0.029967578
0.0017237946,0.43362376
1.6726111,1.9428498
0.57009333,0.6047791
0.0,0.14562418
0.0,0.024054356
0.0,0.14571323
0.01957738,0.38136756
2.3087325,0.54867786
0.84582704,0.55070287
0.0033424797,0.1486036
0.005270833,0.35190976
0.0009228395,0.13759698
0.0016314484,0.5134346
0.0016314484,0.30801514
0.0014875622,0.2878864
0.0045378036,0.2900413
0.0052372613,0.5588831
0.9869256,1.7349789
0.016511044,0.3024713
0.006423828,0.078262925
0.0,0.029158173
0.0,0.25096846
0.003670759,1.4340327
0.0057100696,0.08320817
0.0,0.4417078
0.0011613701,0.20010622
0.0035679487,0.40358123
0.0030623837,0.17504524
0.0,0.09213022
0.0018730068,0.43817756
0.0025030442,0.12253076
0.003806713,0.10771234
0.0034153687,0.11899543
0.0017797619,0.07290356
0.003703829,0.12160662
0.001022699,0.21223448
0.0,0.05679559
0.009351078,0.5377478
0.0138027575,0.3827562
2.046262,1.67563
0.76454824,0.4766926
0.003575,0.15600424
0.0,-0.0052291737
0.002237415,0.17746225
0.0,0.1336893
0.0034260417,0.14179172
0.0,0.04837195
0.0010113777,0.21519531
0.004420699,0.35753992
0.0028699825,0.11749895
0.002669643,0.0706076
0.0033424797,0.38893977
0.005958333,1.4413851
0.0047255745,0.14805645
0.0050015207,0.52020437
0.0011613701,0.34869543
0.0,-0.030570803
0.0,0.068551205
0.0031870154,-0.0054405765
0.0031870154,0.04869938
0.0052877814,0.537591
0.7957258,1.7532047
0.0065257936,0.38127172
0.0,0.13008124
0.0,0.26829115
0.0,0.24125169
0.0,0.11512842
0.0013704167,0.14457168
1.023489,1.581228
0.54566365,0.59252006
0.007169182,0.21189691
0.0019507711,0.21454743
0.0023833334,0.08186069
0.0034475892,0.20937324
0.09701538,1.2907416
1.463449,1.5283808
0.002287841,0.13879927
0.0046454803,0.16485672
0.008701058,0.35508522
0.00291578,0.13790067
0.0020816457,0.16249321
0.055114582,1.2577702
0.0,-0.03225381
0.5136961,1.6470078
0.16203669,0.5725861
0.005374183,0.05253609
0.035398215,0.6878633
0.0066849594,0.107959256
0.0024042397,0.36923262
0.007613426,0.15346903
0.0,0.11337488
0.0,0.30223218
0.0,0.023560861
0.003703829,0.1812944
1.9199871,0.8280723
0.7114185,0.5971814
0.0006037078,0.6839606
0.008227643,0.3147941
0.0012346096,0.28498325
0.0020949044,0.3092011
0.75699204,0.6008791
0.004420699,0.18357651
0.0041527776,0.186929
0.0017347046,0.40608647
0.50688905,0.64910823
0.0055935374,0.0657959
0.0021412761,0.10688122
0.0,0.37797296
0.0,0.33024776
0.008841398,0.5582796
0.0,-0.01376755
0.0,0.07115917
0.0,0.38221157
0.004857173,0.6019773
0.0033527014,0.523722
0.0019957523,0.27672896
0.0031747106,0.35467958
0.0019718225,0.2723209
0.0059154676,0.7475558
0.0041319095,0.2053743
0.0048510325,0.21049072
0.0016028265,0.2085097
0.0034569069,0.58266413
0.017541334,0.23479654
0.006739754,0.24649687
0.026524194,0.21789041
0.0024255163,0.36520597
0.0,0.44819555
0.008565105,0.15478167
0.00874734,0.43524352
0.006264762,0.13789217
0.0,0.1375732
0.014683036,0.17252746
0.01166312,0.56761634
0.0040306374,0.19792826
0.0,0.08618353
0.0,0.28103033
0.0021752645,0.26479924
0.0012748062,0.29137242
0.0024042397,0.14620575
0.0039295102,0.13916498
0.0027271973,0.23409252
0.0021181093,0.56038415
0.003454832,0.16942576
0.0029235557,0.18404372
0.004530303,0.17308226
0.0,0.24890548
0.0015751916,0.2602805
0.70992076,0.7252206
0.0048084795,0.21400858
0.0055935374,0.27155986
0.0044566398,0.20491521
0.001986111,0.2462173
0.0,0.089239754
0.0038932292,0.21266189
0.0021412761,0.2567089
0.0014977232,0.16183151
0.0012346096,0.5366309
0.0031234568,0.37958205
0.0014349913,0.38368183
0.0017292324,0.17521043
0.0048434683,0.60808486
0.0027136963,0.13079253
0.0,0.1278925
0.0021619194,0.3329645
0.001332658,0.27788106
0.0015997082,0.35206503
0.00223559,0.3430477
0.0044738688,0.21856023
0.00446875,0.1635878
0.0032977941,0.09204616
0.0023407738,0.24511994
0.0018498313,0.14202681
0.0008565104,0.20318593
0.0029366072,0.1197296
0.0021985294,0.40838376
0.0012318352,0.21432768
0.0026103174,0.42000633
0.003205653,0.12150522
0.0036625837,0.12622194
0.0041951532,0.27781683
0.00467719,0.70182115
0.009251758,0.5659489
0.0065257936,0.37111712
0.0,0.19901432
0.0025581112,0.2935878
0.0023833334,0.1662829
0.003915476,0.3637009
0.0,0.13561456
0.010541666,0.20915113
0.0053220065,0.1198032
0.0,0.09370495
0.0015706781,0.107203186
0.00083434803,0.14247715
0.0036666668,0.18105584
0.0,0.14977828
0.010963334,0.6440029
0.0,0.14096032
0.0,0.41305664
0.0,0.24035858
0.003011905,0.7068761
0.011800066,0.69298714
0.002060777,0.40001607
0.002622807,0.16034064
0.0057701753,0.32493246
0.0,0.24716122
0.003771789,0.14760312
0.0023032213,0.25258252
0.0021083334,0.13586323
0.0,0.09809988
0.0078954045,0.34091768
0.0035251875,0.18523291
0.0011007363,0.18521687
0.0048084795,0.08767922
0.0028850876,0.17977631
0.0017972678,0.22166039
0.0,0.17439352
0.008206088,0.17015192
0.006229167,0.09471962
0.0,0.41296571
0.0036063597,0.1502579
0.0041844784,0.16048396
0.010422887,0.28711733
0.0058138887,0.23619755
0.003286371,0.18368383
0.00583156,0.1863236
0.0,0.424054
0.002460353,0.4478231
0.0,0.1764253
0.0,0.17364065
0.00446875,0.12930346
0.0,0.14315228
0.80845624,0.98565125
3.918623,0.93726164
1.4646893,0.8285855
0.0020187441,0.442758
0.0023318608,0.25680226
0.64002883,0.5676374
2.1700757,0.90799505
0.016195834,0.40288526
1.0736245,0.65062547
0.0013635986,0.3782981
0.002880035,0.38834026
0.5387523,0.45147014
2.3401544,0.8079643
1.0486081,0.5815713
0.024249863,0.5885882
0.020962397,0.5758607
0.002921997,0.25754204
1.2344373,0.83876103
0.7906964,0.68890506
1.5261732,0.71157444
0.48812938,0.5703957
0.5801927,0.72665876
1.8766319,0.5994898
1.1478186,0.40673038
0.012059667,0.51333296
0.00659307,0.2602149
0.509715,0.4614872
1.9917521,0.53379804
0.9970416,0.367464
0.022123318,0.5529516
0.007655959,0.16777857
0.0072127194,0.32145035
0.0069564297,0.38947427
1.3223815,0.56113297
1.5472622,0.5276443
0.51652455,0.58966726
0.013852587,0.20455153
0.006758219,0.33605143
0.0011187075,0.075125776
0.90955883,0.6282824
0.0,0.20801955
0.0015087156,0.40048328
0.74343884,0.5518243
0.003849485,0.25096044
0.0017841064,0.18538536
0.015062479,0.4145327
0.008225437,0.5384947
1.6266478,0.48886603
0.5109455,0.4048095
0.8110171,0.56211454
0.011557731,0.2588437
0.0015311919,0.35437867
0.0055935374,0.13574271
0.0,0.23516724
0.51052433,0.5990625
0.0027047698,0.3903695
0.93834966,0.5327838
0.0,0.22510383
0.0028008516,0.24969532
1.3235894,0.34764382
0.00095666084,0.19227727
0.002257378,0.41707647
0.0005794574,0.09920432
0.0025294442,0.14493202
0.0020504987,0.095928274
0.0029984806,0.23189865
0.002525429,0.16472681
0.0024775895,0.19662745
1.2299105,0.70661145
0.0048725926,0.22263871
4.2713976,0.5885188
0.6201886,0.38781402
1.9502692,0.6485334
0.50352615,0.4572798
1.6720066,0.7168895
0.9267321,0.49652436
0.005374183,0.28677338
2.2229226,0.6044094
1.1908526,0.42268854
0.5430115,0.37502065
0.78597426,0.54319686
0.003729025,0.21164678
0.002277701,0.39990517
0.009451149,0.20279093
0.0,0.31407547
0.57535154,0.63795334
1.2047836,0.62984663
0.0,0.24817894
1.34412,0.57796323
3.6825333,0.50420344
0.5865383,0.4593749
2.0010068,0.59022385
0.6941608,0.4156125
0.0019279015,0.57117075
0.59289306,0.56321454
2.212702,0.6393178
0.026465317,0.29114833
1.2298324,0.44749555
0.91595614,0.36261302
3.0025287,0.6354852
1.7466502,0.44259813
0.58287203,0.40357992
0.88973266,0.5935865
0.017601682,0.5835416
1.2554785,0.6447218
0.96349716,0.69439
0.030092236,0.27136382
3.4742253,0.5848034
1.4791934,0.6316441
1.5661905,0.6282843
0.82225,0.44032127
0.0,0.17739294
0.0018645125,0.14418505
2.2232447,0.57629645
1.2266086,0.41185445
0.01265,0.15692307
0.021169038,0.5441958
0.0070145526,0.5293466
1.9526938,0.42445508
0.78093463,0.5559086
0.009745185,0.15585025
1.0504777,0.5668897
0.002905477,0.16668819
0.002041046,0.5740264
0.003028545,0.26145503
0.0030860896,0.2683567
0.0009549942,0.37089145
0.9486032,0.5627672
0.0044702683,0.3485364
0.005551055,0.19205402
0.002906267,0.21885134
0.0025099206,0.25947246
0.0022518584,0.37401775
0.004279513,0.5266969
0.0,0.3319998
0.002645592,0.25842568
0.0052607167,0.27667728
1.8494452,0.8232696
0.64664906,0.58382297
0.001978941,0.22477993
0.8952658,0.54052335
0.0034403766,0.30347297
0.012674374,0.4544565
1.3315519,0.73152655
0.10018218,0.6763649
4.315219,0.54570305
1.9396666,0.58695155
1.1239462,0.6437535
1.0662007,0.4475422
0.002346604,0.65611017
2.291978,0.55876255
1.4330643,0.3924559
0.0,0.13708927
0.0050060884,0.44683954
0.0036024097,0.30873933
0.0073088887,0.16930054
0.004316273,0.22360355
1.150863,0.88437325
0.0016075269,0.2491549
0.0020377943,0.22789595
0.0017237946,0.25139388
0.0,0.1427152
0.0028911745,0.14235798
0.0010833334,0.29880437
0.0046021454,0.40362942
0.6545543,0.6053661
2.6024184,0.51107186
1.0563123,0.6052707
0.005107143,0.2913312
1.3100774,0.62809795
0.5769012,0.44301042
0.0060907407,0.111428216
1.3491849,0.5632774
0.68330765,0.40193412
0.0,0.2057945
0.0011916667,0.28654197
0.0,0.20429209
0.002332624,0.12511033
0.0,0.16668399
0.0021752645,0.25125635
1.3748422,0.8438626
0.0025116457,0.20260766
0.021360332,0.5827306
3.8474,0.9182025
0.68239063,0.5168329
1.9008898,0.65327066
0.002334611,0.13613825
1.9267915,0.65092677
1.2050339,0.45839074
0.56316125,0.4299082
0.0,0.2925965
2.727248,0.5890076
1.8393189,0.41907847
0.8462843,0.5501134
0.0027003284,0.20365371
0.008476804,0.26837677
0.78309524,0.5986331
1.0004717,0.68423414
4.2631955,0.5559879
1.5826219,0.6958832
0.8511697,0.42184708
2.3105578,0.65683275
1.3917888,0.4631488
0.0021581366,0.4338226
0.005741969,0.69443035
0.6234066,0.34584934
2.5095713,0.59772164
1.1394436,0.42222467
0.50576705,0.5438462
1.4550676,0.6836614
0.5870093,0.4847522
2.1372461,0.4746876
0.7433472,0.63206536
1.1975932,0.63643235
0.6016739,0.44795972
0.0052096094,0.5585467
1.0075046,0.58185333
0.0062009804,0.11580132
0.002398979,0.17440431
0.0022103495,0.1212106
0.002139187,0.30679289
0.0031615647,0.33396187
0.0020377943,0.22877277
0.016561907,0.38438353
0.62647617,0.5795953
0.0011516106,0.35833332
1.3206161,0.6600218
3.5889578,0.69990987
0.63586354,0.5572479
1.8014992,0.6258135
0.6374568,0.44841483
0.7672369,0.9022061
2.7479422,0.6738735
1.2245371,0.48076
0.8109332,0.4409875
2.602847,0.6551569
1.6154542,0.46011665
0.5194744,0.49948797
0.83545333,0.6120307
0.0040806453,0.13376813
0.004056202,0.13471417
0.0015904255,0.22188821
0.005925564,0.35903415
0.35368142,0.66989595
1.6785511,0.6942491
0.012006672,0.3856468
0.0031303933,0.26425767
3.6707902,0.5702299
0.9263323,0.43737486
2.7282798,0.60042554
0.55151594,0.6656838
2.4657917,0.65701157
0.6281318,0.43341956
0.0,0.22470284
0.0036063597,0.50032413
0.0067259716,0.6008608
0.7438127,0.46787825
3.7220192,0.5690538
0.9151212,0.38141316
0.021317592,0.3877165
0.9955414,0.5455211
0.025092136,0.6712341
0.00094511494,0.5571409
0.004894345,0.21622683
0.0021083334,0.24605402
0.8129815,0.60516804
1.3956612,0.6426181
0.0021581366,0.2535299
3.3775501,0.6762157
0.7912217,0.48374742
1.8509524,0.60720617
0.7726817,0.67705023
0.26389617,0.45539746
1.742055,0.56946856
0.56619847,0.52454484
0.0,0.13672467
0.0,0.1658639
0.0013773032,0.5469944
0.005029052,0.49600735
0.86739314,0.5951337
0.0024471725,0.37264553
0.0,0.16913866
0.009010162,0.64230233
2.0244017,1.6426039
0.55332375,0.9318504
0.82822734,0.96824557
0.0046186713,0.79693496
0.0035000818,0.644686
0.0021988235,0.41386738
0.0,0.451785
0.6339728,0.9019312
0.003786989,0.6199484
0.0029747575,0.48829177
0.004551799,0.8736869
0.5710404,0.9517903
0.025355726,0.5379754
0.0029642077,0.4557263
0.812217,0.9004394
0.8785257,0.82439417
0.005250639,0.19192488
0.01939269,0.18913724
0.59006643,0.6896488
0.02242084,0.2824739
0.008433334,0.2723464
0.7392606,0.67002004
0.627806,1.66142
0.0014444444,0.371094
0.001009515,0.31929338
0.003085366,0.11871436
0.005362235,1.418618
0.00050152483,0.24631582
0.0030491347,0.09533137
0.0017201883,0.24886654
0.0024148312,0.28745478
0.0014821992,0.24280433
0.0016577621,0.285745
0.00296118,0.12206817
0.0025244518,0.2227123
0.002746326,0.3820652
2.471627,1.7505935
1.1814369,0.7644772
0.00077315466,0.15671863
0.76076645,0.966726
0.00446875,0.7181254
0.76014555,0.82831836
0.0027136963,0.1540325
0.6960631,0.7874902
0.5770415,0.49447316
0.0031655438,0.36754334
2.6478448,0.4881993
0.63932246,0.5141323
0.97314423,0.6730153
0.0023916522,0.17141831
1.064047,0.7246771
0.0012959023,0.3109099
0.0020906434,0.50460625
1.2411529,0.6909715
0.0,0.15269354
0.5514575,0.6896983
0.007475,0.24314906
0.09878622,0.49912798
1.8573287,1.7131003
0.6630353,0.73961234
0.011420139,0.37286255
0.0040306374,0.26374498
0.51004475,0.7904675
0.001684311,0.36774248
0.00155288,0.20352797
0.0032628968,0.47479507
0.7984913,0.43727538
0.0067466665,0.25179368
0.005242827,0.16358763
0.003784188,0.1675628
0.0055577196,0.19889252
0.0017812706,0.3864343
0.002949776,0.17957579
0.767352,0.8737563
0.0,0.16220255
0.016261797,1.1611248
0.0034383214,0.31285337
0.0017555378,0.3030809
0.0023032213,0.4815184
2.6610866,1.6770561
0.9992844,0.6874203
0.01896174,0.2826902
0.003038618,0.28615978
0.010151234,0.7276845
0.002716141,0.3631431
0.5902946,0.735899
0.0030252023,0.1548024
0.0026326652,0.29443878
0.0015363416,0.13937631
0.0012928459,0.21006587
0.0022307378,0.47617942
0.0026103174,0.40663773
1.3423662,1.6554686
0.50594676,0.7075418
0.00229039,0.2384966
0.0033379567,0.27731147
0.0013240741,0.217024
0.0024201619,0.30124882
0.03823264,1.5482229
2.2621,1.4629617
0.5338155,0.6149603
0.98382753,0.7211328
0.014287323,0.86295164
0.5310982,0.8602086
0.0024212308,0.39701173
0.002514526,0.48316526
0.7988759,0.7480256
0.004404219,0.34083125
0.0029246698,0.17086452
0.0014152323,0.07360868
0.0020334746,0.16512159
0.0017930686,0.31991687
0.0056804838,0.29456052
0.0075091324,0.30387738
0.23176028,1.3341035
0.002039961,0.23050286
2.3771188,1.5924879
0.7340612,0.7123007
0.74683654,0.84827536
0.0033197072,0.5166494
0.00448772,0.41041368
0.0021292986,0.5656357
0.7975064,0.7483811
0.0023748851,0.47171652
0.0023373354,0.35526818
0.0025822117,0.2252631
0.0011003964,0.20115808
0.003795417,0.6801644
0.0036271857,0.31992903
0.57188106,0.718608
0.005508374,0.7254616
1.0095443,1.7042476
0.0027967687,0.12614949
0.0017265092,0.14378808
0.0021810345,0.2066031
0.0004282552,0.31865913
0.002542517,0.55032
0.0024644372,0.96769047
0.0011646601,0.20216756
0.002791407,0.6135888
0.0017628637,0.31874636
0.6116023,0.6991188
0.0027557933,0.18626747
2.3686926,0.7461775
0.5299658,0.61941224
0.91957325,0.7299972
0.00277975,0.48559424
1.2158186,0.8125711
0.0038016844,0.59095514
1.132742,0.7422034
0.0048407884,0.2937686
0.002398769,0.19892712
0.0,0.233047
0.6932837,0.75538474
0.002045398,0.30685937
0.0017601682,0.50150144
0.90000415,0.6861805
0.6527302,0.5785906
0.004965278,0.2803983
0.83897376,0.714004
0.97001094,0.9247176
0.004965278,0.3237084
1.4037986,0.77936524
0.003079588,0.1321594
0.0,0.19068278
0.0031503832,0.28591165
0.0036382743,0.18135668
0.004350529,0.3174342
0.7197061,0.790761
0.7669594,0.7607723
0.56113005,0.61045414
0.6557822,0.7403198
0.0064871795,0.37978745
0.0009894705,0.84923935
0.004203732,0.62937003
0.0022492185,0.301446
0.017959876,0.8742425
0.0027477026,0.15956528
0.00088988093,0.3830042
2.5773892,1.1441962
0.9994111,0.7289712
0.0042881356,0.34568313
1.0354259,0.8868148
0.0034367817,0.5693495
0.003703829,0.42159018
0.00676749,0.5825622
0.51227736,0.77796793
0.0031911384,0.3468224
0.004249354,0.27505288
0.0032890001,0.29674056
0.9578789,0.6637572
0.5552246,0.28966293
0.0031747106,0.28808093
1.2853131,0.985022
0.009702065,0.26542255
0.024183823,0.17027411
0.012458334,0.32625738
0.7006681,1.27154
0.0,0.1469115
0.0016217949,0.33917663
0.0017720906,0.28303865
0.0015842967,0.31670022
0.005412777,0.2722896
0.865315,0.58426887
0.84001464,0.8089191
0.0038852019,0.21715358
0.0033977274,0.7117391
0.003972222,0.21494399
0.0,0.3502623
0.0039002802,0.57879424
0.0042603626,0.33884326
0.0,0.12231557
0.0064744093,0.18053298
0.009574964,0.25858217
0.0025834762,0.26512137
0.9973097,1.1284541
3.3976882,1.2765799
1.7979866,0.79004675
0.0014425438,0.17446266
0.88803,1.0057962
0.740716,0.8652198
0.0047805235,0.27779093
0.0019369847,0.21673398
0.0050489036,0.5996556
0.8023436,0.5844892
0.08806753,0.3165443
2.839643,0.56968135
1.3568718,0.68988645
1.2285184,0.843203
0.0021513605,0.21394579
0.77895796,0.7236426
0.0,0.21638021
0.0019647551,0.5165424
0.0067083333,0.28157714
0.5061198,1.1684173
1.9014531,1.3274647
0.7955629,0.72480136
0.010461196,0.4326991
0.0032628968,0.102725364
0.0023902617,0.36602917
0.0041061174,0.1424779
0.0,0.1293668
0.0,0.23171489
0.11937547,0.97964
0.0015226852,0.58557594
0.8887489,0.4846014
0.012032927,0.31412312
0.005075617,0.22629008
0.008522789,0.3996761
0.88378304,0.8196814
0.016949346,0.50169826
0.0037545662,0.36030442
0.0015935077,0.13690738
0.0018560948,0.6523719
0.004705293,0.17524998
0.0033130953,0.19241704
0.007899645,0.7020725
0.0013198234,0.77056223
0.0028197875,0.30722347
0.003851288,0.37694755
0.7248542,1.1355866
3.4174209,1.2760857
1.4244612,0.6678288
0.0042049047,0.9622109
0.004420699,0.14836635
0.0050175437,0.6849211
0.008120988,0.19605374
0.0026165473,0.77704996
0.0026438907,0.33064768
0.001403157,0.17059217
0.0028256015,0.26523396
0.0055586323,1.0751686
0.004420699,0.30929664
0.0022872044,0.5052982
0.66113,1.442374
0.0011232924,0.115309715
0.001495,0.21794161
0.004758391,0.39900547
0.0024255163,0.19834532
0.0009015899,0.3829386
0.0019211449,0.29671574
0.0021926668,0.18021265
0.006337187,0.4874052
1.4281805,1.1865593
0.5086477,0.69587404
0.002030247,0.45088407
0.50585204,0.8724049
0.0060907407,0.38030645
0.011420139,0.24022232
0.0028353448,0.39271393
0.0039342106,0.56051284
0.0018902299,0.211352
0.0014762118,0.47319877
0.0018645125,0.3874525
0.72397435,0.8326627
2.190535,0.95734876
1.0917535,0.7698604
0.0,0.17884903
0.0019765624,0.16068704
0.5434924,0.9873793
0.0030341328,0.17766814
0.5078116,0.8658409
0.002894567,0.4275978
0.0025203065,0.50936365
0.0024639962,0.32871646
0.004127761,0.464961
0.0007308889,0.3173016
0.0017143602,0.5738603
0.6149364,0.96594447
0.029416582,0.21111475
2.9191048,1.0779771
0.0078061707,0.3079405
0.9334406,0.677013
0.0011994895,0.159846
1.0203164,0.8487227
0.0017972678,0.18679252
0.0023140244,0.81238633
0.58646125,0.7542826
0.0024601524,0.28654805
0.0017836225,0.22650127
0.0018569331,0.170113
0.001844437,0.46709654
1.0621754,1.3196731
0.0069304635,0.7468628
0.0015226852,0.13351609
0.0035082668,0.39002427
0.018872717,0.6124401
0.0,0.23946218
0.0,0.257393
0.0029598633,0.16402504
0.003171649,0.16532157
0.0009923364,0.33064595
0.0022698413,0.45801833
0.77238196,0.7892626
2.546501,0.82007885
1.1727483,0.7506327
0.022840278,0.21522604
1.5076683,0.9405623
0.7503593,0.8342125
0.40905148,0.71072274
0.00291423,0.2344103
0.0014553097,0.23755936
0.0,0.37470832
0.05173096,0.2847201
1.5825754,0.6231984
0.5808698,0.71591526
2.118373,0.8963664
1.6263659,1.1250778
1.2417369,0.96511894
0.72748715,0.82252234
0.002086929,0.2502654
0.0076191463,0.48552737
0.001727416,0.28673115
1.9893466,0.74740916
0.7326458,0.7712473
1.9893882,0.90953785
0.7263823,1.1433328
0.004787482,0.45098397
0.0019718225,0.3859692
0.003383745,0.33171967
0.0,0.31379
0.0,0.27671584
0.0027271973,0.281147
0.0052008224,0.48293236
1.2834061,1.0815718
0.025695313,0.5723532
2.7811396,1.4919521
0.67925,1.3793863
1.4960382,1.0851187
1.3419405,1.2784296
0.9253241,1.1749347
0.018272223,0.3799461
0.0,0.28964683
0.0,0.31084752
0.0060907407,0.26630142
0.0,0.42401195
1.5896833,0.7067998
1.2091912,0.79301745
0.9512304,0.77722555
0.0,0.3742393
0.0,0.6722812
1.3166748,0.7642705
0.7054276,0.6832933
0.0,0.35961208
0.0,0.37980708
0.5481667,0.7406987
0.5380154,1.2297485
0.8483532,1.5266129
0.0,0.28190947
0.0,0.25803766
0.0,0.6775115
0.0,0.25198564
0.0,0.43607986
0.011916666,0.32548153
0.010541666,0.20311467
0.0,0.20891932
0.0036544444,0.48215055
1.2072718,0.63264614
0.54148173,0.7352791
0.0,0.2909381
0.769766,0.72774607
0.0025496124,0.33166364
0.003404762,0.19737144
0.0,0.19385947
0.0028550348,0.20656262
0.0014501764,0.27451906
0.0,0.2953851
0.01661111,0.7467203
0.0,0.5023561
0.004350529,0.7549321
0.8455762,0.382957
0.0,0.3053696
0.0,0.53583926
0.01612255,0.12928815
0.0,0.3345888
0.0,0.4194531
0.011420139,0.14545713
0.0,0.15627877
0.016363185,0.23156968
0.0,0.23647884
2.1723642,1.2977349
5.2336864,1.592281
1.0963334,1.0368258
2.3023,0.92419195
0.53625,1.747307
1.8540932,0.8477955
1.5477647,0.7840992
0.66563094,0.68451077
2.1917248,0.5948234
2.6488333,0.59339714
0.63215995,0.7427383
1.5789584,0.7085095
0.0,0.1939268
0.003915476,0.5876849
1.0831773,0.7729718
0.0066849594,0.308087
0.94837683,0.70560175
0.0026103174,0.23840779
1.5725687,1.2928339
2.1551604,1.5657306
0.5647778,0.9213826
1.1396097,0.81414837
0.033733334,1.6663898
0.0042825523,0.3147924
0.5506359,0.76846045
0.018272223,0.7199532
0.0,0.20888783
0.0,0.40480328
0.0071190475,0.24575993
0.0,0.2895878
0.9275381,0.51822406
0.0025261138,0.27468628
0.003953125,0.26069006
0.0,0.3490323
0.0022651516,0.30042621
0.004216667,0.52446204
0.0013402608,0.3680285
0.003052153,0.18752393
0.0028159246,0.59137547
0.51821715,0.8664226
0.0,0.89192766
1.2718256,1.1057079
0.005270833,0.27397466
0.0,0.4499999
0.20229961,0.76713824
0.0051713837,0.3473157
0.0,0.2783156
0.0,0.1525761
0.0,0.14410047
0.0,0.16952477
0.0018519145,0.6445079
2.175678,1.3156453
0.5266699,0.8581956
4.685112,1.5537392
0.79484165,0.8077547
2.3043303,0.7790429
0.0066444445,0.13744488
0.0,0.07890087
0.553061,0.82420915
0.0,0.362786
0.9572463,0.7464478
0.013369919,0.15489554
0.0,0.24969438
0.0,0.752369
0.0,0.4931582
1.2275845,1.6484383
0.0065257936,0.4088944
0.0,0.17219172
0.0,0.35638282
0.0,0.2724584
0.0,0.16014497
0.0,0.20909493
0.0072127194,0.27747425
0.004894345,0.8355444
1.059789,1.2081538
1.7149786,1.502865
0.5048904,0.7915568
0.01713021,0.20311938
0.018902298,0.30073097
0.598,0.81193274
0.0,0.47314754
0.019301644,0.3044494
0.0,0.41850153
0.0,0.12573254
0.0,0.20284219
2.1529446,0.98643905
2.7374496,1.3298422
0.67039305,0.9426721
1.2220892,0.8311624
0.014425439,0.4403598
0.7736981,0.82700366
0.0,0.45966703
0.84545285,0.7698659
0.005270833,0.32463446
0.0,0.35603413
0.0,0.63784045
2.0327847,1.2845103
0.0038603286,0.45653808
3.2369242,1.56929
0.783707,1.0882596
1.1628584,1.0723113
0.0,0.4607308
0.004350529,0.2820852
1.2046919,0.9911015
0.0,0.5061659
1.1080798,0.90269613
0.0047255745,0.3796138
0.1270295,0.6230739
0.0033022088,0.3868375
0.70292926,1.3832399
1.4795178,1.625881
0.5761344,0.86391574
0.5093202,0.8674734
0.0,0.9554253
0.018272223,0.28955832
0.0,0.7723953
0.0019438535,1.283275
0.005270833,0.3225865
0.006374031,0.53195745
0.0022465847,0.8170907
1.8334312,0.8172259
2.1840115,0.8883298
0.8751433,0.86322266
1.1991146,0.75961214
0.0,0.53400093
1.4469464,0.83225816
0.87300617,0.77148587
0.0014815315,0.454427
0.023492858,0.5534488
1.28271,0.6938362
0.9764219,0.77876335
2.3144815,0.7728966
0.0,0.25011516
1.7173945,0.8107443
0.0,0.44184986
0.0,0.26484856
1.3848422,0.71299547
0.0066849594,0.62009263
2.3664756,0.94033355
1.3312619,0.85003656
2.2200751,0.86357886
0.58520496,0.7257584
0.0,0.34378663
0.0,0.7413862
0.0,0.51565474
2.5488,2.0051787
0.58663917,1.5242393
4.581779,2.274527
1.1814101,2.9787884
2.5800445,2.0668917
0.7404179,1.6350311
0.80949533,2.1619291
0.6832105,1.5862509
5.0751295,2.2849522
3.2945008,3.2276425
4.8769,2.3686225
4.037656,1.8182927
0.0,0.41425058
4.394216,2.0186908
4.1819677,2.8834171
4.452065,2.1294148
0.064732164,2.3591342
0.75634646,1.2429028
3.8974073,1.622728
0.007724022,0.83197397
3.4794443,2.036733
1.7082058,2.705243
2.3002481,1.8660954
0.60371274,1.2680831
0.5979758,1.6705701
0.0135317035,1.1061131
0.5344007,1.0992037
1.260974,1.3865489
0.0032619936,0.69921285
0.81558305,1.378755
0.5053874,2.0979817
1.0658796,1.9949571
2.172267,1.9415689
0.6582708,1.6229851
0.66736746,1.2317928
2.937045,2.1741009
1.44627,2.1312811
4.4147773,2.1940334
2.0241468,2.8775072
4.69565,2.1891408
0.5360925,1.1992252
3.195865,1.6920865
3.4281096,2.0299606
2.1465456,2.6784058
3.7058952,2.052317
0.019332385,0.5694024
0.6623551,1.1194935
3.1486514,1.557665
2.8319945,1.9666905
0.63039166,2.683783
0.013983844,0.7178927
1.7404753,1.8648963
0.8062572,1.3929566
0.01617853,0.31917375
0.011154555,0.13352719
0.58536464,1.391055
0.026338339,0.5054659
0.5153022,1.9846812
1.21254,1.9007928
0.8588642,1.5747396
0.0016712399,0.6976101
2.1366496,1.2701854
1.0288439,1.9735076
2.3251293,1.6984942
0.9540138,3.2070732
2.4543946,2.2999823
1.5091873,1.7151868
0.011556217,1.4428833
0.0058564814,0.13571012
1.6330236,1.128985
1.799433,2.7612453
2.0735455,2.0997813
1.6889443,1.5684747
1.5424477,1.0089586
0.9714807,1.8261498
0.0015572917,0.26023012
0.00066686946,0.14762507
2.187891,1.9212581
0.60610515,1.0504397
4.902062,2.1707048
1.2296892,2.9183714
3.1249154,1.8465747
1.27646,1.5107447
1.2855285,1.8836521
0.5549656,1.5382189
0.0029913597,0.37491602
2.4583306,2.2356868
1.2110659,2.5543623
2.9586875,1.8890268
0.06272554,1.1799405
1.5940397,1.4613312
2.9230547,2.049481
3.3288743,2.292496
3.7324758,1.730095
0.23985799,1.096504
3.0893505,1.4104592
3.0485404,1.9889212
1.4713948,2.157116
2.4837153,1.5573968
0.92267746,0.91542155
1.6612526,1.1905549
0.003994488,0.78219473
0.034654215,1.5928093
0.61059135,1.8786805
0.0073489742,1.2465166
0.0032245098,0.6834894
0.9878798,1.0955029
2.9414506,2.273154
0.72643036,1.6261351
0.0017237946,0.08217718
1.0565339,2.1288579
1.9310813,2.1811578
0.0033527014,1.4487491
0.0014324913,0.68439
1.9265803,1.7264106
0.73907936,2.8398461
0.043276317,0.670731
2.63954,1.8081474
1.1752689,1.6755317
0.604672,1.4378933
0.0023518703,-0.006951139
2.6621993,2.0150328
0.5464265,1.7188329
0.68067235,1.8646723
0.7349356,1.1848732
4.6538916,1.961744
1.435276,2.729176
3.0637193,2.434899
1.2062165,1.6947136
1.0776724,2.516258
0.7055208,1.4549364
0.91780424,1.9376539
0.0083562,0.6146589
4.027219,2.2917836
2.2556987,3.479374
4.2328773,2.595219
3.0241795,2.0798633
0.0012074156,0.4573981
0.0022044235,0.93471825
3.6408415,1.6106182
3.9671235,3.1754851
4.093251,2.359718
0.044957556,3.1008239
0.59768826,1.1949346
0.69825995,1.353922
3.8048189,1.855861
3.4725876,1.69691
2.027514,3.108073
2.692278,2.1925354
1.127325,1.8548288
0.57736456,2.785192
0.70266175,1.2769607
1.9341643,1.6926004
0.003904321,0.30356154
0.014683036,0.6869112
0.0014055555,0.32273164
0.00057100697,0.32342562
1.1074642,1.5483665
0.005817,0.19328536
0.6002951,1.8838989
0.0009966667,0.3695334
0.6369599,2.0864463
0.99055845,2.311143
0.011962559,1.0923661
0.0,1.6998724
3.0763693,1.8856977
0.7283986,1.5737644
1.1234561,1.3938128
1.2270564,0.71667105
3.9597902,2.1046982
1.5168555,1.7836598
0.014225778,1.5891078
2.5486267,1.5477911
1.2815998,0.79838
1.3559219,0.81151336
0.014584251,0.511589
1.149813,1.0456556
1.1024182,1.1789461
5.2253466,2.1765065
3.320395,1.7289821
5.1229773,1.5472895
0.8961382,0.75446147
0.79837155,1.1122298
4.098499,1.2084408
0.0010076594,0.27575222
4.019937,2.0205426
4.3889666,1.4637831
4.4864626,1.4158131
1.121143,0.71442527
1.321997,1.038981
4.294243,1.0833594
2.9449942,1.9389051
1.7166866,1.2297349
2.4898386,1.1781347
1.1304187,0.5279544
0.5363172,0.48148087
1.2424698,0.9504153
1.6524595,0.8892299
1.2610095,1.4608343
0.0044738688,0.18949522
0.6475609,1.5235068
0.5034826,1.4793404
0.0025848208,0.5492373
0.0020189297,0.57753223
0.0029244914,0.47953776
0.7091603,1.3853506
1.4539299,1.4483334
0.5711713,1.1062193
0.0044064843,0.79997545
2.4679682,1.3248519
0.54005116,1.4073582
0.58068836,1.7074558
0.65666497,0.9281185
0.006588542,0.7236606
4.1834426,1.2084409
1.1644692,2.2300167
2.5417464,2.0565948
0.8730557,1.4834732
0.87010026,1.9946394
0.5934005,1.2529428
0.8855779,1.591119
4.100304,1.9071579
2.6144829,2.9861894
4.4531684,2.2246423
0.014265688,0.84004956
3.270653,1.7088662
0.00089569716,1.1142157
3.6458852,1.1510049
3.8992376,2.5684412
4.0871887,2.0625887
0.63955516,0.9984761
0.8374533,1.1563534
3.8289924,1.5769113
2.9266932,1.0360123
1.6118847,2.4290297
2.2809014,1.8906709
0.79010445,1.3031474
0.025551833,2.2764125
0.794396,1.0913417
1.3746216,1.4203514
0.0046161404,1.1790642
0.004420699,0.2209729
0.8887954,1.0817384
0.0019615593,0.31318644
0.003887707,1.2832657
0.5694426,1.9342159
1.3158598,1.7127302
3.0468931,2.0071301
0.7364682,1.9587767
1.9490796,1.6011832
0.0023781634,-0.019600509
0.0016201971,0.14753346
3.057064,2.095752
1.2937247,1.8153294
3.834539,1.6189852
1.9656956,1.2173487
1.939851,1.9387488
2.693394,1.5901352
2.8255322,1.512192
2.3011017,1.1318543
2.130185,1.8137408
0.82044286,1.2868161
1.5641001,1.2383753
0.6513916,0.91515
0.0017935256,0.29957053
0.0026668499,0.5582724
0.003353385,0.67612296
0.0035063967,0.4443974
1.2868872,1.8789017
0.0025030442,0.52496594
2.3089352,2.1752226
0.556626,2.8893554
0.9525635,1.910658
0.389874,1.5355711
0.0019813252,0.11985672
2.423453,2.235092
1.0179627,2.5892844
2.4406075,1.9244329
0.012148558,0.7822967
1.7371806,1.5457064
0.010088957,1.6152476
0.0011141599,0.29251552
2.1394243,2.1087785
2.4327867,2.4473932
2.3931038,1.8922063
2.410963,1.5137318
1.9687994,1.9898
0.73486805,2.2791498
1.137251,1.6378235
0.004090796,0.5439711
0.67302686,1.2892205
0.006274197,0.6804047
0.0022130953,0.9158481
0.012605066,1.3820828
0.0025024428,0.73027873
0.0021496732,0.48163787
0.0006173048,1.1244513
2.5826595,2.1011071
0.58275545,1.4591235
0.7494287,1.5997462
0.7001298,0.69570845
4.629259,1.7973827
1.5330524,2.0088787
2.5265794,2.0145636
1.3190588,1.1181134
1.0330073,1.4164577
0.6521382,1.2265111
0.839218,1.5386196
0.0065780003,1.43809
0.009940846,0.34698164
3.6830654,2.0557206
2.3352952,3.2737663
4.2191772,2.315487
3.2069416,1.7580932
0.0,0.26324603
4.2024965,1.2692505
4.3752975,2.861156
4.233958,2.0671463
0.5552694,0.9925872
0.88361347,1.224949
4.0652966,1.5630125
3.1210043,1.5701171
1.5451157,2.5079212
0.011568452,2.0741715
2.3856902,1.8236918
1.0001273,1.26758
0.55289227,1.6136965
0.68549263,1.089949
1.4287914,1.3446511
0.0024992402,0.17662598
0.0047991243,0.67023605
0.82492644,1.3994219
0.5465468,1.6299831
0.00080612744,0.25216663
0.0,0.20859061
0.0025314162,0.53694576
0.0,1.03392
0.044947714,1.8804238
1.9140153,0.8050937
0.0028093103,0.8242647
0.0020922392,0.625984
0.92077214,2.1550527
0.0018031799,0.93915784
0.00240776,0.55524147
0.66029644,1.7140616
0.0040409723,0.6407842
0.0027103936,0.71742743
0.0016835586,0.19194005
0.0024581465,0.72537994
0.00272043,1.6705308
1.6260802,1.4389206
0.0026708816,0.64755213
3.3958426,1.3780073
0.9053843,2.1378827
2.0849624,2.128654
0.73461586,1.4183468
0.6106867,1.9794636
0.6375897,1.630715
0.0018945852,-0.06728999
0.0032094067,0.18919615
3.075844,1.8426851
1.7410682,3.2148123
3.592497,2.3910189
2.5075386,1.8323044
2.6803021,1.2572943
3.055223,2.745627
3.150012,2.1520114
2.7800221,1.6422914
2.7937121,1.1296777
1.1498715,2.5011177
1.8598185,1.9311234
0.6704374,1.3708919
0.5242934,1.1006225
0.9013462,1.4379755
0.003675447,0.23023586
0.56801224,1.159309
0.005270833,0.17283951
0.0060255993,1.2139152
0.53676915,2.0581868
0.003806713,1.3325291
0.00417992,0.9579835
3.0667078,2.0019546
0.7935735,1.8991257
0.972963,1.6442237
0.9558988,1.0661248
5.321112,1.8514935
1.8564066,2.9591498
3.6055124,2.1590962
1.5520729,1.766081
1.4166161,2.6225076
1.058555,1.3005234
1.4470775,1.6801506
5.0445995,2.1997056
3.240656,3.048981
5.485226,2.3184536
0.78412366,1.1367255
0.67983526,1.2893134
4.799635,1.7932937
4.76081,1.5718422
5.1143403,2.7365746
5.3047776,2.09865
1.1228254,1.0319725
1.4729892,1.1764536
5.1440926,1.614406
4.2519846,1.7525686
2.542716,2.741423
3.328228,1.917844
1.3993556,1.3572322
0.8485288,2.2014656
1.3315201,1.101323
2.2927275,1.4411001
1.2814993,1.3537786
0.6858429,1.6330341
0.0027587654,0.20685922
0.01479247,2.423203
0.9445749,2.044425
0.0033121854,0.74281484
0.514216,1.5448787
2.6168149,2.0228653
0.59080327,1.6648514
0.6785859,0.7896752
4.8232775,1.8038346
1.2383034,2.049716
2.6489093,2.011057
0.8211651,1.6783613
0.0,0.3820369
5.4678245,2.080687
3.7624972,3.0494142
5.068043,2.2850103
0.51938254,1.1232122
0.6495659,1.275731
3.8297155,1.7139204
4.509016,1.4530783
4.389941,2.6080432
4.634166,2.0214162
0.60978365,1.1455928
3.3016245,1.5126516
3.7085583,1.5816895
1.5983925,2.4883165
2.6515408,1.8445988
0.5202756,1.906117
0.6524413,1.3571376
0.0012021199,0.34412578
0.0027810035,0.5664174
0.5717363,1.480965
0.0021890744,0.34979567
0.6570698,1.8940487
1.2176323,1.9560335
1.340972,1.8628504
2.5266516,1.6018564
1.2799219,2.069627
0.0022429079,0.14860342
3.0904696,2.0506186
1.6981791,2.6347003
3.3711824,2.1844022
2.1254714,1.6411856
0.0058612525,0.8346902
0.010583202,1.6466005
0.0016644737,0.23520793
2.0142467,1.4454182
2.1916292,2.2418032
2.427867,1.9670081
1.915368,1.4838091
1.7936302,1.495726
0.6309328,2.2471037
1.2135514,1.8717426
0.14127405,1.8720313
0.0019729144,0.72351176
0.003305053,0.41226318
0.01577206,2.401777
0.029630631,2.4120014
0.5328611,2.0221002
2.6894982,2.0132895
0.61630493,2.2200084
1.0269669,1.6499385
1.0668815,1.1701522
4.030629,2.2461348
1.5404177,2.742764
2.8325567,2.0498092
1.2641056,1.3961457
1.3524132,1.748895
1.0458578,1.2081735
1.0848204,1.584871
0.013153156,1.2958802
0.0025964081,0.527971
5.2488785,2.278073
3.2247248,2.5582151
5.1412644,2.060122
0.86528224,1.0180942
0.8424799,1.2076175
4.088771,1.637735
0.013684892,0.90709776
3.6621718,2.156774
4.045932,2.255491
4.0882583,1.9674437
0.8703634,1.0110277
1.0296036,1.1382022
3.8246057,1.5200663
3.3199403,2.0713525
1.8003297,2.0920982
2.6296046,1.7616506
1.1572592,0.94179434
0.029337287,1.7323235
0.5608681,1.1009692
1.2442374,1.0457249
1.6926211,1.3289806
0.00242517,1.3868734
0.0035804943,0.68035007
1.295751,1.5124693
0.21844992,1.3963882
0.515458,1.5653267
0.91613954,1.9001245
0.6229015,2.058698
0.0041585057,0.77352947
1.6056818,1.8540907
0.0121935485,1.0920883
0.69465137,1.4419082
4.1617994,1.9357523
0.95695305,2.6079187
1.44547,1.523057
0.51637715,2.3257558
1.9022689,1.3181671
7.282333,2.1819563
2.6615531,3.1790779
4.579237,1.950812
3.0226014,1.7694107
0.70913625,2.8831072
2.6382694,2.0819964
1.2959912,1.2632898
1.3104609,1.5809878
5.8415833,2.2532177
4.07522,2.813774
6.3434973,2.0065327
0.5358153,0.9783277
4.597263,1.5475408
1.13687,1.8496639
6.291083,2.1049254
6.857543,2.7008872
6.877949,1.9475006
1.3797748,0.92445767
1.5598812,1.1513919
6.6897297,1.5503099
6.147298,2.0035448
3.2083874,2.5147839
4.9163003,1.707639
1.9178877,1.1973974
1.3479853,1.3929244
1.0697321,1.0343704
3.0143733,1.2892879
0.0023476088,0.06927029
0.0010265294,0.4629908
0.0041597807,0.29946774
0.003126426,0.26928213
0.01598197,0.9390641
1.5992099,2.0378819
0.1220234,1.9870337
0.55335903,1.7720356
1.1784238,2.0338407
0.22899914,2.856962
1.9189906,1.7628409
3.1663387,2.0487323
0.7067435,1.7267045
0.9365735,1.7112781
0.0056366753,1.149788
6.044237,2.3029764
1.6916081,3.5065923
3.695995,2.2330801
1.8115195,2.24047
1.7576842,2.6605272
0.5812885,1.4655571
0.8076381,1.8850932
3.1680458,2.3061078
1.63254,3.2036953
3.4540343,2.184701
0.009616959,0.87954175
1.8781756,1.8172798
0.0031870154,0.5325122
3.4326663,2.1398811
3.9329972,3.0157273
4.2536006,2.0796425
0.5980608,1.0442597
3.4808583,1.7428601
3.5661151,2.091332
1.9343958,3.0477653
2.989725,1.9042524
1.3704166,1.7014396
0.8673048,1.9876949
0.54171765,1.1962881
2.0845485,1.5747545
0.0012346096,0.7313817
1.1920134,2.2242427
0.76708305,2.1111603
0.7121961,1.9721786
3.9392216,1.5610749
0.86663,0.9027528
0.88157755,0.6785994
4.4342294,1.8129897
2.0242257,0.96186644
0.005339286,0.45342195
2.060189,1.8931015
0.71566206,0.9766374
3.2221396,1.1544915
1.4057355,0.8271832
2.3550508,1.7251754
2.2580955,0.7502921
3.594757,0.9337298
2.3536496,0.67677784
2.0840123,1.603777
1.6771889,0.7900931
0.0043333336,0.18190612
0.0022840279,0.28985146
0.004420699,0.7630903
0.06196117,0.68871623
0.7062214,0.9796501
3.3575208,1.5493135
0.17561027,0.62350804
1.0102576,0.80129695
0.080711655,0.34088752
0.5749198,0.644956
0.9592917,0.5637484
2.5709915,1.7974893
0.95738834,0.9650851
0.02257157,0.2705194
0.004249354,0.09740803
1.8353951,1.8246459
0.57688016,0.9498392
3.3623216,1.1872929
1.5045247,0.8181674
2.0131478,1.6234947
1.0610436,0.6551715
3.4499443,0.8922667
2.1138544,0.6327619
2.0584219,1.5262004
2.1493905,0.7600948
0.013369919,0.21255095
0.016978614,0.3026367
0.5250808,1.262169
0.045365516,0.41977608
0.9033169,1.0435607
1.1665419,1.555652
1.4867083,1.7148573
0.7956667,0.94013536
0.70172286,1.7223252
1.5678861,1.1382467
0.8044872,1.5725542
0.9049101,0.7210489
1.6727452,0.91475946
0.91637546,0.65673167
0.7641467,1.5302619
0.005790493,0.6260316
0.78326404,0.77984554
0.0041844784,0.5683952
0.0027408334,0.32979858
0.0064871795,0.40643916
0.0,0.53266436
5.6009126,1.5878978
2.2939239,0.8358962
3.2475655,0.66131544
3.193753,0.57102764
3.8886192,1.8121346
0.61469173,0.9567992
2.2561843,1.078518
0.75788194,0.32479906
0.015226852,0.45304394
0.0020763888,0.17258413
0.5009428,1.9030248
1.7794203,1.2772051
0.022348333,0.8123412
0.0022651516,0.17842968
1.1649414,1.5961735
1.3418664,0.7594438
3.2886927,0.98077744
1.3007712,0.6826429
1.2269028,1.4888834
1.8943995,0.8415659
0.0018272222,0.3537282
0.0036131514,0.7499789
0.5311597,0.97967166
0.0058770305,0.87602985
0.0076845796,0.5749811
1.9578217,0.8189652
0.013051587,0.7307756
1.8255382,1.5429268
1.3683069,0.87026197
0.0023774267,0.21790197
0.0069,0.4854079
0.0034089966,0.11063117
0.0045037167,0.26987237
0.01172549,0.812308
0.0047012577,0.6578337
0.0025232069,0.65031093
0.003972222,0.67709875
5.4403296,1.7109047
0.89190656,0.7979174
2.7216666,1.071403
2.2092195,0.87582606
2.878745,0.8032171
4.6492944,1.9450271
0.8114593,0.8979315
2.3743625,1.1483938
0.6429624,0.49197212
0.7533464,0.8482388
0.0039837696,0.24151446
1.6824414,2.0011814
0.87925935,1.1407067
3.6152897,1.3954736
1.4022869,1.0088724
0.0018394855,0.7551903
2.3097231,1.7459569
2.6566923,0.8215147
3.9808276,1.0763196
3.0472603,0.7805327
2.5802302,1.7300376
0.7713892,0.75025874
2.2584467,0.9338364
1.0909592,0.6767157
1.3972418,1.4003555
0.81449294,1.2377309
4.4372888,1.4739333
1.2704253,0.54691136
2.5246015,0.7415083
0.29773423,0.45320517
0.8245662,0.22148263
1.815924,0.6836142
1.5914441,0.5259077
5.081244,1.5671381
1.4654506,0.52117187
3.5041296,0.68229437
0.68663585,0.24840222
1.7988522,0.17612416
0.8347557,0.7944173
0.8861705,0.48527
0.0023032213,0.18453336
2.8689415,1.7650782
1.4183147,0.62972564
5.0670476,0.83379
0.5015316,0.9470871
2.3046799,0.5761014
0.006591182,1.6081331
3.4458878,1.5450028
3.7790496,0.529728
4.4302764,0.6943589
0.78638184,0.8410291
3.382388,0.48876777
3.3389342,1.4187032
1.1299927,0.42156583
2.5378468,0.5732178
0.84716666,0.76421535
1.2965382,0.39901713
0.0020272436,0.18186854
1.4693657,1.2467898
0.25885648,0.43771216
1.1253369,0.6524903
3.2375498,1.5695463
0.52247137,0.8377868
1.2676355,0.9957078
0.707969,0.76652247
3.7588573,1.724469
0.7659518,0.7343264
2.1224947,0.857597
0.52325,0.41262558
1.0081667,1.7368853
0.53116924,0.83300585
3.2413838,1.005365
1.2772872,0.7292811
0.0,0.2651978
0.001986111,0.2632564
0.0,0.34949595
2.3645782,1.5719517
2.6183705,0.6641216
3.6571717,0.80602926
0.02220422,0.41774222
2.6958225,0.5921146
1.9500872,1.5526015
0.55022746,0.6141834
1.8047898,0.6976011
0.6312033,0.5148694
0.003915476,0.35841826
0.0040012165,0.18248372
0.6802087,1.2638019
0.0012127581,0.20742087
2.764818,1.3486902
0.90079606,0.6880433
2.629266,1.5577757
1.4904553,0.7077061
0.65598786,1.730604
2.714291,0.9142932
0.62712073,0.6227536
0.0008927796,0.07985031
0.0032758964,0.14349274
1.024249,1.4557669
1.516937,0.49508932
2.7068636,0.71459055
1.5710514,0.499108
1.2395481,1.2861819
1.2537855,0.56754404
0.0064439657,0.22287153
0.003955842,0.37066725
0.005307952,0.29621395
0.0011890817,0.153699
0.0033323201,0.16044496
0.009224944,0.28555733
0.0042877058,0.15817717
0.0018111233,0.3354485
2.1716037,1.4590164
0.63707185,0.7939315
2.4234066,1.6985298
1.2916982,0.8308684
0.017746404,0.2480612
1.9035422,1.029517
0.00325,0.4208916
0.60638696,0.71937394
0.005481667,0.52990144
1.218299,1.61122
1.4980072,0.6133533
0.0050468603,0.39414498
2.2997944,0.8249412
1.6263266,0.5909371
1.2386458,1.4407057
0.98648673,0.66977835
0.0030538533,1.1071068
0.002514526,0.12896597
0.005294329,1.2196542
0.0015820105,0.33594087
0.0043276316,0.31114146
3.9284127,1.565385
0.5373948,0.7698657
1.3310777,0.94343626
0.7381196,0.77927655
1.3899677,0.7020665
4.3812504,1.7545823
0.6163089,0.78289264
2.2672257,0.9635661
0.6363909,0.41485003
0.75255007,1.7534182
2.800789,1.1472781
0.0005342755,0.53396815
1.3822354,0.809732
0.0031145834,0.06596055
1.9111757,1.5950979
2.293763,0.7485927
3.8238852,0.93828595
2.8343606,0.6707958
1.7534729,1.5454298
1.9539033,0.80737764
0.65978134,0.5712133
0.0021412761,0.19110195
0.0021329443,0.15056464
0.87877303,1.2323395
0.00855104,1.3263508
0.0021002553,0.18801226
0.94087803,1.5599025
0.61423707,1.866393
0.007583333,0.6768063
0.0,0.049211152
0.0016611111,0.1812319
0.0016737913,0.16227123
0.0039295102,0.3261356
0.0009894705,0.32359764
2.4289975,1.5272597
0.8814702,0.9871174
0.5170124,0.747659
2.941227,1.709864
1.5462868,0.8815009
0.0011096491,0.3662438
0.0,0.08724348
0.004216667,0.07214583
0.9156875,1.7508746
0.006229167,0.5268933
2.7570834,1.0683556
0.97758156,0.7773229
0.0,0.5225764
0.009451149,0.40036225
0.005094486,0.59025496
0.009516782,0.8014659
1.5535523,1.5381051
1.7620673,0.62394315
2.7391896,0.8254836
0.014895833,0.387418
1.8679606,0.60020494
1.7125899,1.5323117
1.3359294,0.70328075
0.0061296592,0.2039351
0.0037891704,0.21199255
0.012432646,0.65255445
4.158653,1.568656
0.65771973,0.73550206
1.7492608,0.93675965
0.76674217,0.78490007
1.1749492,0.706966
4.764441,1.7938492
1.07888,0.7470016
3.2598338,0.9059947
0.5553967,0.45179626
0.7639803,0.41070396
0.7004109,0.6821338
1.3780352,1.8462008
0.6748121,0.8695328
4.2671638,1.0977765
2.2163146,0.801519
0.007294994,0.592994
3.1475766,1.6375407
3.680022,0.6483832
4.7277,0.8358169
0.50542355,0.8071729
3.8239543,0.6119205
2.7307673,1.5791565
0.8917497,0.59620494
2.8003454,0.7113053
0.016276423,0.5239233
0.0027685186,0.30460635
1.0902629,0.52435714
0.0016763507,0.25015414
0.0020277435,0.45527098
0.0030453703,0.3698319
0.9492209,1.2599931
0.00060105993,0.24730624
0.0028207547,0.196933
0.005291184,0.7973398
0.52336,1.0075269
4.229563,1.5016074
0.96382296,0.94870126
0.8281009,0.70931596
4.278354,1.6913121
0.56767607,0.67389953
2.0091946,0.88531023
2.0546162,1.7163134
0.9254197,0.8232165
3.4978704,1.0714719
1.4284837,0.7594191
0.0018560948,0.37269202
2.323747,1.5478163
2.0778353,0.6125756
3.7554107,0.83843565
1.936707,0.6014549
2.001622,1.5002323
1.6465265,0.72764546
0.001922043,0.4348425
0.0020711587,0.366176
0.0019133217,0.17743538
0.00048254107,0.18597914
0.7582351,0.94453186
2.8069499,1.5578583
0.17682795,0.8139153
0.6823143,1.0267614
0.6589591,0.7868165
2.4406886,1.7124352
1.1114051,0.82865024
0.74633133,1.7485378
1.9101431,0.9691739
0.5654772,0.6927751
0.002963063,0.41189775
0.0047805235,0.24313806
0.0044931695,0.5593441
0.0,0.3784591
0.0020006082,0.19594814
0.9184973,1.5767483
1.0423472,0.5655362
2.03572,0.80225486
0.0103308335,0.5027518
1.0058006,0.5763015
0.84886,1.5434552
0.9924271,0.6979339
0.0014735663,0.31485257
0.0016314484,0.23527126
0.004956299,0.18018594
0.005123053,0.15746444
0.0022362245,0.4008508
0.013051587,0.71059316
0.0012181482,0.64759
3.9118996,1.6110382
0.9617535,0.6950915
2.263832,0.83732027
0.18606257,0.6173854
0.59414196,0.3342096
0.011431215,0.40890303
1.4532161,0.7271325
1.4589018,0.6047183
4.1072445,1.7888674
1.2249485,0.7446745
2.9024649,0.843852
0.5726681,0.42354718
1.3893335,0.30272156
0.59741837,0.8349564
0.7393417,0.61724615
0.0018805031,0.1794978
0.0029845736,0.09745154
2.565586,1.8531096
1.413418,0.83873844
4.495275,1.059613
0.12869619,0.4117258
2.11748,0.7574474
0.0046454803,0.46964258
3.044613,1.6870862
3.2699974,0.6565357
4.0920296,0.8489483
0.56295633,0.9128114
3.089531,0.615694
2.916835,1.5332884
1.0553489,0.53092134
2.3715823,0.68287903
0.0050060884,0.33859587
0.6803798,0.8351416
1.1192843,0.48846394
1.1913047,1.3475689
1.1129981,0.8525613
5.6719127,1.6242794
2.566246,0.93485194
0.8311875,0.2887402
2.9728744,0.67548525
2.945936,0.63930535
5.9747186,1.8923234
1.4674,1.1319324
4.352548,1.1836547
0.7522713,0.4243957
1.2380469,0.3796981
0.58540624,0.8155113
0.5134812,0.7920586
0.0,1.1002612
2.076817,1.9390041
1.0111452,1.2160852
0.0077570756,0.5986474
5.013018,1.3843212
1.3450385,0.925077
3.3451219,1.6610968
3.8589194,0.864721
5.631268,1.0960809
0.01595194,0.43010938
3.828882,0.74809825
3.1497118,1.5258461
0.9572463,0.7497233
3.8100595,0.96243566
0.7782458,0.6429674
0.0034260417,0.31783858
0.001957738,0.45111468
0.0,0.20371695
0.012565425,0.4849052
1.3223319,1.0720601
0.994821,1.211609
6.9813333,1.7618855
0.84306645,0.89502186
3.4651964,1.0213991
0.008459362,0.37526026
4.551203,0.745898
4.312032,0.71141964
4.60396,2.0935585
0.99572045,1.4362141
3.4638462,1.3867981
1.0205998,0.618122
1.24006,0.5457091
0.51771295,0.977608
1.12278,0.98376274
0.6982351,2.0149283
2.0387063,1.5516256
0.016314484,0.47028977
1.6365893,1.7548898
1.8015424,1.0976636
0.0024692193,0.56951034
3.8692737,1.2275404
1.9393045,0.8659846
1.578517,1.6501973
2.1415045,1.1129948
0.8042773,0.7725406
0.0033424797,0.26344663
0.006423828,0.16265276
0.36857682,1.4078208
1.0448704,1.2510153
0.0022527399,0.5445384
0.026281964,0.53797793
0.0044931695,0.6848447
