y_test,pred_test
1.61161,2.4119778
3.7418334,3.8067844
0.0,0.2086055
1.081518,1.5054972
2.08725,1.8314476
0.048367646,0.8795989
1.6504583,0.94528955
0.76833194,1.4354026
2.7231505,2.0822494
1.4792439,1.5328846
0.664125,1.5264409
1.397825,1.0050008
0.0046454803,0.010334738
0.0,0.19843982
0.0,-0.02583687
0.0,0.04741642
0.759,0.64499474
1.3116845,2.0616407
1.5896833,1.8681703
1.0963334,1.6485703
2.4496198,2.0923827
1.5531389,0.9081183
0.84716666,1.1821008
2.4035,1.9927492
1.0530571,1.266397
0.03426042,0.28722233
0.0,0.018484533
1.5074583,1.1539066
0.5024861,0.4553153
1.0963334,1.0467143
0.0,-0.060024902
0.012458334,0.25885573
4.019889,3.6433966
1.7012069,2.3772597
0.5285893,0.61001897
0.0,0.50213796
0.0,0.04104352
1.4599133,1.1350124
0.0046064425,0.39923376
0.0,-0.003687352
0.31671852,0.79339343
2.6449041,1.6569712
1.1166358,0.9702682
0.014488987,0.6421423
0.0,0.14526306
0.6395278,1.1345832
1.2117368,2.3822513
0.5090119,0.78298926
0.0,0.014863908
0.0,0.18110204
0.0,0.4028086
0.0,0.25220236
0.0,0.2719662
0.0,-0.03338
2.451523,3.509427
0.024916667,0.2608746
2.4439096,1.9123225
0.0,0.16023344
2.2513988,1.0336764
0.9065833,1.3583579
1.8438333,1.5360627
0.00978869,0.48495916
0.6166875,0.83227235
2.140591,3.0461378
0.7491611,1.3814051
4.493524,3.1542509
0.6287794,1.4582717
2.437899,1.7262392
0.0,0.1293761
0.7308889,0.6801738
0.0,0.14942889
0.0,0.133473
0.7867207,1.1417253
3.460302,2.0766513
2.3790433,0.764094
0.0,-0.010515392
0.88816875,0.77932817
0.13704167,0.3291906
3.206775,2.09121
2.1428332,1.0274949
1.1746429,0.9616475
2.9516666,0.9317611
0.021926668,0.14211704
0.01713021,0.33660346
0.0,0.25265104
1.7288333,0.7947832
1.8993495,2.7064693
0.019933334,0.4905507
3.3359857,3.2729208
1.7815417,1.4273148
0.0,0.08260092
0.55673176,0.70701057
2.7408333,1.2273643
1.56975,0.38221642
0.5481667,0.784179
2.561625,1.5819345
1.6559201,0.9988464
0.62377584,1.0900972
0.84608334,0.78764325
0.0,-0.008375809
0.0013568482,-0.016116157
0.017380895,0.57195467
1.9968928,1.8003018
1.3480425,0.94545454
0.0,-0.077821985
2.1281765,1.132611
0.0,-0.048362553
0.010748366,-0.04616362
0.9629461,1.0490506
0.57676667,0.68249106
0.0015572917,-0.06475796
0.0,-0.10071936
0.0,0.09833295
0.0,0.093264714
0.70294315,1.2937467
1.7612392,1.729229
0.897,0.63901144
1.1991146,0.75600296
1.153434,1.0403538
0.6173048,0.6141523
0.50395966,0.46319526
0.0,0.03505172
0.0026870915,0.07946421
0.003703829,0.055071667
0.25378087,0.43637973
0.010963334,0.043598518
2.1231809,3.317845
0.6578,1.0023928
7.556869,4.112356
0.0,-0.009695962
0.0,-0.046980366
0.015226852,-0.028703153
2.0708518,1.5203991
1.5160234,0.5075242
0.54193753,1.2847211
0.0,0.16629149
5.5913,2.3386302
1.4008703,1.4671769
0.8803889,1.3446271
1.9185834,1.0459304
0.0,-0.0468996
0.10278125,0.24221152
1.6335367,2.1641188
0.022840278,0.06767821
0.0,-0.010980874
0.0,0.25959066
0.0,-0.038561508
1.8363583,1.1447194
1.6866667,1.1890333
0.8112867,0.8928619
2.0448465,3.3183148
0.50756174,1.2983754
4.4108295,3.7449343
3.2567549,1.9170854
0.0,0.012335569
0.0,0.14108357
2.4882467,1.755079
1.9778446,0.68042666
0.644902,1.3524196
2.8248267,2.4317837
0.0065257936,0.30284017
1.965925,1.5229433
0.9417222,1.4799356
1.8119954,1.090667
0.0,-0.0605976
0.005374183,0.19644779
0.0,-0.0978796
0.004420699,0.16758838
0.006136194,0.2677155
0.0024916667,0.04122129
0.740025,0.5021269
1.612764,3.0470595
5.1484675,3.8519704
2.0784652,1.7390013
0.0,0.0039564073
1.2578467,1.4647658
3.0149167,1.9102082
2.3484614,0.7479202
0.008305555,0.20094848
0.86310714,1.368974
2.7646668,2.2486255
1.6935896,1.4969895
0.9592917,1.6777894
1.1847473,1.0826695
0.005075617,-0.043035492
0.0050444785,0.30944997
0.0,0.32246128
0.0,0.05101733
2.6354167,0.51666844
0.530194,1.618875
2.8353448,2.1377702
0.7765694,1.0638559
2.9318612,1.0734721
0.7153575,0.41535237
0.01713021,-0.07569218
0.79339916,1.3595085
0.5943605,0.7451904
0.0,0.18151197
0.5329398,0.6603357
2.139187,2.4365697
0.98213196,1.1212898
3.8969667,2.7475934
0.57100695,1.3456075
1.61161,1.5408616
0.014425439,0.36557397
0.0,0.3179364
0.89823353,1.1555424
3.8020277,1.8973365
2.1165323,0.7339089
0.0,-0.013346225
0.8611271,0.70112866
2.9618683,1.767842
1.6512675,0.9951001
1.10825,1.0417027
1.8119954,0.9708624
0.018408582,0.34502754
1.774329,0.6609246
6.3671665,4.052915
3.864575,2.9150321
1.8869584,1.8023245
3.502176,2.5450227
2.226927,0.9347091
1.3992676,1.4945836
4.6594167,2.7431908
0.0,0.43698505
2.8524969,1.5340407
0.0,0.2855724
1.2059667,0.5700639
0.7308889,3.4013276
6.495775,4.0950527
2.6312,0.9684919
0.56339353,0.55099684
0.6395278,0.84126264
2.055625,1.7677956
0.8989933,1.1099672
0.6779956,0.93436056
1.3205833,0.8933101
0.017875,1.3223076
0.0,0.76096624
0.0,0.17329165
0.0,0.09399012
1.299358,0.7875648
3.3598552,3.036963
0.57308334,1.6837742
0.6861448,1.4633601
0.45488304,0.42014194
0.5800368,1.0044918
0.5513211,2.4996886
0.9515518,1.2664692
0.0071274624,0.018825844
1.9702809,2.068846
4.071373,3.0360823
2.2276742,1.337913
0.83591235,1.2451293
2.7403314,2.6876369
0.9941651,1.5837297
1.2022779,1.175875
1.468784,0.92878103
0.005958333,0.08007629
0.0073088887,0.019947112
1.3491408,1.0169497
0.03559524,0.025181182
0.7369953,1.9194708
0.5451213,0.6040635
0.7554422,2.523946
0.007027778,-0.0903559
0.52525294,2.211954
0.0027136963,0.054321244
1.0371562,1.5740266
0.012974359,0.17741883
1.5357509,1.4770641
0.006599117,0.09875113
0.53699857,0.46912393
0.7713542,1.2432587
0.0016314484,0.0722893
0.007613426,-0.06997897
0.0069879605,-0.08522056
0.004249354,-0.012381464
0.00235409,-0.10772684
0.0141767245,0.13307509
0.003806713,0.15721664
0.0053048385,-0.041225582
1.322049,2.9365466
0.64398444,1.3107197
0.6068226,2.3359928
0.71753377,0.26604474
0.5813542,0.46116924
1.5408403,0.74671155
0.004906863,0.17253304
1.4746789,1.6996775
0.0068520834,0.048208266
1.560392,1.8062322
0.05451839,0.19561806
0.25923154,0.65522456
0.8752694,1.0020245
0.0,0.10884692
0.0072127194,0.19190747
0.009728267,0.19931719
0.5429591,1.104664
0.012638287,0.121175826
0.013704167,-0.26581734
0.0078590205,-0.011000782
0.9588793,1.5800021
0.8423337,1.1943007
0.011505747,0.084588505
0.59869367,1.2717543
0.0114076305,0.10180572
0.01010051,-0.010823399
0.009781413,-0.018409356
0.0017237946,-0.052918687
0.003513889,-0.1282987
0.00602381,0.2453874
3.8660784,3.63244
0.934887,1.815414
1.3569921,2.5061078
0.670987,0.5751033
0.7443684,1.2190559
0.012411321,0.19619411
0.70121604,2.8294005
1.2891368,1.0411799
0.01270585,0.24983251
1.3470905,1.6992936
3.1035907,2.7478726
1.6886381,1.2498641
0.6518823,1.0699582
2.5162714,2.649997
0.016412176,0.16138597
0.021594444,0.3060524
0.06003213,0.18540648
0.011550209,0.24236947
0.98440534,1.5419598
1.4132061,1.2608559
1.4644452,1.284234
0.010408228,0.2141135
0.011956655,-0.00866206
0.9709548,0.49213243
0.682998,0.9051422
1.1285784,1.176686
3.0593119,2.907807
0.99759525,1.7451749
1.000207,2.2108617
0.71916306,0.7169736
1.3079282,1.2987332
1.0731714,1.923774
0.84956414,1.0500717
1.583414,1.3339505
4.470334,2.6732128
2.2471673,0.94994324
0.01957738,0.39642325
0.011187075,0.051287144
0.79379845,0.8609844
2.7998288,2.4069595
1.5221798,1.192267
1.2595769,0.73397666
1.5332055,1.1219943
0.010027439,-0.04522665
0.009045655,-0.014032185
0.8441509,0.4334303
0.019253789,0.023076788
0.00788729,-0.0026336908
0.009353412,0.06987559
1.2628816,0.9449335
2.8460863,2.8184524
0.52501774,1.3431392
0.63596827,1.6271079
0.57951343,0.85669553
0.724397,1.882772
0.6766018,0.8813208
0.0063152844,-0.028385416
0.7813698,1.0537655
2.458049,1.9344015
1.6116782,0.5769281
0.02787288,-0.025671482
2.1970172,1.7029753
0.011183071,0.09154783
0.92775995,0.8409197
0.757895,0.7959834
0.96597666,0.7544069
0.0052372613,-0.01124835
0.6530533,0.2605229
0.006652508,0.08277318
1.2673936,1.5864859
0.017176216,0.04990135
0.17365585,0.36020666
0.006909664,0.11632737
1.9780787,1.6264925
0.011094827,0.067037866
0.008274214,-0.066318616
1.1835259,1.2670479
0.3234667,0.62669915
0.019145528,0.11700509
0.008014132,0.018655673
0.5430436,0.7063555
0.004934397,0.015560284
0.0055557434,-0.008049533
0.008206088,0.052667044
0.009500515,-0.017950535
0.009578181,0.1664858
1.2365713,1.5818598
0.0027047698,0.05903998
1.5386286,1.3074453
0.53454113,0.3581898
0.011575163,0.054219335
0.9628257,1.2452986
0.006252852,-0.054174513
0.012767857,-0.09416196
0.007515996,-0.015276983
3.5146966,3.770699
0.76418877,1.8967369
1.248158,2.5703654
0.5622089,0.6285714
0.8522532,1.2422504
0.61273885,3.020967
0.84704804,1.2861884
0.0040306374,-0.12236023
0.0043853335,0.08741737
0.87695026,1.3504925
3.2976813,2.6947503
1.4884981,0.96743673
0.01495,-0.033006415
0.6196234,1.0653902
2.704647,2.7782524
1.2022685,1.4383836
0.011871783,-0.039512575
1.2577933,0.9695427
1.5954851,1.1174877
0.00934375,-0.06285253
0.007281151,0.14961287
0.9936101,0.5096014
0.010609677,0.022367164
0.6351071,0.9386455
0.58658075,1.1550484
0.030771758,0.78192747
0.002875,-0.091159314
0.0059843524,0.37219495
0.018272223,0.24976093
0.009906626,-0.079627186
0.0060907407,0.14269364
0.01749468,0.004299432
0.0065257936,0.14715709
0.005910991,-0.045499176
0.0064744093,0.16814664
0.0051713837,-0.044511378
1.9044762,2.2658021
0.053458977,0.7513452
0.0072127194,-0.017183498
0.70867634,1.0763104
1.8272222,1.7852521
1.1797764,0.6174698
0.011813937,0.22188598
0.0082225,0.06335935
1.4837784,1.5312085
0.5683511,0.8235262
0.6349804,0.81993634
0.9036185,0.55153954
0.003943645,0.11756107
0.009290961,-0.08599459
0.019122094,0.31177074
0.5329398,0.6522681
0.021169038,-0.023960218
3.1639528,3.4525678
0.7364389,1.8005631
0.9910996,2.2098217
0.87219405,1.2940676
0.85048026,2.5726776
0.99240243,1.1747389
0.9438404,1.3013577
3.4391828,2.5760622
2.0643275,0.89773506
0.6229167,0.95053923
2.8813436,2.5036826
1.4206104,1.337467
1.0719926,1.0463202
1.5895585,1.1384122
0.010289818,0.0023404509
0.02380536,0.048151426
0.007928031,0.05753857
0.88384175,0.3699053
0.010678572,-0.08310333
0.011454229,0.074800536
0.88233435,0.89211875
3.4434059,3.6438715
0.6300854,1.9130471
0.7872547,2.0725088
0.686443,1.3033357
0.8674286,1.2216513
1.9131867,1.861423
3.5630834,2.8364558
1.9214716,1.0753744
0.0066849594,-0.032169268
0.003729025,0.25408643
0.8080203,1.1588914
2.730479,2.706862
0.8703471,1.4175947
1.3802888,1.3881159
1.4001008,1.1172485
0.0059974473,-0.03336577
0.008758988,-0.0064275116
0.0066158045,-0.011092827
0.006354446,0.0402108
0.0061179316,0.31834704
0.007716776,0.06512129
0.009370371,0.0901043
1.175948,0.94700867
1.3459934,1.9086189
0.008628017,0.017114803
0.69056594,0.82764065
0.010997171,0.1119481
1.9592414,1.5250552
0.8019389,0.5129297
0.010235477,-0.08644128
0.009529388,-0.018796116
0.9923784,1.3906698
0.0021412761,0.16567636
0.0,-0.020232543
2.7709594,2.8058867
0.88785684,1.600502
0.9234417,1.9345388
0.6020104,0.63103986
1.0995278,1.1517777
0.010496808,0.56764686
0.85901725,1.5765612
0.87436444,0.9019303
0.0047255745,0.016933158
0.010176362,0.07283421
1.7490845,1.4655714
4.0464616,2.5581622
2.0814135,0.96966654
0.016581554,-0.02187848
0.77173954,0.82566106
0.15659153,0.47008276
2.4920416,2.172962
1.2129956,1.2254181
1.2716854,0.9602869
1.3881661,1.1496694
0.7269467,0.34521335
0.03800901,0.4107953
0.017814344,0.21237601
0.004831597,0.09875595
1.5703802,0.8875466
0.0044411654,0.056257926
0.01257263,0.068675965
2.1891527,4.1249676
0.82519716,2.4692547
1.2130482,3.484365
0.95311207,1.33463
1.17975,1.809978
0.0148884775,0.4036926
1.8093268,3.158978
2.1974752,1.5098865
0.70675576,3.052113
0.008701058,0.79622465
0.0,0.11765374
2.0211182,1.9187629
4.0022516,3.5932894
1.6291993,1.1509535
0.022168506,0.03404863
1.0710282,1.0976105
4.152122,3.0394444
0.02296177,0.28389224
0.70822847,1.4060693
0.016474955,0.42136973
1.5845443,0.7586214
3.1389754,1.3374107
0.0,-0.00023237616
0.01957738,0.06572631
1.154337,0.9733615
0.02090466,0.31194198
1.8247192,1.0285437
2.5224233,3.3928764
1.0082351,1.8238828
1.2974195,2.8361282
1.0504568,0.5795267
0.613345,0.8653647
0.53793967,2.8122163
2.3982291,1.2714446
0.5081418,0.803694
1.965378,1.8303103
0.020371059,0.20030129
2.6258683,2.1709912
0.70649636,0.5462355
1.4617778,1.0520546
0.016855393,0.07840763
0.009966667,0.03613092
1.4423163,1.0501931
0.68363315,1.000382
0.0,0.066141665
0.0,0.15480524
0.0060907407,0.0026628599
0.0055935374,0.010056749
0.0,0.044353984
0.015226852,-0.043181837
0.0,-0.10054757
0.021083333,-0.14932555
0.0,0.018110603
0.0053220065,0.034864545
0.0091361115,0.08825733
0.0,-0.05761704
0.0,0.30197716
0.01713021,0.0379145
0.014425439,-0.01929
0.0,-0.0008402169
0.007830952,-0.050103694
0.0,0.0359537
0.005204114,2.2318957
0.0021581366,-0.086583436
0.0,0.10315282
0.002669643,0.02623815
0.0,-0.015828863
0.0066849594,0.27433592
0.0,0.043581113
0.0,0.0608935
0.0,0.0110863745
0.0035595237,-0.014056534
0.0,0.36357635
0.0,0.14011887
0.0,0.018789947
0.0,-0.07161486
0.0,-0.10453138
0.0,0.19387022
0.0,0.19649705
0.0045680557,0.198546
0.007944444,0.49200642
0.7126167,3.4698405
0.0,-0.013300702
0.0,-0.0005066171
0.0030453703,0.11737685
0.0036063597,0.0589042
0.0,-0.0035860538
0.0,-0.042511463
0.0,-0.021089092
0.005958333,-0.012244269
0.0020006082,0.031153858
0.006252852,-0.006211117
0.010963334,0.34498233
0.0015842967,0.015823632
0.0,0.026123352
0.0023425927,0.024338782
0.0,0.12937321
0.004060494,-0.014573872
0.003079588,-0.0607263
0.003003653,0.040100336
0.0021357143,0.31877986
0.0,0.037323922
0.0036382743,0.35558176
0.0,0.03559731
0.0013240741,-0.042218238
0.0,-0.013623178
0.0,-0.007409081
0.0,0.032422125
0.0,0.09844391
0.0,0.10098268
0.0,-0.017574549
0.0,0.461044
0.0,-0.039644867
0.0,-0.040148303
0.0,0.0026378632
0.007407658,0.01119782
0.0,0.03681744
0.0,0.16552983
0.019122094,-0.10218263
0.0,-0.0029513985
0.008770667,0.015925467
0.021083333,0.6143861
0.007027778,0.14013037
0.0010833334,0.0070072785
0.0027408334,0.36810392
0.0020227553,0.037960723
0.0030063984,-0.063602224
0.0,-0.011598334
0.008841398,0.007848173
0.0,0.04221271
0.0,0.22556187
0.001702381,0.23177357
0.0,-0.014090344
0.009616959,-0.051021606
0.013704167,0.35688633
0.0,-0.029736534
0.0,0.07896519
0.0064744093,0.017267555
0.0026870915,0.13436723
0.0026103174,0.029543519
0.009451149,0.12676464
0.0,0.085697375
0.004350529,0.05316542
0.0,-0.029975355
0.0,0.0055560395
0.0,0.12472011
0.0,0.07822865
0.004894345,0.183235
0.0,-0.05896926
0.0,0.0003207326
0.0,-0.049786165
0.007830952,0.0016821623
0.0,0.06732534
0.014425439,0.05265779
0.0,0.28094658
0.0,0.0767057
0.0,-0.011815265
0.043853335,0.02343779
0.0,0.01175411
0.0,0.08708442
0.003126426,0.014643304
0.0,0.07536262
0.0,-0.048890352
1.102994,2.4513416
3.7787857,3.9683263
0.76423234,1.6639235
1.777214,1.5973806
0.5152767,0.56071866
0.007921483,-0.15071243
1.461212,2.2383323
1.1348836,0.91295135
0.0,0.3922643
0.0,0.2593894
0.0,0.012146667
0.005790493,0.16339517
0.0013704167,0.17946109
2.810285,2.9115198
4.1122975,3.0963056
1.6067805,1.6281557
0.77959114,1.5852258
0.0015484934,0.05751825
0.0017265092,0.0707048
0.0031888695,0.20472646
0.0038969195,0.01993008
1.4413756,1.2121632
0.003513889,0.098586746
0.008841398,1.1459725
1.2272388,1.5529106
1.9704369,2.718061
0.8496583,1.4150722
0.5193158,1.4541297
0.0,0.024763383
0.0072127194,-0.05991906
1.9968928,1.8886702
0.8777192,0.57922685
2.1584063,1.7307274
3.1561112,2.6518857
1.423465,1.3205261
0.7126167,1.7203531
0.5995573,1.3026004
0.96380955,0.86176556
0.004216667,0.08079161
0.010151234,-0.022304595
0.6212556,1.2665994
0.009238764,0.73068815
1.690012,2.1587062
0.56158334,1.0812309
0.0,0.1441849
0.0,0.0052578896
0.007543578,0.015677199
0.78158927,1.0628923
1.334857,1.6977658
0.005123053,0.5026394
0.00063152844,-0.0530549
0.0054095397,0.5766079
1.8709167,3.480282
0.51162225,1.4360857
0.0025856919,0.6059011
0.9299256,1.789783
1.9955986,2.0069335
0.0029921762,0.23289165
1.7015427,2.7139418
0.25375444,1.3766344
1.0773915,1.7305028
0.0027299137,0.027380377
0.0,-0.08239865
0.0022283199,0.029086553
0.0036642158,0.13918322
0.0026354166,0.5329399
0.0027619542,0.38379264
0.0027546063,-0.11724444
0.0,0.030779079
0.002787288,0.030823186
1.2918036,3.4663832
3.3131838,4.183762
0.537625,1.4709628
1.7175889,2.3467674
1.5873994,2.2680101
0.87445635,1.0354362
2.2411158,2.8641925
3.2323713,2.9749875
1.3851236,1.6627061
0.5976539,2.5463984
0.72517884,1.9650028
1.4084839,1.4896452
0.71783733,1.4372125
1.7217903,2.7576797
0.6453101,0.9838179
3.9086666,3.0134516
0.80231667,1.4400325
2.0202594,1.5723772
1.3165789,0.41123396
1.6875702,1.936101
1.3436768,0.606119
2.9235556,1.7532787
3.5051043,2.4634585
0.5792483,0.9101128
1.9865471,1.3049221
0.7330436,1.7625706
1.6445,1.2573931
0.6585277,0.5160932
1.0111717,2.5800726
0.018178998,0.41040307
3.7792418,3.5456805
1.3898399,1.7618356
0.5703896,0.47099373
0.0,0.10881908
0.63492686,1.5458081
0.5514167,0.3696832
1.9271933,2.1606848
3.2006342,2.5296535
1.2598286,1.2576685
0.63094354,1.438107
0.0035457094,0.07211542
0.0014855466,0.10486036
0.0024471725,0.76007444
0.0,0.067714155
0.0016918725,-0.020526767
2.1620917,2.308745
0.63875353,1.2473173
0.5108071,1.2649102
1.7436627,1.9049189
0.0024362963,0.023597963
0.0046454803,0.08108665
0.00073480787,-0.001959838
0.0,0.03937809
0.000593254,0.07951172
2.026024,2.3333812
0.52325,1.0688403
0.0065257936,-0.008269757
0.0,0.18565509
0.987596,1.264004
1.4955417,1.6846073
0.0010113777,0.104683794
0.6050244,0.77297086
0.110145636,1.3000324
0.0051390626,-0.062989935
0.002669643,0.28226128
0.0014275174,0.13501665
0.0,0.05241233
0.0,0.11535948
1.2900189,2.883913
0.001166312,0.029040754
4.552829,3.9731858
0.6427907,1.479341
2.0891242,2.3106449
0.7913051,0.49287337
0.004090796,-0.139101
0.0034153687,-0.007288635
0.0,-0.03796573
0.6735226,1.941884
0.9389053,0.7081978
0.0038603286,-0.035755143
2.2674167,2.511036
0.09220315,0.9333636
3.7411323,3.1113875
1.7108246,1.6121683
0.69069,1.7887151
0.008565105,0.70140654
0.0033977274,0.23777494
0.0017913943,0.0416238
1.3459241,1.2035077
0.0,0.0650974
0.0,0.062053666
2.2535741,2.662013
0.020054879,0.060306076
0.009966667,0.036513075
0.004216667,0.2905031
0.008841398,0.27043855
0.015226852,0.0034758896
0.70153975,1.8211453
0.0,0.10064175
0.0072127194,-0.04155937
0.0027546063,0.014770687
0.0,-0.062363192
0.9592917,1.7394679
3.0841296,3.1261744
1.1403824,1.3825591
0.0,0.56797457
0.59906787,1.4763296
0.603444,0.48150784
1.1396097,1.8426421
2.2254794,2.2940714
0.7953791,1.2204866
0.0,-0.04280652
0.0,0.28281844
0.0037545662,-0.019507676
0.005220635,0.31008434
1.4711083,3.006103
0.0037674685,0.09383631
4.477284,3.9919186
0.77744794,1.626328
1.9567641,2.134533
0.7932604,0.64186645
0.2690635,0.75808984
0.8408529,2.3294454
1.029255,0.89257354
0.0033424797,0.414801
0.0014895833,0.06566998
2.3359692,2.7888815
4.045584,3.2315643
2.025261,1.6821532
1.0975735,1.8530426
0.004693208,0.18254519
0.0033390864,0.5493864
0.008681373,0.6914522
0.0028003405,0.22263102
0.0014128007,0.7170986
0.0029710932,0.1889991
0.76097727,1.1966031
0.0,0.13078749
1.5566528,2.7247472
0.11627778,0.914445
4.5533843,3.9585164
0.8674286,1.5292232
1.6897833,1.6399608
0.9026478,0.4182672
1.5784962,2.195144
1.2783247,0.84943885
0.0046454803,0.087268576
0.0044931695,0.26506844
3.0948713,2.9536572
4.079625,3.0791154
2.0578353,1.6633136
0.53750193,2.539795
0.83095104,1.5446177
0.0029872842,0.022180863
0.0033222223,0.19073635
0.0022840279,0.4426176
1.3362004,1.2227306
0.6755185,1.2701187
0.6578,1.5958669
0.0021496732,0.005234964
2.638052,3.0800862
0.91668206,1.7226293
0.84777737,1.3948369
0.010623385,0.22323838
0.5189497,0.3483035
0.0,0.7473653
0.008701058,0.07526541
1.1587751,1.5654972
2.0891125,2.1330285
0.740025,1.0631831
0.0030538533,0.301268
0.0,-0.07344212
1.7681799,2.30676
0.044257082,1.5165515
0.55399823,0.93514985
0.036940742,0.51591235
3.9607193,3.0820503
1.0290146,1.4440455
2.4502273,1.7857735
1.1425779,0.4976787
0.0013790356,0.03673645
0.0,0.011116192
1.930118,1.8916035
1.3314307,0.5779185
0.005099225,-0.021203876
2.5797167,1.7721803
3.6573412,2.4464633
0.010374085,0.3502197
0.50314313,0.91054773
1.6888461,1.2718995
0.73470354,1.9756591
0.0077864584,0.21676299
1.3401797,1.4974585
0.0,0.43388557
0.006229167,0.009274676
0.8299311,0.7882396
0.002373016,0.19193533
0.0052980026,0.08760447
0.0,0.25180387
0.6066531,1.1341434
3.889373,3.9350114
1.3116845,1.6786726
3.371225,3.173689
0.9189853,0.79974353
0.01713021,-0.039364815
1.455344,2.9393365
0.93527406,0.9809102
3.2093678,2.6397738
4.990726,3.5801635
1.6886476,1.702591
0.6680781,2.4426148
1.2126111,2.1926804
0.0,-0.13983104
0.0,0.4797525
0.012458334,0.33272293
0.013369919,1.3367891
1.6735206,1.2143424
3.09166,3.767977
1.6866667,2.341735
0.0,0.11371381
0.0,0.13620056
1.6812673,1.953043
2.5458126,2.3255854
0.5581941,1.3443787
1.3011082,0.83817726
0.0051713837,0.0083549395
4.032702,4.7494855
0.62914586,1.7529619
1.7547634,2.6949224
0.0036302428,0.016164899
4.0361824,4.94851
1.5454338,2.4255507
1.9096134,3.5826943
0.6290437,1.766948
3.3131838,3.5901253
1.1914697,2.5410662
0.0068520834,-0.09691581
2.1714902,3.425933
1.6532011,1.0954549
3.8525248,3.731047
1.9377751,2.3592198
2.0664036,3.253605
1.2773317,2.2239146
0.0027967687,-0.06944868
0.01661111,0.20566528
0.92138654,1.5661104
2.7777884,3.6095972
1.8241769,2.4914064
0.5824271,2.2764003
1.7600449,3.4996533
0.5481667,1.1496422
0.64542204,2.03385
0.015661905,0.034606174
0.018272223,0.37761927
0.007027778,-0.047004715
0.0027408334,0.7429462
0.0057100696,0.08646714
0.0045680557,0.67914397
1.5565865,2.7776985
3.4199054,3.4288082
1.3099571,1.7376676
0.039970487,0.7169785
0.0,0.035821296
1.9338756,2.4529996
0.8574893,0.9592872
3.0562468,3.2428544
2.0609643,1.8928459
1.7063898,2.2089698
1.4336667,1.8723834
0.104796566,0.9694615
0.018902298,-0.015217483
0.024916667,0.24125507
0.94875,1.4175286
1.3462329,1.721411
0.0,-0.00949499
0.7054276,1.0534158
1.0076014,2.1188326
0.0,0.057207778
0.5005985,0.7635851
1.3973757,1.6284645
0.6603562,0.7187576
0.63039166,0.4235409
1.5226852,1.8465488
0.008923643,0.119638205
0.65447,1.0680621
0.5156483,0.90616983
0.0,0.010774888
0.0,0.03423649
0.013051587,0.06776886
6.928257,4.5443254
2.2975073,1.9778166
5.703873,3.0231833
0.6667998,0.049188048
3.6321762,2.734964
1.0746521,2.2131724
4.35488,4.425855
0.8801549,1.3151493
2.623369,2.730946
0.039708186,-0.38695973
0.5338915,-0.06807387
2.2406313,2.4765816
0.0028550348,0.028259642
0.01842577,0.074880384
0.021926668,0.04522118
0.99339277,2.2767386
1.083338,0.5987425
3.749708,2.7327554
1.201697,1.785728
1.3265977,2.1621284
2.0646114,1.8399262
0.0032628968,-0.10178171
0.003806713,-0.06777415
0.03087963,0.90114653
0.7290395,1.1779149
2.1526544,2.3635256
0.5962515,1.0865734
0.014815316,-0.06680015
1.3669473,3.0871289
0.0,0.2523851
0.00275,0.27326456
0.0,-0.03933263
0.9563759,2.321406
5.6655455,4.8817306
1.8283364,2.2942877
3.7049334,3.5200536
2.0562131,2.9788098
0.93395627,2.1424139
3.3128333,4.600282
0.80702317,1.5174959
2.6817174,2.8805804
0.5024861,0.39882112
1.6277194,2.9342816
0.6578,1.4888313
2.9847674,3.4463587
1.3232813,2.2279127
0.008841398,0.24036929
0.026103174,-0.09597644
2.2342134,2.4352612
3.227197,0.8583983
3.9821913,3.2235622
0.18442309,1.6851528
2.6402934,2.172403
2.8980281,2.6247807
0.934375,0.96918416
1.5642805,2.3118587
0.92766666,1.4007552
0.0,0.3068885
0.0,-0.117271364
1.5162525,2.9117208
0.09561046,1.0108956
1.1530403,1.4884167
4.6012135,4.477271
1.3959523,2.4410038
3.3722236,3.5459418
1.5949517,3.3502584
3.8766742,4.208773
1.3260796,1.6051056
2.610576,2.8392615
1.5348667,0.55016124
0.77020884,2.2509558
0.63261396,1.9304993
2.372215,3.1229734
0.99072325,2.467587
4.5726466,3.9825885
1.8377287,2.2839203
0.006264762,0.176244
0.0038603286,0.4815393
3.3353674,2.5484977
4.1757402,1.343152
4.264869,3.548975
0.5102081,1.8432419
3.830416,2.2226086
3.689306,2.1857166
1.3418664,1.0223081
3.3618033,2.1484385
0.010748366,0.120961376
0.77295446,1.1139754
1.0200261,1.1454747
0.0,0.07510021
1.1615913,2.573722
0.0040705446,0.57750106
1.2822059,1.3546488
3.6191876,3.788038
0.5574054,1.712776
1.9840589,2.6707764
3.2254446,3.7049167
0.62158185,1.2056124
1.8892173,2.1237917
1.0155278,1.8172216
3.11057,2.6752033
0.13356346,1.3249164
1.1536212,1.3695543
0.0,0.0581021
2.0980592,1.8044336
2.3297083,0.8026319
3.8867495,2.702377
2.7181818,1.6767809
2.0856028,1.901159
2.1294167,1.474684
0.0,-0.1449663
0.5095139,2.122754
0.0029791666,0.07095721
0.0015226852,-0.03896576
2.9067678,2.682623
1.6582222,1.7849793
1.9971423,2.8343382
1.0052233,1.6742516
0.0,0.15333694
0.57182664,1.3026421
2.7784526,2.2133837
0.8501311,1.3811898
1.300507,0.5142893
2.6069677,2.32647
1.3837138,1.4393122
1.1024513,1.4934392
1.05299,1.1730051
0.0028580118,-0.07359645
0.0016550926,0.014230676
0.005107143,-0.0153132975
0.0022792793,0.08936506
2.4645095,2.6966248
1.3384608,1.6927509
1.7457138,2.8463066
0.9438192,1.4931595
0.0,-0.050931305
1.715007,1.7659903
0.93508595,1.1586373
1.1707077,0.4818056
2.2744613,2.1443913
0.0133337835,-0.00151591
1.3208016,1.2728567
1.1052709,1.2806234
0.92171574,1.0527604
3.922206,4.5420756
1.1291296,2.011748
2.613534,3.1354253
0.8513911,2.8862343
3.7477918,4.445885
0.5824271,1.3711343
1.6503316,2.6739154
0.5791116,0.28535095
0.0,-0.10391702
0.7765694,2.383498
2.5702927,3.1491733
0.018519145,0.43632895
1.0963334,1.7709608
1.7740058,2.6214614
1.7967685,1.0990307
3.9779122,3.5411472
2.4044862,2.148314
1.8361666,2.4320114
0.0,0.10168177
1.352619,1.9122353
0.59915894,1.1110198
0.003383745,-0.10190743
0.8078526,2.3588526
0.024471726,0.39354804
0.0022745505,-0.0030366778
1.1283404,1.7227461
0.0052372613,0.048158787
0.0,0.03229306
0.0023425927,0.05930406
0.0028256015,0.024597615
2.548091,2.9150581
1.3497868,1.9493976
2.2686503,3.0042305
1.0905018,1.6387014
0.021083333,0.37025338
0.8167408,1.3266668
2.4565988,2.208854
0.866457,1.1453614
0.0,0.33839205
1.3573261,1.2060642
1.6735206,0.6001779
2.4701338,2.366365
1.793,1.4396944
1.6740167,1.4479449
1.2529523,1.2281783
0.0066849594,-0.013165593
0.0,0.51964253
0.005481667,0.11359849
0.06525794,0.51606035
0.5971101,0.8085883
4.2485423,4.6328664
0.9225681,2.3548436
2.505265,3.5315523
0.24383965,1.4812236
0.60786283,3.0366464
3.8607526,4.3763356
1.0033407,1.4872186
2.7542033,2.5469942
0.61179316,0.41934717
1.2684805,2.814558
0.5048904,2.0543542
4.875,3.5527678
1.9094851,2.14924
3.0402496,2.5300016
3.129118,1.1810191
4.4287424,3.3333707
3.6552346,2.1820645
2.7592077,2.4143174
0.70043516,0.93518096
2.3097231,1.9447169
0.004350529,0.045780532
1.1175652,1.2670891
0.8244935,2.6573796
0.024042398,0.42286092
0.6916121,1.254767
4.2779603,4.5302806
0.72967076,2.034692
2.3563335,3.022424
3.8438222,4.441262
0.5938472,1.4995546
1.8190559,2.3414464
0.0,0.49126306
1.986805,2.8992157
0.7276549,1.5810869
3.5285788,3.471256
1.1687884,2.0693424
0.013051587,0.40095866
0.01661111,-0.03459871
2.1819317,2.631825
1.7871352,1.0917636
3.613463,3.415568
1.5865161,2.162517
2.0099444,2.6724448
1.2294595,2.028677
0.7809724,1.2402022
2.494938,2.6430922
1.3086861,1.7360787
1.6174043,2.6869311
0.7900049,1.6517911
0.68013275,1.0457846
1.6998523,1.8700047
0.73232865,1.0251029
0.7219412,0.3501824
1.888214,2.1549146
0.042399634,0.015915304
0.8239657,1.326469
0.6828856,1.2829535
0.5352382,1.2680516
0.0037674685,0.3847642
0.0,0.115330085
0.005038297,0.11580433
0.0029366072,0.36605924
4.034636,4.088026
1.1606722,2.1817799
2.6057663,3.2057338
1.2012,3.0642362
3.54315,4.013512
0.98570937,1.4489787
2.206905,2.551668
1.0215833,0.40735608
0.50171185,2.13278
0.53145427,1.748038
0.0024471725,0.039037026
2.5193703,2.8011801
0.9201369,2.184329
4.1233544,3.7017894
1.6661154,2.0670738
0.0010003041,-0.090511754
2.755025,2.2071068
2.7942178,1.1287766
3.9856882,3.2458534
2.9645598,2.0828338
2.9362597,2.0841835
1.0963334,0.84077674
1.8175247,1.9939959
0.5434573,1.0943804
0.85910153,1.0459793
0.8569355,2.4845695
0.0,0.0367484
0.0025652149,0.12535498
0.9358597,1.2980974
8.761966,5.5163975
3.1367314,3.2555766
6.509479,4.5592866
0.9698333,0.8716027
0.65257937,2.316883
3.0981824,3.4685912
0.81452936,2.7981462
0.01957738,1.4274397
7.554663,5.028078
1.74317,1.6944225
4.3522544,3.7495117
0.99091667,0.5831759
0.6608037,1.7442908
2.4517088,3.8270698
0.8287758,2.6753619
5.173323,4.7564874
0.006739754,0.591699
1.1812831,2.620039
3.6620579,3.0388808
3.4071393,1.3280289
7.3126564,4.228914
3.5710049,2.3882504
0.007830952,0.017436244
3.7588573,2.6773038
0.96581745,1.0106232
3.0663073,2.772089
0.7054276,1.2897592
0.0,-0.026618749
0.9136111,2.975523
1.4438318,1.7555614
1.2292222,1.7344747
8.045152,5.1604357
3.3199449,2.2974927
6.500028,3.765397
1.2188647,0.17020763
0.46383333,1.1040306
4.922591,2.8066053
1.8582587,2.2409055
5.618708,4.7935934
1.134138,1.4629123
3.528823,3.2542794
0.8097917,-0.44755995
0.87119347,0.057204627
0.024916667,-0.12674373
0.7221042,1.7525699
0.52412426,1.57987
0.0,-0.2256031
0.74777085,2.5556247
2.6439352,2.749091
1.5663356,2.5281239
1.78365,0.6686966
4.166447,2.9629822
1.8123307,1.880013
2.161521,2.5499678
2.8380888,2.258604
0.81430554,1.1775458
0.0,0.23403136
0.005958333,-0.014938474
0.0,0.058947377
1.3212456,3.471445
0.0,-0.23513249
0.0016314484,-0.2104041
1.379098,1.4553704
0.006374031,0.85086346
0.56298196,1.3083367
0.0020646579,-0.06235364
0.7695417,1.3663614
0.0022032422,0.03249769
0.0037545662,-0.053783983
0.0022465847,-0.0720627
0.0,-0.04300143
0.0,-0.059665248
0.0,0.009989984
0.0027896522,0.10071189
0.0053479676,0.57441896
0.8884868,1.440017
0.5262915,0.42168364
0.012181481,-0.093029425
0.0,0.01226449
0.004766667,-0.016155347
0.0019033565,0.035609774
0.008527037,-0.103468776
0.0,0.055923484
0.0,-0.03619367
0.0017682796,-0.076177895
0.0,-0.025892168
0.0,0.08217437
0.0,-0.11421497
0.0008181592,-0.07050146
0.0,-0.04860799
0.0,0.004132636
0.0,0.1764952
0.0019301643,-0.009336412
0.0006903862,-0.10491946
0.0024471725,-0.045276806
0.0,-0.002454035
0.6951087,0.7507493
0.003513889,0.00020066649
0.0036254409,-0.0007702112
0.0,0.14228572
0.0020403226,0.09439625
0.0,0.6225404
0.0009625402,-0.05499813
0.0026481482,0.10175188
1.107597,2.2809052
0.0,0.04430165
0.0,-0.03627278
1.3973757,1.4356074
1.0154563,0.6081945
0.0,0.07680002
0.0,-0.05922912
0.011963955,0.6783027
0.0012989731,0.123792306
0.5231362,0.43228364
2.438274,1.3819406
1.7333919,0.34052855
0.0066310484,0.15459068
0.0039015422,0.11958217
0.0,-0.016855314
0.005123053,-0.0077890605
0.0030009125,-0.015635356
0.0042825523,0.11913487
0.0065257936,-0.045927376
0.82012534,0.5515031
0.0,-0.027100623
0.6784906,0.9638604
0.004965278,-0.13361582
0.0025456657,-0.15271574
0.0018858945,-0.064713225
0.0047255745,-0.13364112
0.0055184565,-0.064973176
0.0014324913,-0.0740038
0.005958333,-0.040457845
0.0009978762,-0.13567734
0.0071190475,0.047032252
0.0014230703,0.2893907
0.0021926668,-0.0055654347
0.0013177083,-0.07207686
0.002119201,-0.062138036
0.007613426,0.2536134
0.0,-0.1774889
0.0,-0.027783662
0.00050198415,-0.025064766
0.0026870915,0.018838942
0.0030453703,-0.120548755
0.0010265294,-0.037812322
0.003079588,0.18002367
0.0018272222,-0.08763787
0.0018151214,0.07197353
0.80751437,1.1192312
0.7511271,0.24038419
0.0,-0.044755206
0.0022651516,0.27541915
0.013208835,0.41623938
0.0,-0.120447606
0.0014219629,-0.06341551
0.0,-0.07155907
0.003164021,-0.025419697
0.005958333,0.032055713
0.09225244,0.36906084
0.71500003,0.96582776
0.0,0.43557614
0.0,-0.039884374
0.011420139,-0.028016254
0.0018519145,-0.038309366
0.0072604856,-0.020265877
0.003806713,-0.057373285
0.0,-0.042871445
0.0033022088,1.0286193
0.003299724,0.6380654
0.0020006082,-0.052700624
0.0010265294,0.14011386
0.8716749,1.3748403
0.5087215,0.3619936
0.0,-0.011310428
0.0,-0.07283455
0.002905477,-0.003340289
0.005270833,-0.09765476
0.0030453703,-0.14352837
0.0015311919,-0.066780224
0.0015661905,0.018059872
0.0,-0.038055316
0.0017682796,0.051399812
0.0011491964,-0.056839675
1.2083104,1.4166679
0.65678954,0.41820955
0.0015059524,0.15412706
0.001986111,0.12340209
0.0,-0.17911744
0.0006359242,0.040031426
0.0,-0.021631211
0.001986111,0.040943265
0.003495961,0.15033568
0.0020705068,-0.07181144
0.0030453703,0.0035021678
0.030149167,0.6760314
0.55294716,0.94833946
0.0051326468,-0.039438143
0.0010541667,0.5523841
0.00145789,-0.10007423
1.2503127,1.4187973
0.75088036,0.42123058
0.0013704167,-0.034503236
0.0011420139,-0.040672272
0.0026103174,0.13136142
0.082225,0.8676395
0.0,0.01212126
0.0,-0.02767837
0.00047916666,-0.021975443
0.0026103174,-0.0046550035
0.5073861,0.62962246
0.0,-0.02614817
0.0,0.22038701
0.0,-0.051049978
0.0,-0.10796881
1.8647037,1.8867221
0.8546417,0.48139766
0.003915476,-0.097288534
0.001845679,0.0043305904
0.1265,0.8706343
0.0,0.114829876
0.0,-0.11277047
0.002045398,-0.09350482
0.0,-0.118793204
1.0022451,0.91045034
0.0,-0.12638742
0.0,-0.003153175
0.0015935077,0.08385463
0.0,0.01084017
0.005481667,0.005187094
0.0,-0.011389762
0.0,0.010713823
0.0,0.028512299
0.0,0.046269223
0.0,0.028016701
0.0,0.23516703
1.1113061,2.358096
3.3540661,3.7783237
0.52369493,1.4368033
1.3204606,1.5101986
1.4606737,1.990607
0.59776676,1.1157627
0.0,0.2279342
2.3544006,2.2311559
0.0029954463,0.19021043
0.0047255745,0.21731812
0.001539794,0.088263385
0.0,0.07400969
1.2938346,1.8294778
1.5219601,1.9416847
0.0034694092,0.0032700896
0.0082225,-0.008058161
0.004894345,0.47345957
1.3841208,1.9164226
0.5048287,0.79773706
0.0186875,0.007449031
2.0936005,1.9120145
0.030453704,0.50016737
0.005374183,-0.069672436
0.0069388184,0.1880603
0.0,0.027038455
0.008305555,-0.056879878
0.010259804,-0.0073402524
0.005339286,-0.03108406
1.6360232,1.0526373
0.013051587,-0.0083061755
0.008841398,-0.007992566
0.8782248,1.0331659
0.0062103476,0.29320663
0.0,-0.014285877
0.0025378086,0.029141232
0.0,-0.0025788844
0.72160554,2.4317145
0.026664216,1.1253746
0.86055875,1.4397075
1.0890169,3.0837564
1.2735938,1.0736623
0.94521713,1.7019501
0.54591084,0.95461464
0.006788442,0.17585726
1.7881526,1.3600616
0.0022792793,-0.0017751008
0.0037205883,-0.007961541
0.0,-0.030099645
0.8339297,1.93417
0.0,0.14645782
0.006411306,-0.015628189
0.0014656862,0.24034221
0.0,-0.073589504
0.0,0.13671981
0.0,0.20814401
0.0022328582,0.08551027
0.0051090093,0.39905053
0.007341518,0.0032806098
3.3232605,3.092024
0.82003963,1.9478865
4.3502374,3.8708594
1.1543125,1.3502908
1.8158021,1.8665354
0.0,0.1380799
0.009616959,-0.003198035
1.6744419,1.9681287
0.51262003,1.1127081
0.0,-0.07092589
0.003011905,0.17238031
2.9043422,2.2789092
0.7738271,1.5240612
0.73252034,1.7089789
1.1080798,1.3904583
0.0,0.20232977
2.6152356,2.4475193
4.181163,2.6906934
0.8903344,1.1620901
2.3714166,1.1301165
0.60298336,0.34024736
0.0046383333,0.26594007
2.5589895,1.9184008
0.004397059,0.6313858
0.65825874,0.7693812
0.8592883,0.76938677
0.71999586,0.46577135
3.73175,1.859045
1.39002,1.0980492
0.9871798,0.9100564
1.4738443,0.77117914
0.007027778,0.15050842
1.7184516,2.1184375
3.5346544,2.9225082
0.5113495,1.0921636
1.6590961,1.130796
1.4923712,1.2307515
0.009259572,0.2431989
0.012211634,0.51486087
2.568097,1.6074369
0.7508639,0.9419766
0.6892628,0.8828123
0.008655263,0.13019244
0.0066044177,0.16641848
0.0,-0.0003502369
0.0029003527,-0.009465069
0.0,-0.032357246
0.0031944443,-0.017842352
0.00055821455,-0.042608887
1.0332794,1.1425853
0.0070367996,-0.039139986
2.1111996,1.6030099
0.50927234,0.6243373
0.8935487,0.7583888
0.6758534,1.0341663
0.0034606482,0.033697963
1.4497031,1.120954
0.0022726646,0.0053208247
0.0016883984,-0.02667752
0.007546725,0.078809425
0.0041976725,-0.040624022
0.0018353795,0.20964143
0.004339931,0.10996442
0.0023627873,-0.07470469
0.0031028301,0.18954566
0.8876404,1.0660813
2.1126459,1.5106285
0.74825794,0.47294462
0.52325,0.8349914
0.0,-0.088430375
0.0,-0.035013556
1.3111793,1.048939
0.0042603626,-0.050107405
0.0017251509,-0.036810756
0.001539794,0.00034931302
2.2796092,2.5586627
4.213605,3.6837611
0.60969555,1.2301209
1.8642606,1.8408272
0.005270833,-0.018359214
0.69610935,1.5875363
0.0,0.014400989
0.0,-0.09517364
2.6046429,2.2744184
0.6742833,1.3609333
0.0049833334,-0.078244895
0.0054273927,0.33243015
0.0013468468,0.050520435
0.0012904112,-0.011568606
1.0983711,1.3392587
2.754269,2.0506856
1.0827984,0.57940537
0.0,0.048506744
1.0439351,1.1496487
0.0045935754,0.10281127
0.0008181592,0.08263087
0.0057100696,0.092219025
1.636131,1.3387866
0.0031503832,0.03786256
0.010151234,0.45358068
0.10783607,0.45206517
2.3060596,2.832826
4.1880465,3.48768
0.8338778,1.3466666
1.9324318,1.3938742
1.5619448,1.8522398
0.00145789,-0.01803559
3.2400656,2.2394004
1.1195674,1.3707824
1.0459769,1.0568471
0.00433905,0.12227517
1.5944065,2.531224
0.005054019,0.5150039
0.0014815315,0.60373545
3.6617954,3.5659432
0.55050427,1.3717124
1.2483832,1.4135535
0.0048387977,0.15044093
1.4804676,1.9837887
0.52544475,0.96599
0.0047012577,0.17286348
0.0039477022,-0.019692898
2.508833,2.2370338
0.0022651516,0.22341245
0.0026870915,-0.012353092
0.31821012,0.53042763
0.87923485,1.16541
2.1434174,1.924434
0.70463157,0.9136632
0.0035537547,0.14008154
0.0,0.124408945
0.7448772,1.1345541
0.0011916667,0.22324607
1.0892094,1.3737638
0.004621979,0.30389488
0.0046851854,0.027064353
2.2672405,2.1239824
0.15133436,1.2952356
0.004554255,0.066554174
3.929662,2.6658864
0.6669644,1.1997356
2.0954113,1.3461404
2.33176,1.8925836
0.7275501,0.8036775
0.0026959016,-0.052505463
0.0018031799,-0.06407435
0.6366124,0.7636498
0.5409739,0.5094612
0.0065867826,-0.0016195104
3.0459018,1.762577
1.0634761,1.148097
0.005985728,0.088840164
0.70591474,1.0969303
1.1853398,1.0298274
0.0,-0.003430009
0.57841665,0.63238186
0.9607836,3.0444193
0.7837512,1.8642604
2.7740731,3.5559278
2.4409971,1.3056378
2.515869,2.3309076
0.0,0.4072842
2.458072,2.3831534
0.0012346096,0.021138117
0.0,0.13680333
0.5600098,1.2392113
4.720571,2.431653
0.01390965,0.17963472
0.59520674,1.299849
1.5703769,1.2630601
0.0017855592,0.004252963
0.0048510325,0.20917952
0.002396357,0.11439231
0.0038940802,0.027395964
0.0019066667,0.0842856
0.0020202703,-0.033855915
0.5298945,0.6233565
1.8742464,2.898029
1.9170774,1.712806
2.478413,3.6979516
1.7218056,1.3300452
1.7858694,2.205909
0.8975164,1.1525955
0.008108974,-0.2338871
2.474285,1.7424765
0.8111084,0.9778014
0.0046454803,0.045478523
0.013842593,-0.023763672
0.009886773,0.13210166
0.0,0.052871764
5.8691864,5.451261
2.9588177,2.6336963
3.569016,3.2929997
1.1420139,0.8068668
1.9657187,1.7077885
1.3632905,1.9279408
5.1742425,5.478287
1.8852694,2.0174305
3.1695552,3.153512
0.0,0.15124777
2.0231307,2.919932
3.0287313,4.2411847
0.6550079,2.0531268
1.3611104,2.261885
3.4449553,4.0178504
1.3214957,2.1903796
1.2346902,2.030654
1.131623,1.5325279
0.0017972678,0.034246534
0.0019347059,0.049005464
1.9408867,2.2639241
0.002060777,0.3845265
0.5946854,0.8112263
0.66610557,0.9854179
1.3673713,1.9134281
3.7983673,3.8561907
1.4087883,1.9805841
2.6051667,2.572627
0.53262585,0.23816428
0.9002551,0.6251524
1.6682725,1.2251706
1.5500344,1.2914078
0.028699826,0.46621162
2.8666978,3.0668032
1.573,1.3653078
1.4107231,1.7020106
0.550395,0.25007647
1.8643006,2.2914956
2.7232854,3.3720396
0.74971133,1.2885509
0.016474955,0.017439634
1.1044682,1.7198298
0.29069445,0.7522306
2.698158,3.02452
0.053486165,0.19403665
1.2825263,1.4365585
0.92290205,1.6020765
0.7506146,1.3553658
0.017265093,0.27096167
0.0124286,0.25734216
1.5395377,1.5184243
0.01426456,0.012297556
0.01872619,0.06320247
0.013051587,0.26038444
0.5721648,0.90752035
0.015741272,0.10176387
0.5174092,1.0314
1.7613461,1.6406052
0.12964937,0.102741405
0.017726783,0.018021315
2.1822722,2.5027132
1.1127455,1.2476602
1.1353452,1.4435544
0.63094354,0.7482498
0.0085493885,-0.14735836
0.6885185,0.9537062
1.830552,2.2646878
0.5674006,0.90370905
0.81450206,1.1151432
1.1913716,1.6899731
1.0912733,1.3943715
0.0035595237,-0.05450356
0.5862133,0.810722
0.016009541,0.36551413
0.5104306,0.6367716
3.759794,4.2089105
2.2669737,1.9169974
2.4806864,3.258515
0.77590644,0.47857064
1.0412719,0.9023619
1.2829251,1.4278486
3.5967577,4.2218237
1.4062344,1.4400148
2.6542377,3.431204
0.0033022088,0.26126054
0.63804334,1.9187863
1.5654167,2.0572958
0.62786084,0.95792
0.025979463,1.4043355
0.518647,0.9217152
0.0050137197,0.13910374
0.0,-0.02503714
4.1827703,3.2689009
1.134138,1.2720342
1.617507,1.7145629
3.8897908,3.4885483
0.8584497,1.0539081
1.378807,1.7171278
0.0019033565,0.06710689
0.54382044,1.3855805
1.3016185,2.0062883
0.0,0.16916788
1.5412866,1.8523223
0.0028159246,0.025014825
0.006325,0.06258008
0.017682796,0.67234176
0.0044502546,0.0011041164
0.0,-0.014183193
0.6556503,0.8257409
4.7131224,5.406613
3.007373,2.836742
2.986493,3.8089015
0.67897916,0.49542528
1.0675582,0.93007034
1.304875,1.8222661
2.099229,2.0057218
0.53471756,1.5414538
4.776536,5.0200553
1.9490371,1.8192866
3.1153235,3.6971889
0.57179457,1.28037
2.4097722,2.4149723
0.66007054,1.0581293
3.3829346,3.5064979
0.012356216,0.68170136
0.7792675,1.638602
0.0023627873,0.46534342
1.1085148,1.7335737
2.8921373,3.2706354
1.0807086,1.7411277
1.3536605,1.7994359
1.1226875,1.7479033
0.012371818,0.23329046
0.015856061,-0.0011710003
0.55541116,0.5977021
2.4042318,2.6356761
0.0097192675,0.39557478
0.7664182,1.004142
0.0,0.008234441
0.64210135,0.91448647
2.0765843,1.6964021
0.103492044,0.054376364
4.1812286,4.532878
3.0716627,2.6902966
2.7486846,3.0767279
0.76328385,0.3724731
1.2257171,0.97248745
2.0964606,1.8180325
2.7149258,1.8244596
0.79522485,1.2531712
3.2604847,3.9876978
1.7108456,1.7995713
2.347452,2.7440233
0.60422915,1.199204
0.0021926668,0.41159508
0.90159553,1.8925703
2.7278087,3.4149961
0.0031004902,0.16706291
0.0038303572,0.19189627
0.92428774,1.2104104
0.7324641,0.719871
2.8161943,2.7971392
1.2904875,1.3203971
0.91585034,1.2933807
0.7835862,1.511646
2.1531224,2.0893476
0.59749585,1.1395626
0.009859113,0.119206056
0.9243595,1.2141969
4.3969007,4.519551
2.769626,2.3093534
2.8460138,2.666722
0.9641475,0.64959437
1.8318835,1.5029252
1.5332673,1.567668
3.5038493,4.3256
1.5191307,1.6223667
2.0676162,2.5697296
0.7368902,1.2535412
1.7508185,2.5532053
0.63499165,0.9594124
2.120026,2.305728
0.8949159,1.0347817
0.63096666,1.1615996
0.5505026,1.1134996
0.0055935374,0.17145775
0.0,0.18324015
0.0031625,0.16486567
1.833523,2.016491
0.022210201,0.2820379
0.58335304,0.9115869
0.016971104,0.13719371
2.493527,2.8481116
1.1936778,1.3003824
1.2717164,2.007661
0.77462476,0.63866335
0.5795249,0.9862565
0.009242009,0.40179795
2.309455,2.606226
0.82822275,0.96829927
1.4377561,1.8761828
1.3485886,1.9532931
1.735181,1.6623006
0.8165494,-0.066030055
0.5821851,0.7193634
0.0021638158,0.16770029
0.6249438,0.89171755
0.0018730068,0.016661458
2.7375367,2.8424892
1.3784161,1.4262552
1.2342039,1.6441588
0.70862687,0.76826376
0.7797585,0.8464634
1.8182935,2.6020274
0.5669252,1.0384204
0.90231556,1.4319096
0.0022283199,-0.05068861
0.0,0.061179407
0.6537223,1.5151095
0.0020763888,0.2571165
0.9653783,1.3522365
0.01850664,-0.004094541
0.021997463,0.24238788
0.68480957,0.7773371
0.013178638,0.045747995
0.0035595237,-0.020428896
0.0007898655,-0.039104298
4.991417,5.671764
3.6128564,2.8385658
3.8673015,3.9761667
0.6814708,0.6065844
1.3461101,1.0435798
2.0949373,1.9662032
2.2780564,2.1048613
0.54793555,1.599417
5.367896,5.509089
1.9820286,2.0092623
3.3993948,3.9703183
0.75295925,1.2116666
0.0013773032,-0.09277916
1.5253094,2.155249
3.2230408,3.7275076
0.0041685677,0.23761739
0.78947604,1.5133481
1.0353286,2.091232
3.4581797,3.941135
1.3920735,1.8927312
1.1402378,1.8742869
1.015396,1.7486494
0.642553,0.6907639
0.004350529,0.5538746
2.5050108,2.8247013
0.00083055557,-0.0355601
0.003771789,0.114668176
0.6058684,1.1392746
1.5035799,1.695822
2.2587535,2.820886
3.3375494,3.522355
1.1317662,1.7088001
0.0019671053,0.14727125
0.0,0.1963627
0.0010039683,0.14391357
0.0044385963,0.09981251
0.0,-0.07511456
0.6143437,0.9347561
0.7403888,1.5219469
0.052935705,0.4980196
0.6328176,1.3051193
0.0014735663,0.18034476
0.004015873,-0.05416903
0.0028850876,-0.0077160746
0.001611307,0.0014433861
3.4892697,3.6936455
1.9836781,1.8479261
2.126067,2.0691414
0.6103733,0.4686129
1.352444,1.1595957
1.3825864,1.3275151
2.83248,3.6144292
1.3079673,1.3542142
1.5146711,1.8809257
0.0,0.2590337
0.0,-0.11994557
0.0,0.119297765
0.7196469,1.2446792
1.7111349,2.3414721
1.6524733,1.9821677
0.7397927,0.899815
0.5509492,0.9241769
0.5446973,0.80728716
0.006876643,0.05834587
0.0,0.1455636
1.2784661,1.4011903
0.009616959,0.24904062
0.7616967,0.90980303
5.496471,5.24672
3.742831,2.8107548
3.427299,3.3409486
0.6912301,0.44776607
1.3574144,1.0044509
2.21477,1.9502759
2.0968294,1.7939682
4.4201617,4.905794
2.0063589,1.9121687
2.9016364,3.1361613
0.582715,1.1440742
0.0024736763,-0.06433214
1.086702,1.9038274
2.6138284,3.4531803
0.0046454803,-0.085918635
1.0530571,1.6256204
0.5855114,0.8116574
3.198643,3.3173978
0.61185706,-0.09453234
1.617434,1.6730211
1.1247357,1.6366618
0.9774686,1.5909946
0.0011051748,-0.10351601
0.0021666668,-0.1494647
2.5600986,2.4752774
0.0011209953,-0.033434242
0.53331697,0.91098523
0.0060623786,0.086235434
1.0898516,1.4914565
5.2738566,5.375325
3.478534,2.7907965
3.5530376,3.4124906
0.54527926,0.5020195
1.4605738,1.0427802
2.3143404,1.9441581
0.0136528695,0.030547068
1.6446475,1.6772974
4.9462748,5.275643
2.1617048,1.9403169
2.926279,3.2682006
1.9301552,2.4248154
2.7603147,3.700692
0.013877637,1.053735
0.51600426,1.536449
0.0021861084,0.0024287924
0.0026908603,-0.011650056
1.426413,1.9249616
0.5343002,0.7483626
0.048367646,0.16293286
3.4763527,3.5815735
1.4169997,1.7865529
1.5008571,1.935072
1.2320143,1.6245978
0.011232924,0.36596906
2.161012,2.31673
0.0053317123,0.55264175
0.002055625,-0.01974237
0.04222854,0.25056615
0.646637,0.83578897
1.5153508,1.576994
2.3649914,3.031591
1.4958254,1.3561435
1.3406795,1.7215798
0.9302745,0.7250674
0.85398424,1.0935931
2.3172746,2.9083467
0.8487191,0.9979034
0.005958333,0.07465619
1.103546,1.7207851
0.003011905,0.21243015
1.129698,1.7732646
0.0,0.1867988
0.0018645125,-0.03666714
1.3750154,1.4894345
0.89100736,0.029005028
0.0051771295,0.043238632
0.008476804,0.2165372
0.0018333334,0.016144484
0.004535658,0.014544122
0.0037244183,0.10351959
0.0043021585,0.12042995
0.8263797,1.0787265
0.003007184,0.008705869
0.0011813936,0.030101568
4.0962095,4.291864
2.9058523,2.4275877
0.2983692,1.1322165
2.652249,2.7833903
0.60019606,0.30732134
1.0373487,0.8808511
1.8994509,1.6680088
2.3550284,1.7402601
0.6146432,1.16435
3.6481383,3.749895
1.7508607,1.6612628
2.152184,2.432612
0.5820338,1.1165094
0.0039379788,0.045240596
0.997233,2.0276883
2.4477494,3.3344748
0.0,0.05702295
0.001957738,-0.0160252
0.9789273,1.1821954
0.558915,0.7468318
2.5889735,2.6371937
1.2264293,1.3407223
0.880869,1.3104868
0.8895986,1.4317083
0.0038603286,0.12589194
0.0019060037,-0.040121645
0.0051326468,0.15629429
1.9855586,1.9649696
0.69929487,0.89316493
1.065687,1.2928658
6.0420775,5.724445
4.106059,3.3510833
0.53941935,2.2840602
4.7671556,4.8835464
1.1774002,1.247566
2.5775902,1.9399445
3.2812793,2.5286746
3.0152183,2.0294595
6.007627,5.306548
2.5902805,2.166607
4.8020415,4.9128337
0.23351504,0.30255425
0.8175993,1.1550324
0.002045398,0.40303552
2.2082508,2.804885
4.1335297,4.5765753
0.0,0.99003214
1.3510928,1.9622064
4.8829813,4.124648
0.5201077,-0.17306
1.0012139,1.8166897
0.9787302,1.6110609
2.436756,2.2721958
0.0010401645,-0.08743857
0.62237185,2.142892
0.3976567,0.4900289
1.6206666,1.5711482
0.6280009,0.8167774
1.8281093,2.0165985
0.06583852,0.50329435
4.4258127,5.1439605
3.1685696,2.468607
3.4260416,4.207521
0.8036681,0.4786139
0.0025856919,0.290354
1.2410146,0.9228981
1.3789595,1.3893845
1.887334,1.6967556
5.0732675,5.0911384
1.8507993,1.7629402
3.9078362,4.2056546
0.025507756,0.18251349
0.0059908926,0.48218286
0.8992336,2.457778
0.001986111,0.0049650297
2.2054007,2.6284463
1.4070673,1.2713966
0.004705293,0.12286095
0.005204114,0.45302126
0.00084074645,0.08340904
0.0019537508,0.06237286
0.0007613426,0.05361391
1.1746429,1.0157728
0.014425439,1.3227658
3.0683653,3.661337
0.8928613,1.1976526
0.0014296448,0.006640017
1.1090411,1.390343
0.00090456544,-0.021898106
0.0013983843,-0.058486447
1.3969408,1.7163908
0.0038969195,-0.027243763
0.004346348,0.11207982
0.0018645125,-0.0061554015
0.90963274,0.4832963
1.1753484,1.8838866
0.5481667,1.1826673
0.012748062,-0.039003134
1.0603426,1.2967162
0.017601682,0.033703223
0.09660901,0.7969121
1.2539313,1.4927735
0.023833333,0.04915139
0.008728769,0.17668045
0.021160847,0.09346372
0.96803904,0.60172725
1.1257745,1.2054102
0.0028431881,0.033538103
0.0008701058,0.08665186
0.0022624803,-0.0202789
0.0035839041,-0.0911098
0.001742055,-0.056775242
0.0016461462,0.12948146
0.028550347,0.7067556
0.0047255745,0.048118696
0.0044931695,0.14504643
0.0,0.08345453
0.0027967687,0.025738895
0.0015026499,0.04282859
0.0,0.16660254
0.0089375,0.0869563
0.0,0.0032822192
0.006254338,1.2445469
0.0008618973,0.17941123
0.003537902,0.015911222
0.0006090741,0.29963094
0.001542683,-0.021692768
0.0029817596,0.02053687
0.0013026774,0.0045167506
0.0032641923,0.09708902
0.0028850876,0.022161826
0.00598,-0.0465163
3.6297522,3.9692755
1.2978652,2.1320202
0.0022404632,-0.021566823
0.79714316,1.6824646
1.386093,1.9253461
0.0031145834,0.15157594
0.00352897,0.16222216
0.6925172,0.7684566
0.0,-0.01882112
0.7911613,2.7366867
3.6376605,2.7087352
0.77903867,1.2418587
1.4238726,1.1535199
0.0036222467,-0.00045014918
1.3826891,1.3814325
0.0016217949,0.016458645
0.0035727809,0.036117285
2.0335417,1.4078224
0.5326083,0.75605446
0.006173048,0.53764117
0.0026481482,0.11119517
0.8934685,0.46484777
0.41712683,2.160962
2.86127,3.0833504
0.8543839,1.2136288
0.013369919,-0.1417186
0.003383745,0.35032022
1.1097344,1.3083637
0.005204114,0.10250382
0.0021329443,0.3509711
0.0021357143,0.0120716095
0.0025822117,-0.072087586
0.0042825523,-0.08144131
0.0036412037,-0.075382635
0.0028699825,-0.078221604
0.0022465847,0.20928207
1.3816664,1.7288022
0.00437367,0.048702575
0.0036222467,-0.007265955
0.0036507002,0.06505747
0.52233315,0.8835232
0.004035202,0.05708117
0.0016661601,0.0072109103
0.003011905,-0.0037522018
0.003132381,0.115247056
0.0013093153,-0.039055258
1.1995124,1.702615
0.0041951532,-0.030494511
0.0024992402,0.03840468
0.0,0.020997584
0.001186508,-0.059990987
0.0014109825,0.014895625
0.0028550348,-0.05156052
0.001727416,-0.08348395
0.0037417521,0.08765885
0.0010003041,0.014064148
0.0030623837,-0.029538542
0.0009483852,0.12983236
3.4141986,3.8558064
1.2944802,1.9803629
0.0027408334,-0.0067035705
0.0,0.08750537
0.007137587,0.04909095
0.0,-0.045691118
1.2502913,1.8245411
0.19532633,1.0230854
0.0014055555,0.068353295
0.004531801,0.0050568283
0.002514526,-0.10744463
0.0038603286,0.18479206
0.0023064516,-0.020613074
0.003068097,0.12539649
0.0032726368,-0.18780434
0.0014936421,0.036713377
0.0010003041,0.079342335
0.004970423,0.015608311
0.0055370373,0.12845224
2.2746623,2.448039
0.77557206,0.6679612
0.0,-0.050644234
0.0037935409,-0.06556785
0.0,-0.0018331409
0.7676041,0.9777264
0.0015751916,0.0027170852
0.0060459557,0.25971866
0.005894265,-0.080006614
0.0011372752,-0.0012102574
0.5644565,2.6900835
0.0031185208,0.44800392
0.017771974,1.0353911
3.4612176,3.6012752
0.5997588,1.5550795
1.1872472,1.5858572
0.07765347,0.6329298
0.6285296,1.2616198
0.0053323605,0.03043519
0.0009990887,0.115128875
0.0,0.034949645
1.5199295,1.7875309
0.0033557522,-0.05395466
0.0013435457,-0.0029504895
0.0036544444,0.019641444
0.006915781,0.22907098
0.004121554,0.01843471
0.52254283,0.42335486
0.006249457,-0.039430097
0.01984929,1.0537231
3.584892,3.7345548
0.3802727,1.5096424
1.0171151,1.3965263
1.0252517,1.521929
0.0025615266,-0.06290159
0.0,0.14997354
0.0027967687,0.23784862
0.0017814144,0.05395326
0.0025905797,0.011355534
0.0010963334,-0.054885447
0.015959283,0.7846808
1.5211816,1.7776918
0.001986111,0.009074546
0.0021856725,0.012447506
0.0016431855,0.2990041
0.9180461,0.4070814
1.7616417,2.3080664
0.50626314,0.79248494
0.0007529762,0.0066885874
0.0008591954,0.08582193
0.00433905,0.14457487
0.0016122549,0.0697108
0.027408333,-0.0070269853
0.001957738,-0.020140737
0.0033390864,0.021296434
0.85351104,2.2168994
3.186246,2.7728996
0.6620237,1.3294175
1.2771719,1.3501315
0.0,0.019720666
1.5291572,1.3038294
1.8585182,1.3271344
0.0038238955,0.19134328
0.0024526473,0.024833024
0.0020418128,-0.05680439
0.0035233432,0.18089952
0.0035996533,0.044041723
1.0581396,0.53701186
0.0032245098,0.14982094
1.533218,3.992148
0.55935377,2.0158207
1.092727,2.890513
1.0672407,2.0198195
2.1111293,2.0866618
0.0,0.21520461
0.0,0.1112394
0.0029003527,0.0021645725
1.1794822,0.43620664
0.0046454803,0.21812539
1.2470791,3.7887352
0.6143247,1.5008316
0.8031279,2.358826
0.024183823,0.050316498
0.0,0.18997091
0.0,0.448399
0.0035595237,0.22973141
0.0,0.14352953
0.0,0.046365723
0.7491611,1.5789433
0.012458334,0.045996144
0.010963334,0.22348954
0.0,0.23911859
0.0,0.028717205
4.3869934,4.320401
2.0709941,2.0342588
1.2941333,2.0483937
0.0027339985,-0.07793552
0.005782349,0.57898784
0.008198278,-0.009032354
5.4405913,4.9503236
1.638955,1.8589888
3.4980018,2.3550704
0.00561437,-0.2652448
1.0033988,1.210525
0.5421965,1.2169619
0.012505704,0.38173574
0.004090796,0.10648519
0.004170833,0.2274696
2.2722692,3.3568861
0.68314236,1.3342388
3.2020528,3.6560621
1.4176997,2.2071114
0.0062927296,-0.05719693
0.0008618973,0.36544162
0.0,-0.017606854
3.7863092,3.5388277
1.7608812,1.2753356
4.285909,4.0086718
3.3024354,2.4728663
3.2853863,3.4043097
1.0821741,1.3437874
2.491125,2.3123972
0.75544935,1.0234499
0.7668796,1.350914
0.004316273,0.056892462
0.007047857,0.33067256
0.0077741314,0.3256822
0.89902574,1.8766172
0.61569965,1.3445802
1.571784,1.6558449
2.8766804,3.130128
0.77985585,1.5945268
1.0445427,1.8565221
0.013093153,0.40199214
2.8429792,3.3928432
0.7609571,1.4939432
0.53006685,0.11427297
1.5534651,1.8924394
0.0068179932,-0.0049642026
1.9816946,2.1914346
3.2269707,3.0093784
0.026933044,0.16080835
1.5467249,1.3252008
2.8097215,2.2520967
0.871,0.90844494
3.5250847,3.3422434
2.8075635,1.8507028
2.4809556,1.9896514
1.4019363,1.8592482
0.5699321,0.594324
0.008565105,-0.03093934
0.775715,1.2391527
0.045850374,0.6679407
0.006390544,-0.05781105
0.5668427,0.8722471
1.9205912,1.4811597
1.7123193,2.0739667
0.8658374,1.0841447
0.5227029,1.0456165
0.004090796,-0.030522555
2.5269322,2.5678074
0.7216501,1.1091263
1.2810098,1.240279
0.0054481397,0.12383649
0.0,-0.0268915
0.70332384,1.0804427
0.00790625,0.23731777
1.4990368,1.806942
0.0041976725,0.18175882
0.0007250882,-0.017279893
0.0,-0.050718993
1.2199483,1.3870366
0.6320222,0.66621333
1.9736145,2.393083
1.317439,1.2943735
1.3862768,1.3139131
0.92095524,1.2006888
0.0020006082,-0.0031562895
0.0027226822,-0.04379648
0.003018539,0.021511815
0.63410807,0.82170194
0.0055432585,0.040952943
3.9045367,4.127026
1.5269308,1.7426002
1.2966666,2.6709394
0.57163316,0.33055055
0.54192686,1.4976423
4.45017,4.303825
1.6794628,1.5300972
2.7500556,2.8878198
0.69038486,0.058728725
0.5798113,0.26538664
0.007949454,0.03637156
0.8688857,1.3530059
0.002588405,0.112710245
0.003454832,0.43981352
0.56528157,1.4878407
2.108979,2.089206
0.0017347046,0.14706637
1.5473095,2.048855
0.83712626,0.71038586
3.2376647,2.5307832
0.017569445,0.39082742
1.8030078,1.5752919
2.1204097,1.9740736
2.4346004,1.7585671
0.003513889,0.06892046
0.029231926,0.22607327
0.67508453,1.0088351
2.259695,2.280905
4.148391,3.180973
1.4257941,1.5905263
0.0018055555,0.4336916
0.0024471725,0.17058948
0.87937534,1.6784513
0.004360417,0.09329939
1.3718181,1.877691
2.790812,2.4370973
0.7064675,1.4981041
0.9292791,1.6104634
0.63542825,1.1353602
0.0008618973,0.22741184
0.0010706381,0.052414924
4.095311,4.7241907
2.322123,2.2894228
1.9807986,2.8510807
0.340674,0.26659682
0.5688678,0.575534
0.6769072,1.668108
4.823405,4.6884465
1.7467005,1.7349265
3.2426476,2.9373283
0.67045003,0.08798762
1.3332828,1.4509203
0.7839534,1.5246277
0.0055935374,-0.0773823
1.7473338,2.6568828
0.6607366,1.2609606
2.8964643,3.1354527
0.005839844,0.3608856
1.3855301,1.8628156
2.7551086,3.0615973
2.018571,1.0552484
3.855439,3.7297788
3.198057,2.28036
3.6131406,2.903857
0.99192065,1.2752545
2.1211667,2.457492
0.9064228,1.0236499
1.1258132,1.3509719
0.53579485,0.92480487
0.0,0.023299709
1.4659588,2.3222008
0.0020763888,0.08865942
0.020107424,0.36695236
0.0033424797,0.4082199
0.0018031799,0.03966078
1.3963143,1.6700473
3.9654076,4.010142
2.617753,2.351417
2.0609007,2.7720492
0.872853,0.8212639
0.5090678,1.6750679
1.1910361,1.6281178
0.5377311,1.417479
4.984427,4.0041504
2.6397371,1.7111387
3.7747931,2.8250856
0.9989616,0.26480252
1.2141275,0.7796301
2.645646,1.4573634
1.52674,1.6684563
0.0014055555,0.12600517
2.204677,2.4757793
0.79208523,1.9511192
4.1960783,3.5426788
2.17384,1.7624898
0.044049107,0.18961094
0.0012867763,0.01973264
3.4490554,2.4763293
2.749618,1.3185136
4.6621876,3.6224396
0.07560919,0.1842993
1.3580054,0.51087546
4.0281687,2.2765036
3.45311,2.1630304
1.5397838,1.0745479
3.285271,2.082923
1.4829866,0.79324776
1.3649465,1.0039434
0.96262556,0.6471365
0.01816781,0.19348381
0.5765131,0.68418
1.9941452,1.9210234
0.52019256,1.0318508
0.003205653,-0.0162002
0.027408333,0.11218944
2.0409894,1.3491597
0.73540854,0.62503755
3.950312,3.9851732
2.3402164,2.0081477
1.4343402,2.214429
4.7399926,4.080905
2.056704,1.6676397
2.894545,2.1725836
0.50333995,0.08158222
1.3458071,1.1507163
0.8452882,1.1645386
0.0025222392,0.19895849
0.0017076844,-0.10295543
1.1785239,1.6478825
2.866801,2.4249759
1.3342777,0.9601619
0.0012928459,-0.003542915
3.1370568,2.256279
1.8273656,0.97500104
4.0765843,3.1491113
0.63014585,0.23895736
3.4022307,1.8795075
2.8969214,2.2811809
0.94924194,0.9939961
2.262567,1.8102703
0.003011905,-0.0044197887
0.8459289,0.7120238
0.84039706,0.9278929
0.558183,0.40983677
0.0016511044,-0.0895215
0.005075617,0.28169632
0.01159094,0.19393042
1.4501139,1.7694056
0.0015205733,0.0071152747
0.0033671171,0.32549962
0.021942921,0.3469182
0.0018967704,0.13336755
0.89762294,1.0743859
2.3195026,2.4543161
0.8709459,1.1574552
0.5854492,1.4585347
3.170836,2.9749997
1.0670725,1.2197702
1.9218392,1.7131858
0.6296919,0.9180762
0.68036014,1.353998
2.4574888,2.2199624
0.5878046,0.7263388
0.001539794,0.03379965
0.003011905,0.009933822
1.4160388,1.5871892
1.0180587,0.68535274
2.7866843,2.618718
1.9494008,1.4767451
1.666056,1.4918332
1.3530115,1.3051372
0.0068384064,0.24626657
0.7760164,0.95595354
0.0021638158,0.017725118
0.010348684,0.13244453
2.4300368,2.6319506
1.2672589,1.2592256
0.6574358,1.224772
3.2275906,3.001676
0.9348464,1.271946
1.6035655,1.3587859
0.6267228,0.81975377
0.54914284,0.9806108
1.6154681,1.7259612
0.63035715,0.45430243
0.0028451558,-0.009072229
1.6441891,1.5233026
0.94853324,0.6823719
2.3725822,2.3008134
2.110867,1.3136067
1.7295088,1.3667076
0.009742299,0.0759673
1.4164592,1.2064917
0.0035449853,-0.02187045
0.004420699,0.1920043
0.0027967687,-0.0115502775
0.0012959023,0.0049359053
0.0,0.09679933
0.03820188,0.28614467
0.6019864,0.8002279
0.0023282894,0.04573722
4.4138904,4.8253636
2.8771207,2.4093876
1.9704088,2.9157872
0.64687073,0.6182674
0.62880534,1.6287761
5.7381806,5.0778017
2.2332716,1.8817134
3.7633164,3.295903
0.66949654,0.24870181
0.581764,0.77453375
1.6416702,1.2541015
1.0096298,1.4515309
0.0024660453,-0.02714707
1.1598983,2.3080964
2.8455877,3.1821103
1.370884,1.747818
3.5378742,3.1667922
1.9927759,1.2611463
4.332695,4.1219716
0.5558544,0.30615714
3.718512,2.4272275
3.4869292,2.8571649
1.0177283,1.231523
2.5827332,2.4996853
1.026065,1.0174108
1.203374,1.3678644
0.70085233,0.5695286
0.0012430083,0.14226083
1.7439301,2.2802217
0.0010861955,0.28047168
0.9551389,0.11306618
0.04090796,0.33359486
1.1173432,1.4918637
0.78394645,1.6169281
3.5364518,3.2636688
0.5713941,1.4308796
1.2401785,2.0890903
0.002155308,-0.014046997
0.0,-0.043304205
0.0022465847,0.31829152
0.0019969642,0.016474865
0.0,0.106486514
2.8505495,3.241252
1.7959671,1.6618466
1.0623091,1.6428604
4.328555,3.508587
1.3304462,1.4774044
2.14825,1.7347457
0.94650114,1.0224037
0.59509534,1.0747658
0.0,-0.05756095
0.0,0.026759937
1.0205629,1.5277889
2.0712206,2.2373056
1.0427932,0.8609709
0.004420699,-0.044345737
2.1147664,1.8939977
1.3841208,0.84817106
3.0579102,2.90946
2.4188662,1.7258506
2.3148296,1.908772
0.6790353,0.84207493
1.926304,1.5314412
0.5466607,0.573714
0.5918611,0.8053251
1.0020251,1.0413982
0.003556225,-0.0035083592
0.83375,0.97127926
4.647799,4.616877
2.9379659,2.4215438
1.9539088,2.701232
0.62596256,0.73542297
0.56100357,1.3785484
5.890927,4.809253
2.5815566,1.9318485
3.8843513,2.8125181
0.8172742,0.25690222
0.7692292,0.88239956
1.7793907,1.3195505
1.2385732,1.4723513
0.0022511978,0.14943017
0.0043551377,0.03299976
1.5818739,2.4788098
3.8224607,3.3015275
2.1477132,1.6864741
4.0356936,2.8883789
2.9008176,1.2969589
5.04118,3.835196
1.0689898,0.37792706
4.600076,2.3692584
3.9559045,2.798563
1.3775145,1.2744429
3.1847758,2.3574872
1.2946427,0.9778246
1.3427671,1.3334179
0.8259822,0.62844306
0.0007488616,-0.017073795
0.0,0.17628115
2.0314622,2.179041
0.36342156,1.2644699
1.7364421,1.5787368
0.5263776,0.88340497
4.254463,4.497579
2.161494,2.3239377
1.3060179,2.4675813
5.259157,4.8627524
1.7972678,1.8915639
3.1779459,2.5275903
0.88766414,1.0644099
2.3828142,2.8959606
0.82746893,1.5489383
3.3316956,3.3161547
1.5592345,1.799432
0.0009549942,0.07116152
0.004060494,0.05733925
0.0024183823,0.023890905
0.00515447,0.11854399
3.9568636,3.27498
1.8634903,1.2448668
4.346096,3.7393646
3.249007,2.3017378
3.7597113,3.1305933
1.1159704,1.319104
2.8201199,2.298787
0.0023293202,-0.09194063
0.6328157,0.8779348
0.537645,1.2515235
0.94966733,1.8937931
0.0019686753,0.025278866
0.5751458,1.2219021
1.5990323,1.5660164
2.293815,2.7087562
0.9121651,1.1553109
0.6187988,1.354661
2.720931,3.1098497
0.8856697,1.1451199
1.3466945,1.6958318
0.8911919,1.080076
1.9256055,1.813915
0.68152976,0.58054197
0.0024471725,0.07494669
0.0,0.1797807
1.3880081,1.5517063
0.7870846,0.59070516
2.1051023,2.5372066
1.4996431,1.4583807
1.3947238,1.6275821
1.1477239,1.4714715
0.0014775381,0.05382441
0.0011908038,0.0277901
0.0,0.09836093
0.011074075,0.39106578
0.77471524,0.932133
3.972931,3.7313633
2.3411798,2.0781767
1.9136109,2.3306131
0.6797834,0.6140126
0.8991142,1.3241456
4.4812374,3.7554736
2.317099,1.607897
2.987375,2.3902526
0.69975466,0.2166247
1.0277334,0.6358918
2.0489929,1.2444971
1.2058101,1.3764458
0.0077864584,0.2829184
2.4075549,2.4932084
0.87311083,1.8421471
3.9418075,3.3668234
0.010817364,0.2613148
2.0854886,1.6447155
0.003068097,0.03638895
3.0943034,2.41913
2.3551626,1.2712798
3.9364402,3.3860023
0.9905741,0.46563894
3.4759772,2.1651592
3.075784,2.264791
1.3762218,1.0523658
2.623369,2.042449
0.23872168,0.12814608
1.3586227,0.7785812
1.2196316,1.0077543
0.7919478,0.6710246
0.0,0.20911634
0.0013842593,-0.03420593
0.5408578,0.68341285
0.0022382454,-0.055347502
1.6396083,1.9709587
0.4257957,1.1048934
2.212652,1.4692988
0.797136,0.6773115
6.0274887,5.2522116
2.7180524,2.8595371
3.3242877,3.7459505
0.5652179,0.71366245
1.4565271,1.2066259
0.76910365,2.0070574
0.7893835,1.4903953
7.22866,5.130655
2.8584135,1.9754279
5.515681,4.1820145
1.4759643,0.35163885
1.6302414,0.92729294
2.0503654,1.0902147
0.82493055,1.4418952
0.008234263,0.24724244
0.0028721308,0.07905285
0.0030453703,0.026818953
2.596491,3.5198357
0.7308889,2.0693486
4.8786836,4.3883405
1.8478713,2.1355014
0.0029791666,0.37392056
5.1539917,3.3026764
3.846214,1.4022896
6.44247,4.471617
1.1174413,0.4087591
0.76545525,1.6984072
5.3950477,2.4375367
5.0748653,2.657138
1.5671945,1.3020327
4.7817297,2.881219
1.2841923,0.8722643
1.1968846,1.2320304
0.004530303,0.06969487
0.0036302428,0.40625286
0.0024692193,0.26396954
0.0014936421,0.001329273
1.119717,1.5045743
0.055141024,0.34497297
0.9157358,1.0694275
2.6400962,1.8638914
0.00583156,0.3108158
0.008841398,0.022374362
4.8937283,4.7758675
2.3497632,2.0952654
2.1479185,3.3395784
0.5857123,0.3535783
0.94490504,0.5478135
0.90215516,1.519865
5.2606754,4.7563896
2.039388,1.6962008
3.601747,3.4981127
1.1097033,0.18802266
0.18480538,0.18598334
0.825825,0.47612536
1.263497,1.183531
0.7249946,2.0263815
2.4306462,2.6435118
0.70631456,1.3876171
0.003703829,0.5208047
2.1609232,2.3891945
1.3296957,0.87775344
3.7433558,3.095321
2.2574108,1.8761666
2.9646993,2.1841516
0.8029901,1.0439957
3.0199182,2.1465764
0.67835623,0.7515591
0.7251187,1.0415276
0.577718,1.1462181
0.14221305,0.070884064
1.0310754,1.3007865
3.4572623,3.3340638
1.8535466,1.6750538
1.1889126,1.4875236
4.673121,4.2481
1.1975713,1.7060862
3.0683398,1.7400322
0.5526598,0.68699116
1.0918947,1.0421386
1.6212156,2.2291412
2.4048767,2.872835
1.1645917,1.2904243
0.0,0.23414296
2.0338752,2.3789616
1.0963334,1.0346717
3.1269279,3.2486076
1.9440242,1.932569
0.004766667,0.6552387
0.005481667,0.0380686
2.2983544,2.2709696
1.5565383,1.3645568
0.5582929,0.51290286
0.015736843,0.2519215
0.00575,0.2766111
0.9955587,1.0210168
0.0,0.041344337
0.007960927,0.11907798
1.5961324,0.9973074
2.1263404,2.1064787
0.511225,1.1588998
0.7208123,1.4624898
1.7684395,2.3312027
0.66563094,1.2921159
0.9479346,1.1135161
0.0068520834,0.2995817
1.3730892,1.651195
2.3100507,2.549382
1.0311459,0.79595715
0.015226852,0.09273163
0.008565105,0.026794776
1.5942122,1.4713306
0.64789855,0.7237724
2.4116182,2.7028208
1.6689812,1.3405087
1.726725,1.4853952
0.95771646,1.2068775
0.55847055,0.47106597
0.0023425927,0.20279685
0.009451149,0.15356874
0.6342646,0.74087524
0.007901908,0.08592193
1.4069611,0.9930946
1.5037858,1.2056274
0.7058939,0.7299578
1.6671467,1.470681
0.67020375,0.7553788
0.68121684,0.70154124
0.0,0.14093816
0.77085936,1.3533287
0.0,-0.0052850097
0.004216667,-0.08763546
0.0020922392,-0.024090677
1.1881107,1.5277083
0.58905816,0.6996779
0.8322997,0.914452
0.0026103174,-0.040789425
0.004316273,0.15985104
2.5905297,3.0058675
0.9340693,1.4639604
0.8680104,2.0025752
0.5913542,1.0904588
2.828201,3.6857781
1.2992512,1.3977468
2.0531027,2.4053805
0.699867,1.1127069
0.0032745919,0.28672886
0.006136194,0.20783275
0.0023227402,0.38518065
1.0525755,1.2642908
0.0026610033,0.17703529
0.63756305,1.0016276
0.5098907,0.4079576
2.3194375,1.8578565
0.010874362,0.055729628
0.6879215,1.0668068
1.1981705,1.0959638
1.4592516,1.1723936
0.0,0.049062982
0.003777062,0.052675053
0.0011302405,0.2525031
1.9644976,1.7004592
3.3578124,2.6183362
0.5058286,0.99997336
1.1872675,1.132936
0.031028302,0.37182552
0.074144125,0.5346863
1.4521484,1.6539352
0.0,0.4292701
0.0040306374,-0.013883501
3.1694462,3.878771
1.5366349,1.9918935
1.3633587,2.5515509
0.94091445,1.3325226
3.7310698,4.123321
1.6445,1.5524042
2.6713989,2.6522682
0.82742137,0.21137427
1.2137976,1.2676947
0.57718724,1.2776058
1.2124703,1.7900634
2.1808896,2.4776447
0.96109486,1.0703909
1.5401278,2.0413747
1.3873702,0.7961107
2.9100378,2.9634705
2.0887942,1.7625558
2.5124307,2.1373487
0.5525874,1.025865
0.00602381,0.15549526
1.6423917,1.7433033
0.01595194,0.25439954
0.5665153,0.6217751
0.66580975,0.7812282
1.2271861,0.6143711
0.7496296,0.5198759
1.4886934,1.6058578
0.061008584,0.8457038
0.003513889,0.40183884
0.0,0.2401112
0.0025535715,0.09205408
1.4086609,1.151958
0.006991922,0.031263217
0.008305555,0.123699926
3.3131437,3.2456112
1.9605961,1.8757162
1.4698573,2.220795
0.60515994,0.7516293
0.62267476,1.3407569
1.2401621,1.1790745
3.620071,3.1803632
1.8885226,1.4844546
2.1175318,1.9285722
0.7140222,0.33512115
0.8925443,0.40163922
0.9790573,0.68427795
2.0690746,0.9116627
0.93032354,0.9516883
0.0024916667,4.991889e-05
1.6451098,1.5279548
2.9108152,2.6273263
1.5032617,0.84702796
0.014425439,0.21770534
2.1254444,1.3293545
2.005242,0.74736315
3.289986,2.5890834
2.3192613,1.3143921
2.2495613,1.4059184
0.7789737,0.71649647
1.7355546,1.4356732
0.21760556,0.49298716
0.92228043,0.3437176
0.7425447,0.42315274
1.2302028,0.3231649
0.87504476,0.28992927
0.0052107098,0.03311023
0.0,0.116494045
1.3496666,1.2527506
1.568173,1.0019593
3.0221353,3.2546191
1.6038097,1.6664143
1.0250238,1.7514589
3.9388232,3.638649
1.6978742,1.4401999
2.4141297,1.760457
0.5053799,0.18159431
0.64930224,0.58408016
1.2596116,0.86672014
0.57520294,0.8730108
0.6776356,0.967812
1.7187997,1.7784324
0.8448572,0.37005967
1.5905715,1.3347056
1.2101038,0.7069859
2.629895,2.3808033
1.9986874,1.2550983
1.9115735,1.6568849
1.4661283,1.2178638
0.0011532258,0.056190684
0.9157735,0.30452093
0.7398459,0.24578969
0.010963334,0.16258225
0.0013568482,0.14783505
0.006374031,0.12523681
0.0018534799,0.00020308793
1.0319611,1.0402346
0.0021581366,-0.06511882
0.014641204,0.22933225
0.002963063,0.19997473
0.78591317,0.6354063
1.6437435,1.5433586
0.6109638,0.7260595
0.003451931,0.060157567
2.4174519,1.9585786
0.95997685,0.90661615
1.3419635,1.1114105
0.23885329,0.39432937
0.005506697,0.08640955
0.59893245,0.5025269
1.3781563,1.5841148
0.0011916667,0.06274215
0.0028214462,0.02796562
0.0053479676,0.14791381
0.605167,0.7106773
0.65800726,0.38879943
1.9260854,1.6033301
0.9187474,0.83314484
0.9536637,0.90396845
0.7514342,0.82925624
0.0026524193,0.16347465
0.0055935374,0.12587734
0.0022175028,0.14368168
0.0065257936,0.011111081
0.002183931,0.068153255
0.0036748603,-0.035435557
0.0020751795,0.00093933195
0.060873248,0.21506193
2.1066704,1.6736305
0.9592917,0.85469216
2.0328605,2.0928247
0.8563252,0.9496799
1.1585706,0.867701
0.604614,0.4343927
1.0164436,1.3169894
0.71168417,0.7275351
0.6759528,0.39670354
1.6589559,1.5351794
1.071923,0.7787654
1.0634319,0.9286534
0.0,0.00038972497
0.697573,0.81768334
0.005894265,-0.022672683
0.0060085724,-0.0033071488
0.0011051748,-0.012756705
0.0023627873,0.0055558383
0.0016428571,-0.017149508
0.05962882,0.10575037
3.397912,4.0093436
1.9025785,2.0998464
1.5088357,2.6192272
0.9642637,1.3742402
5.483682,4.3953643
1.5437341,1.6974294
3.0597959,2.7778645
0.81361747,0.30738685
0.5565741,0.34375226
0.6467578,0.7126609
1.8866695,1.1180136
0.7704416,1.2338858
0.6111697,1.4947495
1.5167953,2.4643836
0.9089421,0.90454924
0.0,0.023052663
0.0020227553,-0.007943451
0.0089132795,0.3246678
1.9679184,2.2090032
1.1704814,1.0087645
3.7186441,3.306387
0.013051587,0.35665563
2.0776942,1.8547139
2.0985985,2.0225878
1.911963,1.7768114
0.5751257,0.64589113
0.61789566,0.82390547
1.2931888,0.45628977
0.902191,0.5444305
0.027477026,0.19702455
0.0022465847,0.0040421933
1.6003504,1.5275857
0.27275413,0.8661714
0.00434287,0.22804694
0.004766667,0.064585745
0.5950818,0.9883202
0.86632776,1.0862637
3.7058952,2.6991248
1.6832592,1.1921694
0.0,0.19692631
0.0,0.019188136
0.8458779,1.5104592
0.0042825523,-0.007454157
0.28057346,0.49271443
2.3624036,2.404695
1.0215833,1.2258632
0.6974327,1.229526
0.0022651516,-4.454702e-05
3.2244322,2.8710003
1.259617,1.2495661
1.6155883,1.2480006
1.0767107,0.7370272
0.6452289,1.0856105
1.6560403,1.7065346
0.64945835,0.4354841
0.007027778,0.09497398
1.066986,1.0319374
0.85606545,0.6009309
2.0684037,2.0877056
1.526408,1.1152129
1.2831616,1.3073487
0.86658704,0.9391257
0.27071345,0.3548907
0.8523848,0.3871122
0.5459914,0.13183898
0.0,-0.005075112
0.0,-0.012673199
0.749648,0.5827243
0.0038333333,0.033289313
0.8807921,0.61054367
0.0,0.0048453957
0.0,0.1860132
3.9943535,3.8474107
2.0415695,2.1204717
1.3026628,2.3425531
0.0034058753,0.26862702
0.71498775,1.1478627
4.6498227,4.1728415
2.1894703,1.685565
3.047084,2.2623923
0.89040047,0.30317083
0.6121572,0.37980062
0.8565104,0.77588826
1.8970501,1.0071533
1.0032265,1.0850937
0.98714364,1.5815508
2.311993,2.5179381
1.3848605,0.8931813
2.3034945,1.9309211
2.0380447,0.95169526
3.7267606,3.062713
0.11066915,0.2602738
3.036907,1.744298
0.006803487,0.07618883
2.8186138,2.0319593
0.5919827,0.9943629
2.3065093,1.5993886
0.78082484,0.5824712
0.9110419,0.730871
1.248451,0.34042752
0.99888146,0.26083973
1.4422035,1.4623027
0.0023720823,-0.0009031072
1.1487458,1.0453842
3.4953234,3.7734644
1.587455,1.9920168
1.1504042,2.0910392
4.643786,4.282658
1.7237592,1.6876743
2.6625237,2.0021703
0.59425145,0.6705262
0.0076450543,0.065787464
1.1383008,0.8744808
1.8083366,1.9836862
0.57673806,1.1264291
2.438797,2.6136742
1.2961324,0.97103906
2.265797,2.2720075
1.2782278,1.006278
3.21044,3.1006474
0.0065827877,-0.037355542
0.021431627,0.31211355
2.080259,1.7569616
2.690915,2.27947
1.9777163,1.500449
0.84029156,0.5454508
0.00277975,0.060717657
1.0870908,1.1836567
0.5793944,0.5963954
1.5162306,0.9079512
1.6622914,1.7146907
0.60935736,0.7618785
2.5045362,2.3551302
0.8501659,0.8985841
1.0744066,1.329252
0.5570757,0.73365986
0.5911425,0.7781771
1.2429127,1.4256263
0.0017237946,-0.04673457
0.0033424797,0.053047046
0.70007265,0.80212855
1.5544853,1.8349695
0.8054843,0.89039224
0.9600808,1.1584151
0.6499933,1.0605204
0.0110263415,0.15060014
0.0,0.063264444
0.0007742467,0.08500337
0.0017814144,0.016397677
0.67814434,0.7426769
3.311107,2.9043136
1.6953739,1.5649767
1.4265496,1.9670906
0.5203096,0.6388547
0.6683987,1.1017306
1.0311239,1.0424521
3.2766159,3.0720925
1.9615121,1.3855731
2.0723908,1.8011911
0.711718,0.3513335
0.60542893,0.35992837
1.1055307,0.5492612
1.8079648,0.82988995
0.7894563,0.88830703
0.003880826,0.022247143
1.8399233,1.6928155
0.7100111,1.221381
2.9280243,2.5894976
1.5234668,0.87136006
0.0022103495,0.07184772
2.124895,1.2977121
1.7411767,0.7846984
2.9670722,2.487033
2.2386382,1.3581381
2.3863976,1.6091514
0.7353161,0.78507715
1.8934911,1.5156789
0.8692798,0.37346676
0.7614654,0.47512817
0.96161443,0.38431802
0.72052836,0.36882526
0.0049384385,0.111936554
0.0,0.08559637
1.2169513,1.0935358
0.0006037078,0.11853092
0.0045680557,0.10202761
1.6999258,1.0775993
0.64532846,0.37848967
4.4922256,3.8793619
1.7349992,2.224821
2.4127471,3.0535274
0.946853,1.1265211
0.84846014,1.6392994
1.1191276,1.1053988
5.806655,4.0096703
2.6000676,1.7196412
4.501333,3.2329788
1.1577526,0.37000442
0.036275737,0.36033434
1.0785357,0.557214
1.6332556,0.8000125
1.9183073,0.8424854
0.003972222,0.078701146
0.0018272222,-0.0015047044
0.0031503832,-0.0041965246
1.8295088,2.2408228
3.549701,3.41039
1.2093781,1.0181985
0.0023032213,0.1712687
0.0,0.08634204
3.1856256,2.0093155
2.4966962,0.9467345
5.107872,3.3942971
3.2808928,1.65939
3.0887084,1.6395149
0.5306381,0.9644397
2.985711,1.9243145
0.7556101,0.4706917
0.5527774,0.5776359
0.0018519145,0.3565287
0.52966046,0.983414
0.7397573,0.84099364
0.0024285866,0.028877474
0.6561878,0.4497337
1.8293054,1.0822673
3.3766112,3.7840984
1.4851493,1.7605157
1.4004216,2.7032204
0.59697604,0.59034723
0.870716,1.1692002
4.509917,4.1659083
2.2554338,1.5364997
2.833871,3.0135546
0.71971524,0.2952367
0.7386643,0.47707468
1.0764815,0.9882205
1.3914231,1.8510277
0.045854244,0.9146616
1.0054022,1.2964633
0.8589303,0.688586
2.7656987,2.3542485
1.05105,1.3579493
1.8405697,1.3041644
1.9585252,1.5048628
0.0,0.09369732
0.50774586,0.98021704
0.50009984,0.7964543
1.0970186,2.4510655
0.0,-0.048926488
0.0,-0.0007945746
0.0026870915,-0.08968313
0.0023056432,-0.047571704
0.0032435898,0.14681494
0.020936921,0.3645397
0.5948191,0.6614675
0.22298305,1.14445
0.07308889,0.32439205
0.0041527776,0.1076667
0.0,0.1093792
0.021638159,0.019766226
0.0,-0.12998658
0.0,0.080485374
0.0,0.13847962
0.0,0.029874526
0.0046851854,-0.05727634
0.0022840279,-0.030674547
0.0016611111,0.122020334
0.0035480044,0.4944573
0.0038279796,0.03936395
0.0020079366,0.10442197
0.0018031799,-0.19341439
0.0013020586,0.15809433
0.0016511044,-0.011481807
0.0,0.16845998
0.005220635,-0.03613612
0.0019438535,-0.028269812
0.0,0.15529063
0.0024362963,0.035711497
0.0029662699,0.19426201
0.0,-0.038226306
0.0017237946,0.18504323
1.6726111,2.9315767
0.57009333,1.4699745
0.0,-0.07589102
0.0,0.15317589
0.0,-0.035276413
0.01957738,0.07855817
2.3087325,1.6111801
0.84582704,0.66583943
0.0033424797,-0.027665138
0.005270833,0.19189797
0.0009228395,-0.019388169
0.0016314484,-0.022781968
0.0016314484,0.09944557
0.0014875622,0.07144751
0.0045378036,0.043054804
0.0052372613,0.56503546
0.9869256,1.962337
0.016511044,0.17793784
0.006423828,-0.038484797
0.0,-0.023014009
0.0,-0.022304088
0.003670759,-0.1012705
0.0057100696,-0.036621034
0.0,0.014587298
0.0011613701,-0.005938828
0.0035679487,0.020145997
0.0030623837,-0.028889805
0.0,0.042593546
0.0018730068,0.00589329
0.0025030442,0.07750027
0.003806713,-0.019134521
0.0034153687,-0.010959595
0.0017797619,-0.024300724
0.003703829,-0.023086607
0.001022699,-0.0010865852
0.0,-0.023484454
0.009351078,0.11201824
0.0138027575,0.57114124
2.046262,2.2682514
0.76454824,1.1099596
0.003575,0.012061983
0.0,-0.04500395
0.002237415,0.022490501
0.0,0.045931727
0.0034260417,-0.03352979
0.0,0.050841257
0.0010113777,-0.07010287
0.004420699,0.0036543384
0.0028699825,0.064887896
0.002669643,-0.04195051
0.0033424797,0.0081878975
0.005958333,-0.014794737
0.0047255745,-0.10413988
0.0050015207,0.16046159
0.0011613701,0.0029972643
0.0,0.05783909
0.0,-0.03565158
0.0031870154,-0.052167073
0.0031870154,0.0029616058
0.0052877814,-0.021451786
0.7957258,1.153981
0.0065257936,-0.13502163
0.0,-0.017025858
0.0,0.027689792
0.0,-0.08080822
0.0,-0.019699916
0.0013704167,-0.034145772
1.023489,2.3344924
0.54566365,0.9002263
0.007169182,0.050554335
0.0019507711,0.03287541
0.0023833334,-0.030398384
0.0034475892,0.12689911
0.09701538,0.8996083
1.463449,2.409018
0.002287841,-0.030970857
0.0046454803,0.021233916
0.008701058,0.18368861
0.00291578,-0.11561449
0.0020816457,0.015260942
0.055114582,0.24245763
0.0,0.17287332
0.5136961,1.2123511
0.16203669,0.52981496
0.005374183,-0.028892577
0.035398215,0.6922791
0.0066849594,-0.060337573
0.0024042397,0.08013028
0.007613426,0.042552397
0.0,-0.07107696
0.0,0.051484205
0.0,0.013551474
0.003703829,-0.051917255
1.9199871,1.5142798
0.7114185,0.8176783
0.0006037078,-0.05438043
0.008227643,0.28550714
0.0012346096,0.13804609
0.0020949044,0.08619429
0.75699204,1.6447544
0.004420699,0.08997083
0.0041527776,-0.092864305
0.0017347046,0.11681945
0.50688905,1.4704332
0.0055935374,-0.07667172
0.0021412761,-0.039231762
0.0,0.08338198
0.0,0.32999656
0.008841398,0.254276
0.0,0.15957804
0.0,-0.033300757
0.0,0.22285444
0.004857173,-0.022538275
0.0033527014,-0.10637693
0.0019957523,-0.056756467
0.0031747106,0.03286148
0.0019718225,-0.049622
0.0059154676,0.7650674
0.0041319095,-0.06389707
0.0048510325,-0.097291276
0.0016028265,-0.025406748
0.0034569069,0.10770746
0.017541334,0.21209171
0.006739754,0.05233281
0.026524194,0.0802082
0.0024255163,-0.056278855
0.0,-0.00057315826
0.008565105,0.17308508
0.00874734,0.059846584
0.006264762,0.2462245
0.0,0.124807835
0.014683036,-0.035021663
0.01166312,0.14316943
0.0040306374,-0.10120711
0.0,-0.06259006
0.0,0.11442935
0.0021752645,0.16233096
0.0012748062,0.011935636
0.0024042397,0.025731519
0.0039295102,-0.004525751
0.0027271973,-0.0014049113
0.0021181093,0.10898724
0.003454832,0.04920525
0.0029235557,0.03036429
0.004530303,-0.120946705
0.0,0.26206475
0.0015751916,0.044007488
0.70992076,3.024846
0.0048084795,-0.15311769
0.0055935374,0.026928984
0.0044566398,0.08977374
0.001986111,0.078368194
0.0,-0.021980166
0.0038932292,-0.047833025
0.0021412761,0.06451405
0.0014977232,0.0856072
0.0012346096,0.15156722
0.0031234568,0.13247335
0.0014349913,0.13663034
0.0017292324,-0.12335479
0.0048434683,-0.087051466
0.0027136963,0.09140375
0.0,0.0806829
0.0021619194,-0.08567801
0.001332658,0.0013531372
0.0015997082,0.16123648
0.00223559,0.0066158026
0.0044738688,-0.067474425
0.00446875,-0.14606494
0.0032977941,-0.04163727
0.0023407738,0.087734714
0.0018498313,-0.010395393
0.0008565104,-0.094480366
0.0029366072,-0.028773114
0.0021985294,-0.03162697
0.0012318352,-0.039788738
0.0026103174,0.16486555
0.003205653,0.030353665
0.0036625837,0.007279873
0.0041951532,-0.09282273
0.00467719,1.0661684
0.009251758,0.7856157
0.0065257936,0.7576738
0.0,-0.05691728
0.0025581112,0.02999562
0.0023833334,-0.068935454
0.003915476,0.13733086
0.0,-0.1576119
0.010541666,0.042893097
0.0053220065,-0.0727538
0.0,-0.001616627
0.0015706781,-0.038337275
0.00083434803,-0.06653142
0.0036666668,-0.07315683
0.0,-0.009349883
0.010963334,0.6572216
0.0,0.070419125
0.0,0.10271614
0.0,0.0087301135
0.003011905,0.044966847
0.011800066,0.83687365
0.002060777,0.079359174
0.002622807,-0.03595543
0.0057701753,0.11393708
0.0,0.064607315
0.003771789,-0.08090159
0.0023032213,0.009037584
0.0021083334,-0.05810055
0.0,-0.070242554
0.0078954045,0.14035955
0.0035251875,-0.083434835
0.0011007363,-0.13884354
0.0048084795,0.10157875
0.0028850876,-0.048396394
0.0017972678,-0.022503078
0.0,-0.024800837
0.008206088,0.07895997
0.006229167,0.078316435
0.0,0.30066943
0.0036063597,-0.041798636
0.0041844784,-0.0054012537
0.010422887,0.10297012
0.0058138887,-0.07060853
0.003286371,-0.049900472
0.00583156,0.10830028
0.0,0.18955463
0.002460353,0.031111024
0.0,-0.18089771
0.0,-0.061531886
0.00446875,-0.027851671
0.0,-0.021422595
0.80845624,2.1167777
3.918623,3.67178
1.4646893,1.2961822
0.0020187441,0.07596412
0.0023318608,0.009385601
0.64002883,1.4084461
2.1700757,1.8315697
0.016195834,0.30503863
1.0736245,0.6834561
0.0013635986,0.0568282
0.002880035,0.04282751
0.5387523,1.6920469
2.3401544,2.3478236
1.0486081,1.3376527
0.024249863,0.35519958
0.020962397,0.31451958
0.002921997,-0.06519556
1.2344373,0.7575095
0.7906964,1.162257
1.5261732,1.9631844
0.48812938,0.74980724
0.5801927,0.86324406
1.8766319,1.5762076
1.1478186,0.33830026
0.012059667,0.14400819
0.00659307,-0.00091673434
0.509715,0.8124083
1.9917521,1.8862367
0.9970416,0.8707549
0.022123318,0.06696099
0.007655959,-0.07927449
0.0072127194,0.27333945
0.0069564297,0.19562113
1.3223815,0.8182201
1.5472622,1.4565387
0.51652455,0.4829153
0.013852587,0.41115457
0.006758219,-0.035139635
0.0011187075,-0.024250045
0.90955883,0.9340282
0.0,-0.019056246
0.0015087156,0.06699769
0.74343884,1.1492441
0.003849485,-0.1099589
0.0017841064,-0.043322474
0.015062479,-0.0461033
0.008225437,0.35045683
1.6266478,3.1446376
0.5109455,1.2605538
0.8110171,1.6844213
0.011557731,0.18633385
0.0015311919,0.112722225
0.0055935374,0.04801649
0.0,-0.035103068
0.51052433,0.8554797
0.0027047698,0.02977267
0.93834966,1.2455759
0.0,-0.06503707
0.0028008516,-0.064196095
1.3235894,2.2618504
0.00095666084,0.16514131
0.002257378,0.22976218
0.0005794574,0.108535215
0.0025294442,-0.035952896
0.0020504987,0.13136065
0.0029984806,0.014670379
0.002525429,0.2494142
0.0024775895,0.044427127
1.2299105,3.1104264
0.0048725926,0.030703291
4.2713976,4.0139294
0.6201886,1.5332289
1.9502692,2.0134606
0.50352615,1.5186651
1.6720066,1.8759875
0.9267321,0.78928024
0.005374183,0.062347792
2.2229226,2.389587
1.1908526,1.4734726
0.5430115,2.0470972
0.78597426,1.3550458
0.003729025,0.0012171268
0.002277701,0.2169263
0.009451149,0.08630695
0.0,0.08760822
0.57535154,0.7952358
1.2047836,0.8744294
0.0,0.0064431876
1.34412,2.5138538
3.6825333,2.7344766
0.5865383,1.376121
2.0010068,1.0197861
0.6941608,0.5336087
0.0019279015,-0.013294265
0.59289306,0.8594939
2.212702,1.6732776
0.026465317,0.14909196
1.2298324,0.39723182
0.91595614,0.7022572
3.0025287,1.6956792
1.7466502,0.88877356
0.58287203,1.2062588
0.88973266,0.81014615
0.017601682,0.11949736
1.2554785,0.6293103
0.96349716,2.2783756
0.030092236,0.85942507
3.4742253,3.1958318
1.4791934,1.2658513
1.5661905,1.1193857
0.82225,0.13423127
0.0,-0.061736614
0.0018645125,-0.021132201
2.2232447,1.7266817
1.2266086,0.86654097
0.01265,0.0073465705
0.021169038,0.33217052
0.0070145526,0.119701296
1.9526938,1.6665282
0.78093463,0.5871201
0.009745185,0.05785738
1.0504777,0.93881124
0.002905477,0.037299655
0.002041046,-0.09373832
0.003028545,-0.027668148
0.0030860896,-0.012958914
0.0009549942,0.08518588
0.9486032,1.1049786
0.0044702683,0.23581707
0.005551055,-0.07391599
0.002906267,-0.030257106
0.0025099206,0.07490212
0.0022518584,-0.038053125
0.004279513,0.11406779
0.0,0.12556393
0.002645592,0.016012609
0.0052607167,-0.08273479
1.8494452,1.6880965
0.64664906,0.81069106
0.001978941,0.0056355447
0.8952658,1.0079637
0.0034403766,0.056694135
0.012674374,0.048633248
1.3315519,2.7857914
0.10018218,1.3124619
4.315219,3.876752
1.9396666,1.9912603
1.1239462,1.6498015
1.0662007,0.45084894
0.002346604,0.07796487
2.291978,2.4642582
1.4330643,1.2795663
0.0,-0.10872561
0.0050060884,-0.035956025
0.0036024097,0.10535854
0.0073088887,0.10090672
0.004316273,-0.015143454
1.150863,2.356902
0.0016075269,-0.006407276
0.0020377943,-0.0109562725
0.0017237946,0.09933725
0.0,-0.030954987
0.0028911745,-0.10244213
0.0010833334,0.09920123
0.0046021454,0.054588854
0.6545543,1.393831
2.6024184,2.516622
1.0563123,0.68176705
0.005107143,0.051979966
1.3100774,1.113955
0.5769012,0.22599506
0.0060907407,0.12055774
1.3491849,1.4979537
0.68330765,0.73769563
0.0,-0.044006184
0.0011916667,-0.0017792583
0.0,-0.05512792
0.002332624,-0.043291643
0.0,-0.08032878
0.0021752645,0.032794952
1.3748422,2.6590095
0.0025116457,0.0067621022
0.021360332,0.5747615
3.8474,3.6605368
0.68239063,1.6662867
1.9008898,1.5646758
0.002334611,-0.03928688
1.9267915,1.7675452
1.2050339,0.480192
0.56316125,1.5881655
0.0,0.2362332
2.727248,2.4251204
1.8393189,1.3241451
0.8462843,1.1735442
0.0027003284,-0.046141654
0.008476804,0.043288663
0.78309524,0.72961444
1.0004717,2.5340505
4.2631955,3.7894135
1.5826219,1.4591167
0.8511697,1.4181645
2.3105578,1.8686764
1.3917888,0.6184833
0.0021581366,0.03701307
0.005741969,0.066224456
0.6234066,1.8432534
2.5095713,2.4465456
1.1394436,1.3818221
0.50576705,1.1100571
1.4550676,0.74882954
0.5870093,0.15698351
2.1372461,2.4638476
0.7433472,1.1115327
1.1975932,1.0410321
0.6016739,0.11846253
0.0052096094,-0.13851312
1.0075046,1.4516346
0.0062009804,0.056541674
0.002398979,0.011208355
0.0022103495,0.11756453
0.002139187,-0.0595558
0.0031615647,-0.03256175
0.0020377943,0.027010731
0.016561907,-0.027669758
0.62647617,0.5605537
0.0011516106,0.10151821
1.3206161,1.9818616
3.5889578,2.773732
0.63586354,1.4343083
1.8014992,1.2111738
0.6374568,0.55557626
0.7672369,0.9637844
2.7479422,1.6023264
1.2245371,0.4007539
0.8109332,0.7696234
2.602847,1.6322374
1.6154542,0.9013407
0.5194744,1.371167
0.83545333,1.0081902
0.0040806453,0.017108932
0.004056202,-0.03929828
0.0015904255,0.022876963
0.005925564,0.11329205
0.35368142,0.5072441
1.6785511,0.6502694
0.012006672,0.020189583
0.0031303933,0.008245222
3.6707902,3.6265488
0.9263323,1.6022921
2.7282798,2.6634328
0.55151594,1.6512432
2.4657917,2.5387049
0.6281318,0.6240964
0.0,0.23090944
0.0036063597,0.09944603
0.0067259716,-0.0029016435
0.7438127,1.5052438
3.7220192,2.6907783
0.9151212,1.23457
0.021317592,0.8678004
0.9955414,1.3895397
0.025092136,0.31258845
0.00094511494,0.054120533
0.004894345,-0.043208227
0.0021083334,-0.097541794
0.8129815,0.6059091
1.3956612,0.9258093
0.0021581366,-0.017398447
3.3775501,3.6836033
0.7912217,1.4083285
1.8509524,2.0804214
0.7726817,1.2184086
0.26389617,0.81261796
1.742055,1.5791135
0.56619847,0.9097479
0.0,0.03789322
0.0,-0.06662537
0.0013773032,0.5040355
0.005029052,0.25669405
0.86739314,0.4792618
0.0024471725,0.08137616
0.0,-0.0015266016
0.009010162,1.3005903
2.0244017,3.1280437
0.55332375,0.98296344
0.82822734,1.6498251
0.0046186713,0.25124046
0.0035000818,0.28697112
0.0021988235,-0.008768737
0.0,0.16586378
0.6339728,1.840199
0.003786989,0.11468333
0.0029747575,0.007831216
0.004551799,0.009267047
0.5710404,0.5204479
0.025355726,-0.013668671
0.0029642077,0.008382224
0.812217,1.1726224
0.8785257,1.5571568
0.005250639,0.026272886
0.01939269,0.015150815
0.59006643,1.6515684
0.02242084,0.14663175
0.008433334,0.16799691
0.7392606,0.72918093
0.627806,0.6847201
0.0014444444,0.16534102
0.001009515,0.07528852
0.003085366,-0.011127993
0.005362235,0.56733537
0.00050152483,-0.032927647
0.0030491347,0.02050437
0.0017201883,0.039993674
0.0024148312,0.06973098
0.0014821992,0.24459158
0.0016577621,-0.048027486
0.00296118,0.07655276
0.0025244518,0.2598546
0.002746326,0.13259825
2.471627,3.5657117
1.1814369,1.7894602
0.00077315466,0.012341157
0.76076645,1.7043817
0.00446875,0.04166138
0.76014555,1.9205365
0.0027136963,0.27724093
0.6960631,0.74036264
0.5770415,2.3432813
0.0031655438,0.6164793
2.6478448,2.2294388
0.63932246,1.2553537
0.97314423,0.8722872
0.0023916522,0.20662025
1.064047,1.520036
0.0012959023,0.05136162
0.0020906434,0.071356505
1.2411529,1.4932404
0.0,0.21429327
0.5514575,0.57324445
0.007475,0.005551219
0.09878622,0.18295811
1.8573287,2.5597281
0.6630353,0.84972185
0.011420139,0.0010970011
0.0040306374,-0.022502124
0.51004475,1.2054849
0.001684311,0.018093757
0.00155288,-0.023855165
0.0032628968,-0.027841523
0.7984913,1.1186056
0.0067466665,0.12659469
0.005242827,0.024873845
0.003784188,0.015938193
0.0055577196,0.0120584
0.0017812706,0.047943518
0.002949776,0.054963157
0.767352,1.1473389
0.0,-0.021016747
0.016261797,0.17224091
0.0034383214,-0.00015380979
0.0017555378,0.012474246
0.0023032213,-0.02482377
2.6610866,3.43832
0.9992844,1.6494021
0.01896174,0.63225853
0.003038618,0.1733896
0.010151234,0.19627349
0.002716141,0.017683707
0.5902946,1.9195042
0.0030252023,-0.05323261
0.0026326652,0.057865985
0.0015363416,-0.021475881
0.0012928459,0.26283726
0.0022307378,-0.08055918
0.0026103174,-0.01809211
1.3423662,1.6453989
0.50594676,0.28523272
0.00229039,-0.03064084
0.0033379567,-0.010316998
0.0013240741,-0.027897358
0.0024201619,0.18931046
0.03823264,0.12140253
2.2621,2.9983158
0.5338155,1.570215
0.98382753,1.1987724
0.014287323,0.069251835
0.5310982,1.5067525
0.0024212308,0.020137899
0.002514526,0.08735852
0.7988759,1.8399134
0.004404219,0.14362384
0.0029246698,0.023669511
0.0014152323,-0.0067611933
0.0020334746,-0.008429766
0.0017930686,-0.014880508
0.0056804838,-0.046711117
0.0075091324,0.0038720071
0.23176028,2.050774
0.002039961,0.03605535
2.3771188,3.2313743
0.7340612,1.0566075
0.74683654,1.747647
0.0033197072,0.25186378
0.00448772,0.036536448
0.0021292986,0.1301712
0.7975064,1.9641571
0.0023748851,0.16860785
0.0023373354,0.11462928
0.0025822117,0.004255697
0.0011003964,-0.04400307
0.003795417,0.357647
0.0036271857,0.08326856
0.57188106,0.4945676
0.005508374,0.5242551
1.0095443,1.5092621
0.0027967687,0.068271846
0.0017265092,0.040350437
0.0021810345,0.13146743
0.0004282552,0.062208723
0.002542517,-0.08701941
0.0024644372,0.065454155
0.0011646601,0.054937378
0.002791407,0.0051042363
0.0017628637,-0.002950102
0.6116023,1.8362176
0.0027557933,0.17628096
2.3686926,2.1386847
0.5299658,1.3036788
0.91957325,1.0108259
0.00277975,0.00079856813
1.2158186,1.5068333
0.0038016844,0.29142985
1.132742,1.3311906
0.0048407884,0.23907948
0.002398769,-0.008886293
0.0,0.035318404
0.6932837,0.5682223
0.002045398,0.027150676
0.0017601682,0.19855236
0.90000415,3.2619147
0.6527302,1.8824551
0.004965278,0.29597205
0.83897376,2.458721
0.97001094,2.3884194
0.004965278,0.12081073
1.4037986,2.2561421
0.003079588,-0.024857715
0.0,0.73426926
0.0031503832,0.002512604
0.0036382743,1.0663269
0.004350529,-0.08037984
0.7197061,0.57401097
0.7669594,3.202353
0.56113005,1.4280396
0.6557822,2.0143757
0.0064871795,0.07914055
0.0009894705,0.53258026
0.004203732,0.17028166
0.0022492185,0.1163121
0.017959876,0.04994452
0.0027477026,0.19478029
0.00088988093,0.49431318
2.5773892,3.409915
0.9994111,1.7814555
0.0042881356,0.28518826
1.0354259,1.4345219
0.0034367817,0.33190307
0.003703829,0.09787264
0.00676749,0.2675362
0.51227736,1.8515182
0.0031911384,0.19381353
0.004249354,0.10386647
0.0032890001,0.2730687
0.9578789,1.6122518
0.5552246,0.18916272
0.0031747106,0.18905228
1.2853131,1.4720845
0.009702065,0.017312616
0.024183823,0.05512254
0.012458334,0.2053499
0.7006681,0.92763275
0.0,0.04556033
0.0016217949,-0.08920351
0.0017720906,0.06769839
0.0015842967,-0.033758417
0.005412777,0.3051411
0.865315,3.156497
0.84001464,2.319271
0.0038852019,0.077877045
0.0033977274,0.09991695
0.003972222,0.21412563
0.0,0.2524041
0.0039002802,0.19236138
0.0042603626,0.09736119
0.0,0.28815114
0.0064744093,0.0053152293
0.009574964,0.1842088
0.0025834762,0.21330279
0.9973097,2.841173
3.3976882,3.836609
1.7979866,2.474845
0.0014425438,-0.060061812
0.88803,1.6055763
0.740716,2.2564497
0.0047805235,0.28407466
0.0019369847,0.00693994
0.0050489036,0.46491888
0.8023436,2.2784052
0.08806753,0.67890584
2.839643,2.6198678
1.3568718,1.4268625
1.2285184,1.5205853
0.0021513605,0.022932336
0.77895796,1.7265699
0.0,0.019138657
0.0019647551,0.19643852
0.0067083333,0.0799347
0.5061198,1.6795583
1.9014531,2.8666718
0.7955629,1.3919868
0.010461196,0.024665982
0.0032628968,-0.022743568
0.0023902617,-0.01970835
0.0041061174,0.059710644
0.0,-0.044953853
0.0,-0.03740537
0.11937547,0.46085155
0.0015226852,0.032556012
0.8887489,1.5070586
0.012032927,0.15511006
0.005075617,0.023874447
0.008522789,0.40642238
0.88378304,1.4419715
0.016949346,0.36050597
0.0037545662,-0.077824235
0.0015935077,0.0089394
0.0018560948,-0.11441426
0.004705293,0.013267256
0.0033130953,-0.040943265
0.007899645,-0.011170492
0.0013198234,0.4606134
0.0028197875,0.073537424
0.003851288,0.041831605
0.7248542,2.2395701
3.4174209,3.6402497
1.4244612,2.2227418
0.0042049047,0.024021953
0.004420699,-0.036781058
0.0050175437,0.22289471
0.008120988,-0.012283012
0.0026165473,0.63258266
0.0026438907,-0.050868973
0.001403157,-0.021666363
0.0028256015,0.11367136
0.0055586323,0.039273232
0.004420699,-0.0010849237
0.0022872044,0.1878355
0.66113,1.9086163
0.0011232924,-0.028052717
0.001495,0.03507255
0.004758391,-0.022007287
0.0024255163,0.059427798
0.0009015899,0.189311
0.0019211449,0.01186946
0.0021926668,-0.02445136
0.006337187,0.39415812
1.4281805,2.0169587
0.5086477,0.84589225
0.002030247,0.39417008
0.50585204,0.8161076
0.0060907407,0.10606927
0.011420139,-0.048979834
0.0028353448,0.04818905
0.0039342106,0.1137684
0.0018902299,-0.04053597
0.0014762118,0.005383685
0.0018645125,0.005000852
0.72397435,2.1491685
2.190535,3.2202022
1.0917535,1.7632811
0.0,-0.023033455
0.0019765624,0.015411995
0.5434924,1.0998765
0.0030341328,0.10804221
0.5078116,1.9081898
0.002894567,0.1944648
0.0025203065,0.20258825
0.0024639962,0.07544711
0.004127761,0.042968318
0.0007308889,0.2940458
0.0017143602,0.051874794
0.6149364,1.8737001
0.029416582,0.5700331
2.9191048,3.326999
0.0078061707,0.11550315
0.9334406,1.7129352
0.0011994895,-0.036004573
1.0203164,1.3819785
0.0017972678,-0.02668275
0.0023140244,0.64257085
0.58646125,1.9931211
0.0024601524,0.050055258
0.0017836225,0.03263925
0.0018569331,-0.019723415
0.001844437,0.18007173
1.0621754,2.0072298
0.0069304635,-0.019560888
0.0015226852,0.0036436915
0.0035082668,0.007983983
0.018872717,0.6525967
0.0,0.12451789
0.0,0.08848092
0.0029598633,0.018395111
0.003171649,-0.04598558
0.0009923364,0.025177762
0.0022698413,-0.066431284
0.77238196,1.6965768
2.546501,2.5404658
1.1727483,1.643992
0.022840278,0.026659518
1.5076683,1.411526
0.7503593,1.552598
0.40905148,1.0245023
0.00291423,0.050263457
0.0014553097,0.012776554
0.0,0.058136642
0.05173096,0.7058149
1.5825754,3.5989761
0.5808698,2.052417
2.118373,2.9856982
1.6263659,2.0392447
1.2417369,2.565173
0.72748715,1.2869701
0.002086929,0.07679996
0.0076191463,0.696704
0.001727416,0.41077587
1.9893466,3.7935214
0.7326458,1.7076418
1.9893882,2.8728914
0.7263823,1.1684673
0.004787482,0.35510883
0.0019718225,0.41174394
0.003383745,0.33912623
0.0,0.24486193
0.0,0.17696355
0.0027271973,0.42243993
0.0052008224,0.19995451
1.2834061,2.766072
0.025695313,0.53916395
2.7811396,3.9520159
0.67925,1.6304526
1.4960382,1.6737547
1.3419405,1.6031592
0.9253241,1.9121943
0.018272223,0.075888306
0.0,-0.017660648
0.0,-0.022716627
0.0060907407,0.003434509
0.0,-0.052867338
1.5896833,1.7955861
1.2091912,2.2012055
0.9512304,1.2110288
0.0,0.27007648
0.0,0.12694009
1.3166748,1.5194128
0.7054276,1.642689
0.0,0.11677904
0.0,0.11008628
0.5481667,0.72571164
0.5380154,0.56757516
0.8483532,1.3641932
0.0,0.05873713
0.0,-0.0660111
0.0,0.14516956
0.0,0.037265673
0.0,0.16865528
0.011916666,-0.07594529
0.010541666,0.009377569
0.0,0.0075459927
0.0036544444,0.022957832
1.2072718,3.4522483
0.54148173,1.3657775
0.0,0.2662624
0.769766,2.2297091
0.0025496124,0.18343209
0.003404762,0.1418585
0.0,0.010044321
0.0028550348,0.050154
0.0014501764,0.07093494
0.0,0.11306466
0.01661111,-0.06792274
0.0,-0.0007978007
0.004350529,0.10023168
0.8455762,2.3479252
0.0,-0.056904912
0.0,0.13668296
0.01612255,-0.093857765
0.0,0.27324197
0.0,0.27088135
0.011420139,0.018955752
0.0,-0.044112712
0.016363185,0.022899248
0.0,-0.013668686
2.1723642,3.4892783
5.2336864,4.0227275
1.0963334,1.5258422
2.3023,2.5586743
0.53625,1.2932117
1.8540932,1.8418424
1.5477647,2.098888
0.66563094,1.3400965
2.1917248,3.2725568
2.6488333,2.9359052
0.63215995,1.2409348
1.5789584,1.6058295
0.0,-0.072090894
0.003915476,0.36035097
1.0831773,1.6137726
0.0066849594,0.04179357
0.94837683,1.6856701
0.0026103174,-0.0067973435
1.5725687,2.5741875
2.1551604,3.3259108
0.5647778,1.2720938
1.1396097,1.5306606
0.033733334,0.3103416
0.0042825523,0.11959964
0.5506359,1.4106822
0.018272223,0.5029238
0.0,-0.024012625
0.0,0.12851708
0.0071190475,-0.19459826
0.0,-0.02988553
0.9275381,1.957912
0.0025261138,0.019731216
0.003953125,-0.010940537
0.0,-0.116187096
0.0022651516,-0.005841315
0.004216667,0.027599
0.0013402608,0.15518035
0.003052153,-0.0402188
0.0028159246,-0.0106845945
0.51821715,1.4583099
0.0,0.24525091
1.2718256,1.945787
0.005270833,-0.03251064
0.0,0.08596991
0.20229961,0.6600303
0.0051713837,0.05693616
0.0,-0.00855732
0.0,-0.072858036
0.0,-0.05942096
0.0,-0.020695925
0.0018519145,-0.032498956
2.175678,3.300672
0.5266699,1.9388981
4.685112,4.0623894
0.79484165,1.4559379
2.3043303,2.397553
0.0066444445,-0.020248666
0.0,-0.030384064
0.553061,1.3882029
0.0,0.34228653
0.9572463,1.9883626
0.013369919,-0.11534348
0.0,0.210974
0.0,0.022865131
0.0,-0.0542302
1.2275845,2.4929814
0.0065257936,0.1362783
0.0,-0.034146935
0.0,0.086000994
0.0,-0.024982497
0.0,-0.024915874
0.0,0.010799661
0.0072127194,-0.003933683
0.004894345,-0.022399306
1.059789,1.7255898
1.7149786,2.5301828
0.5048904,0.93248934
0.01713021,0.06191635
0.018902298,0.050149873
0.598,0.85971063
0.0,0.12517995
0.019301644,0.16564694
0.0,0.12530497
0.0,0.0073303133
0.0,0.03326481
2.1529446,3.1890345
2.7374496,3.785272
0.67039305,1.5719421
1.2220892,2.0247853
0.014425439,0.02980806
0.7736981,1.5018756
0.0,0.014389671
0.84545285,1.941124
0.005270833,0.07908055
0.0,0.101289764
0.0,0.2506217
2.0327847,3.1490548
0.0038603286,0.13135727
3.2369242,3.849416
0.783707,1.5341015
1.1628584,1.7278466
0.0,0.07682787
0.004350529,0.014681846
1.2046919,1.7143476
0.0,-0.03820041
1.1080798,2.0568771
0.0047255745,0.23618942
0.1270295,1.3670108
0.0033022088,-0.05197701
0.70292926,1.5086966
1.4795178,2.4192052
0.5761344,1.1052828
0.5093202,0.955782
0.0,0.030457765
0.018272223,0.0035186484
0.0,-0.13991156
0.0019438535,0.03429524
0.005270833,-0.024516255
0.006374031,0.075764656
0.0022465847,-0.08996864
1.8334312,2.8270988
2.1840115,2.947579
0.8751433,1.2526023
1.1991146,1.7428343
0.0,0.30578995
1.4469464,1.5897288
0.87300617,1.5535722
0.0014815315,0.09069805
0.023492858,0.38688505
1.28271,4.1006947
0.9764219,2.2644563
2.3144815,3.2387083
0.0,0.32532853
1.7173945,2.3355806
0.0,-0.0167557
0.0,0.17783251
1.3848422,2.3440557
0.0066849594,0.15011147
2.3664756,4.284844
1.3312619,1.8774383
2.2200751,3.051882
0.58520496,2.018262
0.0,0.3484634
0.0,0.51279175
0.0,0.2822755
2.5488,3.3354418
0.58663917,1.9682965
4.581779,4.265418
1.1814101,1.6587322
2.5800445,2.5937116
0.7404179,0.427921
0.80949533,0.8559955
0.6832105,1.8368199
5.0751295,5.513761
3.2945008,4.683
4.8769,5.378363
4.037656,4.5027547
0.0,0.061438777
4.394216,4.4591045
4.1819677,2.9171152
4.452065,4.7865505
0.064732164,2.2885032
0.75634646,3.5560708
3.8974073,3.8405576
0.007724022,1.0545728
3.4794443,3.2421799
1.7082058,1.5500143
2.3002481,2.6292803
0.60371274,0.76614165
0.5979758,1.1637926
0.0135317035,0.8939111
0.5344007,1.7748652
1.260974,1.7352076
0.0032619936,0.4724092
0.81558305,0.8666789
0.5053874,1.7691216
1.0658796,1.9769385
2.172267,2.6124637
0.6582708,2.0607
0.66736746,1.0650623
2.937045,2.6957324
1.44627,2.015823
4.4147773,4.505673
2.0241468,3.986546
4.69565,4.8865266
0.5360925,3.155676
3.195865,3.345316
3.4281096,3.4564247
2.1465456,2.2499988
3.7058952,4.200889
0.019332385,0.8503211
0.6623551,2.4468286
3.1486514,2.9153318
2.8319945,2.3516324
0.63039166,1.0840716
0.013983844,0.19116911
1.7404753,2.0512688
0.8062572,1.244164
0.01617853,-0.06571157
0.011154555,0.05146694
0.58536464,0.76246077
0.026338339,0.35522974
0.5153022,1.4949074
1.21254,1.7997913
0.8588642,1.0668694
0.0016712399,0.09503452
2.1366496,1.3727295
1.0288439,0.9677353
2.3251293,2.615796
0.9540138,2.3260093
2.4543946,2.9066904
1.5091873,2.0202699
0.011556217,0.37103721
0.0058564814,-0.025104374
1.6330236,1.7286906
1.799433,1.4731445
2.0735455,2.5386038
1.6889443,1.7410355
1.5424477,1.3081622
0.9714807,1.091568
0.0015572917,0.0023077428
0.00066686946,-0.021464407
2.187891,2.9726892
0.60610515,1.2293429
4.902062,3.4143002
1.2296892,1.4771862
3.1249154,2.6166096
1.27646,0.64109427
1.2855285,0.80117303
0.5549656,1.9511724
0.0029913597,0.2720086
2.4583306,2.881221
1.2110659,2.6366172
2.9586875,3.1916447
0.06272554,2.1480703
1.5940397,2.24627
2.9230547,2.710834
3.3288743,1.9349422
3.7324758,3.298216
0.23985799,2.2373264
3.0893505,2.486045
3.0485404,2.115707
1.4713948,1.4733665
2.4837153,1.8115408
0.92267746,0.77060914
1.6612526,1.1844196
0.003994488,0.44683057
0.034654215,0.94338876
0.61059135,1.2765849
0.0073489742,0.74721766
0.0032245098,0.41132882
0.9878798,1.3580463
2.9414506,2.1186562
0.72643036,1.0992017
0.0017237946,0.31676802
1.0565339,3.1985002
1.9310813,2.933445
0.0033527014,1.9009912
0.0014324913,0.28858468
1.9265803,2.5941072
0.73907936,2.4646475
0.043276317,0.87515146
2.63954,2.7105613
1.1752689,1.7395067
0.604672,1.0999707
0.0023518703,0.07016966
2.6621993,3.9724455
0.5464265,2.2656927
0.68067235,2.9831233
0.7349356,2.1368864
4.6538916,4.117549
1.435276,1.9650888
3.0637193,3.2451034
1.2062165,0.7928519
1.0776724,1.3417997
0.7055208,2.4467986
0.91780424,2.2295535
0.0083562,0.3647673
4.027219,4.812217
2.2556987,4.2244873
4.2328773,5.1105514
3.0241795,4.1653957
0.0012074156,0.14183359
0.0022044235,0.49089134
3.6408415,3.9871573
3.9671235,2.7503278
4.093251,4.657867
0.044957556,2.3779387
0.59768826,1.194824
0.69825995,3.3843863
3.8048189,3.5929997
3.4725876,2.9795318
2.027514,1.8475723
2.692278,2.7257276
1.127325,1.0150683
0.57736456,1.6183767
0.70266175,1.8117108
1.9341643,1.7679722
0.003904321,0.04188603
0.014683036,0.50830996
0.0014055555,0.37225473
0.00057100697,0.051483124
1.1074642,0.5122125
0.005817,0.07282989
0.6002951,1.4627628
0.0009966667,0.19686177
0.6369599,1.4350138
0.99055845,2.027709
0.011962559,0.50535506
0.0,0.8870088
3.0763693,3.3941336
0.7283986,2.1702876
1.1234561,2.9446297
1.2270564,2.1403732
3.9597902,3.278139
1.5168555,1.7368937
0.014225778,1.0837588
2.5486267,2.8106449
1.2815998,0.7546722
1.3559219,1.3311255
0.014584251,0.5107382
1.149813,2.3955314
1.1024182,2.1859078
5.2253466,5.103082
3.320395,5.033467
5.1229773,5.566267
0.8961382,1.841105
0.79837155,4.3207316
4.098499,4.526169
0.0010076594,0.118868575
4.019937,3.999704
4.3889666,3.4655035
4.4864626,4.7149725
1.121143,1.4231305
1.321997,3.5171995
4.294243,3.7074223
2.9449942,2.3627744
1.7166866,1.5824196
2.4898386,2.4108005
1.1304187,0.912806
0.5363172,1.5983131
1.2424698,1.5206144
1.6524595,1.5521181
1.2610095,0.6213448
0.0044738688,0.12164621
0.6475609,1.4356041
0.5034826,1.7484612
0.0025848208,0.3654685
0.0020189297,0.37548655
0.0029244914,0.38674968
0.7091603,1.8589835
1.4539299,1.6015847
0.5711713,0.9683349
0.0044064843,0.5381521
2.4679682,3.2465315
0.54005116,1.869427
0.58068836,2.27108
0.65666497,1.8622556
0.006588542,0.31971353
4.1834426,3.303697
1.1644692,1.6534498
2.5417464,2.1970212
0.8730557,0.6016476
0.87010026,1.2272024
0.5934005,2.0456882
0.8855779,1.7426035
4.100304,4.2333655
2.6144829,4.171693
4.4531684,4.516024
0.014265688,1.210305
3.270653,3.4267187
0.00089569716,0.57669926
3.6458852,3.270423
3.8992376,2.8297088
4.0871887,3.9506235
0.63955516,0.98959684
0.8374533,2.8227684
3.8289924,3.052217
2.9266932,2.2547102
1.6118847,1.4642861
2.2809014,1.916714
0.79010445,0.71948296
0.025551833,0.8387324
0.794396,1.295491
1.3746216,1.2833102
0.0046161404,0.737773
0.004420699,0.013658538
0.8887954,0.46080422
0.0019615593,0.032629862
0.003887707,0.4262089
0.5694426,1.102782
1.3158598,1.342552
3.0468931,1.8899612
0.7364682,0.84347034
1.9490796,1.562598
0.0023781634,0.19522317
0.0016201971,0.1710076
3.057064,3.0430424
1.2937247,2.718995
3.834539,3.530025
1.9656956,2.2568178
1.939851,2.147914
2.693394,1.623527
2.8255322,2.9799142
2.3011017,2.0920393
2.130185,1.4527223
0.82044286,0.7089892
1.5641001,1.2516387
0.6513916,0.8216085
0.0017935256,0.009582683
0.0026668499,0.2406439
0.003353385,0.20282754
0.0035063967,0.07334473
1.2868872,1.5977249
0.0025030442,0.14661638
2.3089352,1.9853396
0.556626,0.98368764
0.9525635,1.1558032
0.389874,1.220433
0.0019813252,0.011597373
2.423453,2.671297
1.0179627,2.5429795
2.4406075,3.0462208
0.012148558,0.5899997
1.7371806,1.913317
0.010088957,0.3217907
0.0011141599,-0.06634617
2.1394243,2.001231
2.4327867,1.6675932
2.3931038,2.712431
2.410963,1.9183223
1.9687994,1.5021613
0.73486805,0.8457574
1.137251,1.178417
0.004090796,0.15615445
0.67302686,0.79800326
0.006274197,0.28875414
0.0022130953,0.23896681
0.012605066,0.26718846
0.0025024428,0.14971405
0.0021496732,0.04770354
0.0006173048,0.29337582
2.5826595,3.9008465
0.58275545,2.2553358
0.7494287,2.8222005
0.7001298,1.9981632
4.629259,4.3968005
1.5330524,1.9446452
2.5265794,3.2777734
1.3190588,0.65228766
1.0330073,1.1895216
0.6521382,2.24577
0.839218,2.1232824
0.0065780003,1.2592185
0.009940846,0.36960962
3.6830654,4.480429
2.3352952,4.079711
4.2191772,4.930229
3.2069416,3.8925982
0.0,-0.029817313
4.2024965,4.1176653
4.3752975,3.0216548
4.233958,4.761932
0.5552694,1.2460909
0.88361347,3.3932455
4.0652966,3.7375607
3.1210043,2.8629048
1.5451157,1.7857773
0.011568452,1.3005128
2.3856902,2.6392303
1.0001273,0.93041307
0.55289227,1.5204191
0.68549263,1.7353954
1.4287914,1.7850666
0.0024992402,0.03570687
0.0047991243,0.48949385
0.82492644,0.45056474
0.5465468,1.3372903
0.00080612744,0.38844684
0.0,0.06958294
0.0025314162,0.23254728
0.0,0.25930747
0.044947714,0.4238106
1.9140153,0.5202899
0.0028093103,0.35412553
0.0020922392,0.053721167
0.92077214,1.9408834
0.0018031799,1.0698724
0.00240776,0.048421085
0.66029644,2.1770914
0.0040409723,0.1772429
0.0027103936,0.16705206
0.0016835586,0.0032563359
0.0024581465,0.20603481
0.00272043,0.6900762
1.6260802,2.1167367
0.0026708816,0.23277888
3.3958426,2.3502188
0.9053843,1.183269
2.0849624,1.5912142
0.73461586,0.45889878
0.6106867,0.88225275
0.6375897,1.4684658
0.0018945852,0.2670545
0.0032094067,-0.053474903
3.075844,3.663474
1.7410682,3.377871
3.592497,3.9383533
2.5075386,2.9937725
2.6803021,2.595768
3.055223,2.1415272
3.150012,3.3872027
2.7800221,2.503995
2.7937121,1.8242722
1.1498715,1.0640156
1.8598185,1.520338
0.6704374,0.57016623
0.5242934,0.97830135
0.9013462,1.0093429
0.003675447,0.0367719
0.56801224,0.3290422
0.005270833,0.045539454
0.0060255993,0.62849104
0.53676915,0.95711106
0.003806713,0.25719407
0.00417992,0.16141155
3.0667078,4.1252813
0.7935735,2.6056364
0.972963,3.072271
0.9558988,2.5589812
5.321112,4.2343297
1.8564066,2.279657
3.6055124,3.3003583
1.5520729,1.0209472
1.4166161,1.808862
1.058555,2.6611629
1.4470775,2.5022407
5.0445995,5.485875
3.240656,5.2452974
5.485226,5.5844045
0.78412366,1.9973638
0.67983526,4.561623
4.799635,4.6900754
4.76081,4.488754
5.1143403,3.8527484
5.3047776,4.967919
1.1228254,1.6238511
1.4729892,3.8949144
5.1440926,4.129027
4.2519846,3.0887237
2.542716,2.1947765
3.328228,2.808114
1.3993556,1.2552931
0.8485288,2.1590729
1.3315201,1.9540875
2.2927275,2.0333292
1.2814993,0.7913135
0.6858429,1.7028749
0.0027587654,0.23530856
0.01479247,1.655906
0.9445749,1.9005113
0.0033121854,0.5156679
0.514216,1.3955348
2.6168149,3.4195895
0.59080327,2.3839307
0.6785859,1.6608274
4.8232775,3.9850821
1.2383034,1.6623428
2.6489093,2.6178088
0.8211651,0.99935824
0.0,0.051175013
5.4678245,5.1618137
3.7624972,4.514874
5.068043,5.1479917
0.51938254,1.49241
0.6495659,4.036307
3.8297155,4.0308466
4.509016,4.2474403
4.389941,2.7429557
4.634166,4.498241
0.60978365,3.1421146
3.3016245,3.3975143
3.7085583,2.9364343
1.5983925,1.5872836
2.6515408,2.3661737
0.5202756,1.3008032
0.6524413,1.5908983
0.0012021199,0.077422485
0.0027810035,0.29904896
0.5717363,0.41260386
0.0021890744,0.13826357
0.6570698,1.2525942
1.2176323,1.6136982
1.340972,1.6228263
2.5266516,2.1432397
1.2799219,1.532995
0.0022429079,0.06651275
3.0904696,3.0072074
1.6981791,2.7346282
3.3711824,3.2996874
2.1254714,2.3427134
0.0058612525,0.85401565
0.010583202,0.32977897
0.0016644737,0.00780952
2.0142467,2.0100284
2.1916292,1.600841
2.427867,2.8668802
1.915368,2.0133977
1.7936302,1.6296036
0.6309328,0.9653407
1.2135514,1.3891218
0.14127405,0.962587
0.0019729144,0.10889941
0.003305053,0.040158138
0.01577206,0.5066583
0.029630631,0.7107097
0.5328611,0.925407
2.6894982,3.1496425
0.61630493,1.8333335
1.0269669,2.569342
1.0668815,1.8316345
4.030629,3.1924107
1.5404177,1.5073531
2.8325567,2.636144
1.2641056,0.6013885
1.3524132,1.1365125
1.0458578,2.2467287
1.0848204,1.9431887
0.013153156,1.0424278
0.0025964081,0.36978447
5.2488785,4.912451
3.2247248,4.745301
5.1412644,5.3187723
0.86528224,1.6259344
0.8424799,4.1020217
4.088771,4.204084
0.013684892,0.43677554
3.6621718,3.7360325
4.045932,3.0940964
4.0882583,4.3859377
0.8703634,1.2406893
1.0296036,3.1979215
3.8246057,3.3484044
3.3199403,2.5567894
1.8003297,1.5475287
2.6296046,2.5210233
1.1572592,0.79606444
0.029337287,0.94802004
0.5608681,1.4053459
1.2442374,1.6664321
1.6926211,1.5308812
0.00242517,0.24683993
0.0035804943,0.3091004
1.295751,0.56692505
0.21844992,0.41411594
0.515458,1.4526951
0.91613954,1.704642
0.6229015,1.0877392
0.0041585057,0.2944575
1.6056818,1.6985044
0.0121935485,0.8468574
0.69465137,1.0009501
4.1617994,4.82665
0.95695305,3.706367
1.44547,3.7898073
0.51637715,3.0525331
1.9022689,3.6233165
7.282333,4.9496064
2.6615531,3.0720956
4.579237,4.2639556
3.0226014,1.8718932
0.70913625,2.2558064
2.6382694,2.5338063
1.2959912,2.5135393
1.3104609,2.4954467
5.8415833,6.0819864
4.07522,6.0241704
6.3434973,6.231196
0.5358153,2.4771218
4.597263,4.816481
1.13687,2.9710464
6.291083,5.282514
6.857543,4.5454416
6.877949,5.892072
1.3797748,2.0845559
1.5598812,4.2397804
6.6897297,4.6608796
6.147298,3.6219988
3.2083874,2.8129826
4.9163003,3.4319334
1.9178877,1.7569964
1.3479853,2.74746
1.0697321,1.8756456
3.0143733,1.9660583
0.0023476088,1.35217
0.0010265294,0.1738882
0.0041597807,0.08911295
0.003126426,0.17944384
0.01598197,1.2777295
1.5992099,1.7632773
0.1220234,1.7002625
0.55335903,1.8484395
1.1784238,1.6867363
0.22899914,1.3500168
1.9189906,2.167997
3.1663387,3.8102896
0.7067435,2.8588953
0.9365735,1.9111252
0.0056366753,1.5439379
6.044237,4.156215
1.6916081,2.1364028
3.695995,3.223779
1.8115195,1.1400032
1.7576842,1.3986099
0.5812885,2.204905
0.8076381,2.0773656
3.1680458,3.5655332
1.63254,3.3090549
3.4540343,3.701775
0.009616959,1.0282393
1.8781756,2.6529222
0.0031870154,0.2383348
3.4326663,3.0795918
3.9329972,2.4499235
4.2536006,3.8748925
0.5980608,1.1147909
3.4808583,2.8412695
3.5661151,2.523106
1.9343958,1.8832941
2.989725,2.2693207
1.3704166,1.060214
0.8673048,1.570086
0.54171765,1.3386879
2.0845485,1.3067737
0.0012346096,0.66900766
1.1920134,1.0746
0.76708305,0.95701694
0.7121961,1.2316053
3.9392216,4.3078475
0.86663,1.6073914
0.88157755,1.2812121
4.4342294,5.021419
2.0242257,1.7732604
0.005339286,0.11967662
2.060189,4.5550275
0.71566206,2.775384
3.2221396,4.2048845
1.4057355,3.0536804
2.3550508,3.7494555
2.2580955,1.3466332
3.594757,3.8144162
2.3536496,2.450683
2.0840123,3.3840008
1.6771889,2.0369232
0.0043333336,0.030536301
0.0022840279,0.34645593
0.004420699,0.2676286
0.06196117,0.8900731
0.7062214,1.4225392
3.3575208,3.5847588
0.17561027,1.7115166
1.0102576,1.64603
0.080711655,-0.010533527
0.5749198,2.0202882
0.9592917,1.1844115
2.5709915,3.685212
0.95738834,1.4989121
0.02257157,0.12261273
0.004249354,-0.014902502
1.8353951,3.7265496
0.57688016,2.5364532
3.3623216,3.9460342
1.5045247,2.2004044
2.0131478,2.697599
1.0610436,1.2284927
3.4499443,3.3374503
2.1138544,1.9834611
2.0584219,2.417966
2.1493905,1.7323458
0.013369919,0.099644184
0.016978614,1.1401176
0.5250808,1.9865029
0.045365516,0.20679493
0.9033169,1.4002342
1.1665419,1.8330145
1.4867083,2.1844916
0.7956667,0.8893634
0.70172286,1.3208556
1.5678861,1.9392483
0.8044872,0.81141514
0.9049101,0.5853769
1.6727452,1.5599821
0.91637546,1.0033271
0.7641467,0.98968095
0.005790493,0.16211763
0.78326404,0.86149913
0.0041844784,0.24533617
0.0027408334,0.24790257
0.0064871795,0.20934036
0.0,0.247812
5.6009126,3.8836834
2.2939239,1.8672786
3.2475655,2.284781
3.193753,1.3205335
3.8886192,4.3779182
0.61469173,1.6104681
2.2561843,2.0840626
0.75788194,0.41410604
0.015226852,0.028289467
0.0020763888,0.32109234
0.5009428,2.1724365
1.7794203,2.1632028
0.022348333,0.6365202
0.0022651516,-0.090952486
1.1649414,2.3466682
1.3418664,0.88970166
3.2886927,2.539166
1.3007712,1.6678262
1.2269028,2.0878932
1.8943995,1.2417567
0.0018272222,0.3858711
0.0036131514,-0.00043708086
0.5311597,0.8780505
0.0058770305,0.56055
0.0076845796,0.2677765
1.9578217,2.075017
0.013051587,0.85828334
1.8255382,3.0530455
1.3683069,2.004567
0.0023774267,0.35178372
0.0069,0.8536837
0.0034089966,0.096660234
0.0045037167,0.2160666
0.01172549,0.5871672
0.0047012577,0.26156253
0.0025232069,0.5248358
0.003972222,0.67585856
5.4403296,4.6316295
0.89190656,2.3132524
2.7216666,2.5427194
2.2092195,2.7781322
2.878745,1.7070668
4.6492944,4.7574677
0.8114593,1.8135781
2.3743625,2.5493524
0.6429624,0.9557728
0.7533464,1.7062762
0.0039837696,0.001528576
1.6824414,3.7695725
0.87925935,2.4169705
3.6152897,3.9488883
1.4022869,2.7117972
0.0018394855,0.92773485
2.3097231,2.9638066
2.6566923,1.2430365
3.9808276,3.4341707
3.0472603,2.3178744
2.5802302,3.0963387
0.7713892,1.2787044
2.2584467,2.2142367
1.0909592,1.3510349
1.3972418,2.5871654
0.81449294,1.4809134
4.4372888,4.5832543
1.2704253,2.6990852
2.5246015,2.8357553
0.29773423,1.2162094
0.8245662,2.2511637
1.815924,3.0680852
1.5914441,1.9526494
5.081244,4.4780974
1.4654506,2.0692842
3.5041296,2.676125
0.68663585,0.2456682
1.7988522,1.1779494
0.8347557,2.3126693
0.8861705,1.8043032
0.0023032213,-0.0006285086
2.8689415,3.9007509
1.4183147,3.4800372
5.0670476,4.3282704
0.5015316,2.9278681
2.3046799,2.8853447
0.006591182,1.0207599
3.4458878,3.0351222
3.7790496,1.8300378
4.4302764,3.7121613
0.78638184,2.1115313
3.382388,2.317628
3.3389342,2.5524783
1.1299927,1.4352629
2.5378468,2.1357226
0.84716666,1.2159009
1.2965382,1.159617
0.0020272436,-0.032262444
1.4693657,2.6092665
0.25885648,0.8370329
1.1253369,1.3702457
3.2375498,3.6971583
0.52247137,1.886775
1.2676355,1.7679534
0.707969,1.2158353
3.7588573,3.9309087
0.7659518,1.5482836
2.1224947,1.7878399
0.52325,0.73620147
1.0081667,2.7890234
0.53116924,2.3160546
3.2413838,3.1523552
1.2772872,1.8878436
0.0,-0.09650472
0.001986111,-0.08076793
0.0,0.1533659
2.3645782,2.2373576
2.6183705,1.1970062
3.6571717,2.7889514
0.02220422,0.39995626
2.6958225,1.7878253
1.9500872,2.1398711
0.55022746,0.8938672
1.8047898,1.4703989
0.6312033,0.8243558
0.003915476,0.26982832
0.0040012165,-0.04096678
0.6802087,1.8631916
0.0012127581,-0.10217717
2.764818,2.6023808
0.90079606,1.3358016
2.629266,2.9721665
1.4904553,1.568768
0.65598786,1.8000097
2.714291,2.5967526
0.62712073,1.2230761
0.0008927796,-0.040289596
0.0032758964,-0.031265453
1.024249,1.4005961
1.516937,0.78840643
2.7068636,2.2794828
1.5710514,1.3722391
1.2395481,1.2903459
1.2537855,1.0927577
0.0064439657,-0.012896061
0.003955842,0.35774136
0.005307952,0.09634973
0.0011890817,-0.12456563
0.0033323201,-0.09169023
0.009224944,0.39351743
0.0042877058,-0.020288885
0.0018111233,0.0034770593
2.1716037,2.70882
0.63707185,1.0256107
2.4234066,3.042287
1.2916982,1.1156907
0.017746404,0.14734195
1.9035422,2.1022084
0.00325,0.20555574
0.60638696,0.9154459
0.005481667,0.4278673
1.218299,1.2841797
1.4980072,0.6990021
0.0050468603,0.21117583
2.2997944,2.009731
1.6263266,1.1822007
1.2386458,1.3138962
0.98648673,0.8476975
0.0030538533,0.43357003
0.002514526,-0.10372241
0.005294329,0.48804563
0.0015820105,-0.028899983
0.0043276316,-0.0023600832
3.9284127,4.167788
0.5373948,2.1273682
1.3310777,2.1016607
0.7381196,2.4990425
1.3899677,1.5135148
4.3812504,4.6810956
0.6163089,1.7730274
2.2672257,2.192512
0.6363909,0.90831214
0.75255007,3.0969386
2.800789,3.4784002
0.0005342755,0.5132299
1.3822354,2.0922155
0.0031145834,-0.09058547
1.9111757,3.0016327
2.293763,1.4341714
3.8238852,3.575366
2.8343606,2.2815394
1.7534729,2.606763
1.9539033,1.8146784
0.65978134,0.9852306
0.0021412761,0.65466404
0.0021329443,-0.14181417
0.87877303,1.9178114
0.00855104,1.1817088
0.0021002553,-0.11118409
0.94087803,1.728399
0.61423707,3.128926
0.007583333,0.1211109
0.0,-0.028780848
0.0016611111,-0.13598275
0.0016737913,-0.013335168
0.0039295102,0.072861224
0.0009894705,0.07585931
2.4289975,2.9538763
0.8814702,1.2185128
0.5170124,0.973614
2.941227,3.2803783
1.5462868,1.3369939
0.0011096491,-0.11486849
0.0,0.16471373
0.004216667,-0.109486476
0.9156875,2.2858067
0.006229167,0.39941418
2.7570834,2.6638613
0.97758156,1.5909488
0.0,0.2975235
0.009451149,0.08698349
0.005094486,0.34660417
0.009516782,0.41234523
1.5535523,1.6295764
1.7620673,0.9254146
2.7391896,2.3644276
0.014895833,0.35682294
1.8679606,1.5426848
1.7125899,1.658617
1.3359294,1.1596375
0.0061296592,-0.01660031
0.0037891704,-0.10537472
0.012432646,0.27700564
4.158653,4.481569
0.65771973,2.4663553
1.7492608,2.3846865
0.76674217,2.655776
1.1749492,1.6276553
4.764441,4.740626
1.07888,2.0040393
3.2598338,2.4026988
0.5553967,0.2399216
0.7639803,1.1845539
0.7004109,1.6718552
1.3780352,3.9959264
0.6748121,3.2616084
4.2671638,4.176786
2.2163146,2.9552834
0.007294994,0.770454
3.1475766,3.159737
3.680022,1.7429037
4.7277,3.6065254
0.50542355,2.3092122
3.8239543,2.467472
2.7307673,2.881493
0.8917497,1.3703182
2.8003454,2.09326
0.016276423,0.38866568
0.0027685186,0.13883772
1.0902629,1.3551052
0.0016763507,-0.07389924
0.0020277435,0.57599324
0.0030453703,0.10333215
0.9492209,2.4852405
0.00060105993,-0.05671513
0.0028207547,-0.07308379
0.005291184,0.26378626
0.52336,1.2647812
4.229563,4.284332
0.96382296,1.9391177
0.8281009,1.297818
4.278354,4.7720017
0.56767607,1.8353827
2.0091946,1.9149032
2.0546162,4.091855
0.9254197,2.6722546
3.4978704,3.9906676
1.4284837,2.5464299
0.0018560948,-0.0021350533
2.323747,3.2718804
2.0778353,1.4101467
3.7554107,3.5595145
1.936707,2.305025
2.001622,3.0044737
1.6465265,1.8965409
0.001922043,0.51158285
0.0020711587,0.60120714
0.0019133217,-0.012994826
0.00048254107,-0.06367448
0.7582351,1.130518
2.8069499,2.4662495
0.17682795,1.0537647
0.6823143,1.1384277
0.6589591,0.84904
2.4406886,2.8419683
1.1114051,1.3833082
0.74633133,1.6094856
1.9101431,2.2224662
0.5654772,1.1740019
0.002963063,0.102528594
0.0047805235,0.033878252
0.0044931695,0.017740242
0.0,0.060605064
0.0020006082,-0.03629078
0.9184973,1.081878
1.0423472,0.5493126
2.03572,1.9856594
0.0103308335,0.16988292
1.0058006,1.1865985
0.84886,1.2706454
0.9924271,1.1178952
0.0014735663,0.04679066
0.0016314484,-0.0016446263
0.004956299,0.048325896
0.005123053,-0.0058944225
0.0022362245,0.049698852
0.013051587,0.12223427
0.0012181482,0.041712604
3.9118996,4.2146153
0.9617535,2.425777
2.263832,2.4151113
0.18606257,0.9256173
0.59414196,1.9786167
0.011431215,0.15977801
1.4532161,2.7741184
1.4589018,1.6331105
4.1072445,4.3554425
1.2249485,1.8641758
2.9024649,2.439187
0.5726681,0.14776556
1.3893335,1.0212102
0.59741837,2.260342
0.7393417,1.5757275
0.0018805031,-0.0077129006
0.0029845736,-0.016393244
2.565586,3.721672
1.413418,3.1998544
4.495275,4.157639
0.12869619,1.6484466
2.11748,2.7676542
0.0046454803,0.34719893
3.044613,2.6801703
3.2699974,1.6065271
4.0920296,3.4151065
0.56295633,1.9784746
3.089531,2.171633
2.916835,2.567111
1.0553489,1.2235293
2.3715823,2.1268156
0.0050060884,0.23864521
0.6803798,1.3391945
1.1192843,1.1154928
1.1913047,2.608354
1.1129981,1.3568363
5.6719127,5.007237
2.566246,2.7988596
0.8311875,2.191115
2.9728744,2.555376
2.945936,1.5941184
5.9747186,5.0548053
1.4674,2.073898
4.352548,2.777921
0.7522713,0.12153882
1.2380469,1.0762111
0.58540624,1.7655907
0.5134812,1.3546813
0.0,0.49140057
2.076817,4.6513057
1.0111452,3.7956762
0.0077570756,1.0348053
5.013018,4.8885293
1.3450385,3.0977805
3.3451219,3.5997193
3.8589194,1.8877385
5.631268,4.2291245
0.01595194,0.21468991
3.828882,2.6399114
3.1497118,2.9475286
0.9572463,1.4551642
3.8100595,2.2218595
0.7782458,1.1614418
0.0034260417,0.32362133
0.001957738,0.5499246
0.0,-0.03165078
0.012565425,1.2579324
1.3223319,1.2268052
0.994821,1.440767
6.9813333,4.4863887
0.84306645,2.1740654
3.4651964,2.200149
0.008459362,-0.07358068
4.551203,2.3558831
4.312032,1.3570874
4.60396,4.8258295
0.99572045,1.9425108
3.4638462,2.3836045
1.0205998,-0.0013741404
1.24006,0.7684058
0.51771295,1.9608998
1.12278,1.3618672
0.6982351,2.683864
2.0387063,2.5320969
0.016314484,0.43726858
1.6365893,2.6160293
1.8015424,1.0333896
0.0024692193,0.21451086
3.8692737,2.864578
1.9393045,1.9088116
1.578517,2.4354024
2.1415045,1.5659547
0.8042773,0.81684726
0.0033424797,-0.03407292
0.006423828,0.3845226
0.36857682,2.4730344
1.0448704,0.8759181
0.0022527399,-0.0138659775
0.026281964,0.15681301
0.0044931695,0.07678759
