y_test,pred_test
1.2425112,0.47177166
1.8863382,0.31676564
1.9551278,0.43216953
0.75372916,0.55386823
1.233375,0.31108975
0.5481667,0.047792263
1.3156,0.4854309
1.9396666,1.9881405
1.3704166,1.7119576
0.0,-0.1362431
0.83367014,0.6395639
0.0,-0.2010192
0.013704167,0.24006867
1.717216,1.0565445
2.9749463,0.8418156
1.642994,0.48363855
3.2775798,1.150414
1.1115602,0.489213
0.1796357,0.49210098
1.3789818,0.30035037
1.233375,1.0433725
2.76575,0.67184794
1.032593,0.28565958
3.3388333,0.8468906
0.5600833,0.72309244
0.020302469,0.17672521
0.5835323,0.3547546
0.6924211,0.45816675
0.69377345,0.48362425
0.9754142,0.2671204
1.0049722,0.41045216
0.0,-0.030927636
0.71566206,0.3358367
0.60121506,0.22023168
0.8770667,0.40561467
0.5824271,0.46503064
1.3623554,0.11542125
0.14211729,0.07797585
1.0134709,0.17409891
0.0,0.059630804
0.021083333,0.2939971
0.8655263,0.5987056
1.4988933,0.33475405
1.562275,0.4961363
0.49833333,0.3068744
1.0682223,0.55493194
1.2473588,0.3637829
1.9326389,0.50021714
0.0018902299,0.20168984
0.76743335,0.20908934
0.58813715,0.69217575
0.9414167,0.37012097
0.91543835,0.4638807
2.1265087,0.38567275
2.1584063,1.6846005
3.8763216,1.4449751
0.5329398,0.2469267
1.20175,0.6328647
2.0475638,0.93031645
4.202611,1.7255484
1.3704166,0.8197567
0.9935521,0.16646624
0.78485346,0.9005511
0.5667137,1.1067947
1.7181343,1.3091519
1.1329165,1.0441078
0.9156663,0.5930512
1.9087752,1.2474836
0.2701491,0.5498724
0.60448515,0.77061325
2.2298636,2.935224
0.6166875,1.0997356
0.5091081,2.3211505
0.5265722,0.9390344
0.9978762,2.2483246
2.1533601,1.9951775
0.6833237,0.7178551
0.005220635,-0.13480571
0.007407658,0.5591836
0.0027967687,-0.00369969
0.004090796,-0.11588488
1.9168292,2.1089146
0.61908627,0.74699134
0.89176387,1.1278821
0.95868796,1.1236073
0.16736062,0.62113667
0.0069388184,0.5733579
0.008141089,0.027165413
0.023627874,0.5996828
0.0037804598,-0.04252798
0.50079423,1.0087584
2.6877115,2.894607
2.3124902,2.7008429
1.5233263,1.2422285
0.85056275,0.20779401
2.3042848,2.1320646
2.2993793,3.1888196
1.8966206,1.9003234
0.82262856,1.0683541
0.01367444,0.33689004
0.56851345,1.0651116
1.1155556,2.2229893
2.044205,2.4248912
1.795492,1.9673412
0.91211337,0.8654786
0.567069,0.07949233
1.7604789,1.399897
2.3588805,2.3616135
0.95057803,1.2816184
0.6964111,1.0210543
1.2104313,0.7996433
0.012814286,0.2871913
0.873602,0.5412739
0.51425296,1.3021098
1.1372923,1.1131394
0.55315,0.6832565
0.5718118,0.32389227
0.88770753,0.850237
0.85371,0.76258737
0.5762778,0.4827936
1.1475555,0.67360246
0.02514526,0.067096524
0.003729025,0.0035749078
0.51684284,0.49616334
0.8040452,0.61998355
0.55315,0.57506126
0.59707123,1.5226446
1.1711413,1.1275482
0.9002822,0.64837426
0.58390665,0.21835163
1.2873333,0.75710565
0.006406623,0.22319016
0.49126357,0.47577372
0.82771343,0.49865013
0.00978869,0.09270071
0.62074625,0.6189281
0.6134137,1.1899154
1.1477975,1.0382478
0.8590538,0.67934716
0.5516649,0.27981585
1.3491678,0.8837711
0.9344511,0.45335266
0.5371791,1.1926297
1.4557682,1.3279781
0.9923946,1.0253069
0.75102556,0.57023704
1.5895643,1.2579917
0.6071947,0.5146771
0.5201193,0.3539245
0.5708808,0.5117784
0.9858079,0.79105306
0.57907593,1.2749473
1.3255197,1.1918782
0.7192317,0.773006
0.6545698,0.38697687
1.1073146,0.9331515
1.0303296,1.3138057
2.7060905,3.0722458
4.087757,2.9883742
2.0047238,1.5032147
0.9927428,0.35777327
2.9994442,2.304965
3.9946623,3.3848302
1.4706528,2.0282273
1.0684967,1.338116
0.013435458,0.21603215
0.6902068,2.8019722
3.5684752,3.9997
2.853691,3.7962584
0.6472052,0.95998424
2.5800378,2.2237027
1.0018219,0.7786025
3.416768,3.1863806
3.476865,4.296993
3.1896677,2.8989875
0.7596589,0.90559363
0.54190403,1.5693272
0.82225,1.6824027
1.3815784,1.9575379
0.83391315,0.23296675
0.050992247,0.13672398
0.577744,-0.116624005
1.1710833,0.22568628
0.022465847,-0.0102560595
0.0,-0.44644222
0.0,-0.03259898
0.0066849594,-0.4043652
0.51654166,-0.06720049
0.0,-0.05151912
1.3517896,0.14296493
2.8921678,0.6981119
0.004216667,0.007200323
0.0,0.08221884
0.598,0.68156934
0.0,-0.11827744
1.3319938,0.012548916
3.2280927,0.48395213
0.0,0.016680919
0.0,0.08698483
0.0018902299,0.09500836
0.81190723,0.18629128
0.0,0.008049034
0.0,0.055070728
0.0,-0.12985331
0.0014425438,0.08191663
0.0064871795,0.28886282
0.0,0.0835951
0.89077085,0.071574636
0.0,0.047320373
0.0,-0.015820041
0.7619517,0.24851504
1.201433,0.22430298
0.003806713,0.01729625
0.24311994,-0.0868993
0.007027778,-0.03213241
2.646862,0.14702046
1.8757578,0.6638963
0.010541666,0.08305158
0.36727166,0.9192655
0.5481667,0.31584585
2.0287676,0.45788178
3.4896681,1.1330802
1.9003111,0.4679602
0.99970734,0.052624695
1.2190824,0.40160882
1.0430393,0.52072513
0.9749536,0.012119427
1.1525556,0.4332697
0.014425439,0.1036427
0.6817958,1.7627298
0.0047351797,0.81421596
2.9946892,1.421214
1.1454229,1.2548653
0.6693404,0.05936552
0.0,-0.037946247
0.7254345,1.098238
0.0031503832,-0.17090291
0.0026354166,0.30086172
2.174151,1.261433
2.9921901,1.2780217
1.0214578,0.49808657
0.61808586,0.60907865
0.0020006082,0.2566902
0.004134878,-0.060580045
0.0,-0.31769982
1.00264,1.0806751
0.0,0.015111588
0.7772722,0.14832881
0.5187197,0.071750745
1.6973933,0.83787346
0.98052347,0.619434
0.62029386,0.20282692
2.11192,0.28395292
2.0830333,0.90194666
0.014425439,0.10851695
0.0031870154,0.2212289
3.5429301,1.0410212
1.1000879,0.6717306
0.8983843,0.23933217
2.067456,0.2661083
2.7206378,0.8709409
1.3115395,0.6707729
0.5481667,0.029837325
0.61095667,0.40323254
1.774329,0.47683468
0.8539392,-0.011386856
1.4789646,0.38849297
0.050816886,0.42300445
0.005270833,0.20510691
0.83576113,0.31551036
0.56495833,-0.042367645
0.6667417,0.349578
0.00291578,0.08360122
1.1896561,0.43139508
0.7065838,-0.16176456
0.58194906,0.14445525
0.024707722,-0.07219348
1.3257985,0.28839612
0.5930344,-0.049553476
0.755893,0.2524642
1.9974424,0.6331906
1.0174605,0.052164003
1.3943508,0.5179249
0.0048596337,0.16566522
1.899801,0.5367615
0.552416,0.33517802
1.0361873,0.046243817
1.4807619,0.47335094
0.023032213,0.2069945
0.8422269,0.30397826
0.50904226,-0.020254038
0.55656475,0.28564364
2.1161783,0.6462225
0.52489096,0.18796024
0.8437833,0.053601444
0.99018544,0.43489996
2.809354,0.6974019
1.7387161,0.5559437
1.27075,0.19018012
2.354356,0.22137639
4.056433,0.78991085
0.014425439,0.09929375
2.310131,1.1505176
1.6361945,0.8895535
1.2419401,0.33665892
2.1510816,0.47388598
2.0123487,1.1410079
1.4739166,1.3188471
4.54135,2.0056388
2.5464833,2.0712857
1.0425915,1.635128
2.0037713,1.0817099
0.7511489,1.1348156
1.5411571,1.86562
1.4269736,1.0414226
3.993242,1.0803558
3.3817046,1.0465763
1.9396666,0.8010341
2.5804853,1.5301132
1.5941582,1.383238
0.66948223,0.9274694
0.8793507,0.91098475
0.82225,0.51923585
1.2570028,1.1435779
0.6602917,0.5077525
2.59831,0.86786234
2.1076064,0.8001984
2.4753826,3.5090022
0.005481667,1.5283234
1.0062774,2.834636
2.2678185,3.0399938
0.68322223,2.6723783
0.004216667,0.40848142
0.9728028,2.9275997
1.6445,2.5880346
1.2719299,2.8328674
1.0415167,1.597465
2.5773177,2.6500957
1.1566156,1.0795708
1.1619991,1.6318886
0.9065833,1.6447686
0.0,-0.043751486
0.006159176,0.2981101
0.572,0.7892704
1.0043054,0.9873308
0.7582972,0.77661484
1.1101362,0.71298504
0.73496234,0.6677879
0.5841324,1.4819622
4.4226756,2.6072
4.3661475,3.6752195
1.8458408,3.3671224
1.5917584,1.27446
0.649679,1.7839211
1.7659874,2.8939452
2.102462,3.9478064
4.503279,2.6720846
4.319824,1.3524247
3.559759,1.451468
1.498415,1.5834147
0.0021581366,0.64429027
0.945469,0.91433847
0.7786458,0.8309909
0.8672835,0.68226576
1.3628032,1.5547515
4.147721,2.9028785
3.9783611,3.0039008
1.2901971,2.4622836
2.1926668,1.6713471
1.2342591,1.9569054
2.3421667,2.919237
2.8550348,1.8506819
3.740375,1.4724325
3.6718466,1.4670321
0.8614048,1.1780872
0.7879896,0.62312
2.7932317,0.8714509
3.1779113,1.9963248
1.7612692,1.6926342
0.71566206,1.1389817
1.3380355,1.221208
0.6366208,0.73937345
1.2698038,1.3175808
1.0180238,0.7445213
0.54111105,0.6535792
3.095861,1.0892946
2.9787853,1.0222005
1.40875,0.706763
1.3159405,0.8306376
2.8141909,1.5656945
1.2224602,1.2890896
0.9576794,0.9208908
0.51059073,0.47241262
1.0000337,1.0521685
2.9761233,0.9043406
2.0010197,0.8329559
0.5818464,0.78375864
0.6304836,0.6681471
1.5473566,0.8419814
0.8278819,0.71743184
0.012478591,0.24414858
0.5102549,0.6322719
1.4409745,0.58373636
1.2632395,0.5413584
0.020963881,0.33365053
0.0,0.07945858
0.6636894,0.6565141
1.979971,0.9016577
1.3325115,0.90003717
0.6465019,0.44544235
0.72004944,0.9272914
1.7474748,0.5882424
1.2990487,0.56239545
0.9645625,0.9131498
3.261539,2.217036
1.4368612,1.6866539
0.6016986,1.1675593
1.2395785,1.5357095
0.5537088,0.66403115
1.0981016,1.254371
0.56742656,0.7166386
0.0069789737,0.31860337
3.148759,1.1386921
2.7168102,1.0509057
0.001539794,0.08792178
1.6269772,0.8718041
0.34118256,0.8835765
1.0795528,0.7307451
1.764604,1.0737345
1.1019269,0.93108225
0.6058684,0.5273433
0.6473032,0.81846416
1.8530416,0.70600986
1.3302369,0.6685009
0.29460293,0.700779
2.1690238,0.99109536
3.6290474,1.9138454
2.0450833,1.6200248
0.7120366,1.1448258
1.2280104,1.1511656
0.75967026,0.6856548
1.6154795,1.3638148
0.6407624,0.67629004
3.1980379,1.0013835
2.956833,0.92496055
0.94655544,0.92953944
1.7448006,0.7845999
3.5166464,1.8968115
2.0517464,1.8853389
0.62312007,1.4397588
1.473601,1.063833
0.010246106,0.052749995
0.55126363,0.95820844
1.4019483,1.6807622
0.8134934,0.8719268
3.3580234,1.0183685
2.9394495,0.96954966
0.66876334,0.75294715
2.053639,1.1370784
1.048115,0.94698083
0.5056731,0.783023
0.5776833,0.36446697
2.1351976,0.76237524
1.7126423,0.7199294
0.0044566398,0.10102282
0.5162183,0.8077614
2.3511338,1.1487328
2.9470246,2.0309281
2.0491934,1.8108659
0.62633115,1.2494096
1.4174024,1.1801738
0.7171013,0.81538165
1.2524568,1.4391273
0.998345,0.82733315
3.1086676,1.0832212
2.8606992,1.025845
1.0212142,1.0327668
0.5481667,1.5778991
2.6838458,1.8281759
4.952273,2.627248
3.4402184,3.8029912
4.755346,3.5948644
2.6951528,1.3172971
1.0298889,2.021609
2.2724,3.026252
3.3575208,4.1004596
4.7217083,2.7915804
0.50171185,1.1707643
5.3802934,1.3926522
3.6498764,1.5083566
1.866377,1.8297759
1.0365334,1.3320361
0.53960156,1.5332087
0.7773183,1.601133
0.5121031,1.5496706
0.82225,1.5160633
5.4406147,3.4208333
4.3652782,4.4936996
2.8201733,4.164036
1.9555628,1.9904102
0.5160931,1.3042653
0.9980208,2.5938165
2.535,3.6831672
2.6325536,4.72705
5.4948754,3.3995786
0.8153287,1.6389738
0.39363033,1.1464291
5.29818,1.9743394
4.4573274,2.1040046
2.316273,2.3328054
0.0020006082,0.0044765994
0.008018396,0.15583056
0.0,0.09404933
0.0,0.2425293
0.00042559524,-0.39535126
0.0016122549,0.0029404685
0.54417515,1.206273
0.52823335,0.8007706
1.3180916,0.25169683
0.0016217949,0.13217428
0.0012235863,0.0483121
0.0016009541,0.2764838
0.005107143,0.13496403
0.0006801075,-0.117539905
0.007830952,0.014809884
0.004121554,0.16128737
0.008324961,0.40263784
0.5152767,1.2895119
0.7491611,1.9873471
0.8580354,0.64976454
1.1628226,0.5801202
1.6138363,0.5056505
1.1284467,0.491407
0.80961496,0.5397655
0.59974974,0.02439849
1.0784894,0.44677973
0.00843781,0.22730383
1.0467851,0.48491582
0.77566665,0.44959918
0.8360632,2.328747
0.0038244186,0.25760874
2.263398,1.9324771
0.7077077,1.7138709
0.7023385,1.5434788
0.0167124,0.13395104
0.0033022088,0.2456924
1.5646904,1.7233286
0.0,-0.14232802
0.0,0.035924233
0.0,-0.03837481
0.0083562,-0.021989547
0.008701058,0.24840191
0.0031145834,-0.078485824
2.3792858,1.5032734
1.4554914,1.3024035
1.2879313,0.89612883
1.861347,1.6649746
2.0880392,0.7943828
1.7838799,0.5222436
0.9586967,0.5254507
0.82225,0.43395326
0.0075609195,0.08763701
0.9579303,1.2474598
1.817451,1.2090433
1.0160205,0.82365835
0.953855,0.404321
1.7859154,1.0098836
0.83160895,0.40626428
1.9321369,0.69594955
1.6367601,0.6507429
0.5763259,0.32871553
0.13404949,0.17116958
0.6924592,0.34321916
0.73076105,0.95763195
1.1647152,0.6720577
0.59250367,0.32451868
1.0504515,0.4276191
0.51730615,0.13815156
1.7449034,0.6373147
1.2059325,0.58430374
0.6081731,0.47744626
1.0003221,0.37451082
1.0588809,0.49312916
0.78955704,0.46370196
0.0,-0.058280386
0.005339286,0.26522413
0.5997204,0.40359753
0.51101565,0.32951802
0.016170109,0.1225607
0.72591007,0.50846285
0.8706991,0.15346932
1.2342707,0.6066163
1.0174817,0.54000837
0.5021667,0.2862843
0.5405107,0.25722158
0.63379014,0.38729152
0.0018902299,-0.020830296
1.0254261,0.62012136
0.5193098,0.030281693
1.2826306,0.4720906
1.5428308,0.5373115
1.1207635,0.49517933
0.78756374,0.61446965
1.0801579,0.5118706
1.4744363,0.5170237
1.0237434,0.48708948
0.76797277,0.42706174
0.7639926,0.42468315
0.5880165,0.8729595
1.0878717,0.6963359
0.5620695,0.38531694
0.19472587,0.2425017
1.0427642,0.4793509
1.6269841,0.6024644
1.2544329,0.566152
0.05083587,0.17377695
0.0023833334,0.110894985
0.6565819,0.7705376
2.6237037,1.5979822
0.016445,0.16071504
2.1983767,1.5254275
2.035512,1.0043285
2.742856,1.7850899
1.3755493,0.76505065
2.0213647,0.48486558
0.8093215,0.49435815
0.7912415,1.7356523
3.3692565,2.552344
2.4098074,2.3223968
0.6376343,1.1323237
1.917184,1.7689316
2.639078,2.688793
2.9538586,1.5137825
2.658986,0.92149425
1.6814975,0.9464164
1.1930686,0.97411644
2.1073534,2.1744802
2.6217124,2.6111274
2.2344317,2.1534433
0.6511842,1.0274637
0.91151565,0.9488793
1.3873146,1.6099073
2.3075602,2.5813425
0.8838912,1.4852958
1.4331723,1.0983428
1.4988933,1.1146433
0.18029056,0.41941887
1.6382858,1.5295602
1.7734804,1.7268995
1.6672219,1.2682071
0.60814613,0.57167184
1.0373163,0.8184669
1.6546263,1.5663973
0.59230477,0.75375783
0.026764946,0.27123642
1.0607886,0.8427173
1.1321356,0.8000407
0.02895975,0.18533704
3.9312348,3.3173454
2.4544775,1.930308
2.5763834,2.5814526
0.6626247,0.8146429
1.0613002,1.393725
1.3841208,1.5081921
4.130152,2.6181715
1.7916929,1.130752
2.3639688,2.2802193
0.002875,0.07688926
0.0042825523,0.31870303
1.2562153,2.325681
0.008243108,0.18517351
1.8252275,2.071121
0.007720657,0.8196817
0.6497387,2.1002374
2.2351968,2.0791671
0.0158125,0.19662893
0.5818424,0.6288454
0.75290364,1.1511444
0.54582405,1.1829911
0.0024042397,0.026843354
0.0071190475,0.5925447
0.0,-0.26402947
1.3771485,1.0089824
1.0250716,1.1903659
0.056222223,0.75215447
0.61296356,0.7834754
0.7300229,0.8148463
0.7476993,0.56994176
0.86658704,0.7072157
0.0,0.027499098
0.0,0.0044056624
1.4715453,2.4650323
3.1709714,3.8070743
0.5804118,0.9794432
2.8981287,3.505318
0.59737957,1.0830048
1.8026342,1.7930617
2.5570226,3.0400727
3.5089371,4.1805305
2.8640027,2.8465319
0.632361,0.6463639
0.8172539,1.2391901
1.182702,1.3470223
0.52445704,1.5809437
1.2370788,0.3032856
0.7647414,0.74804294
0.5894122,0.54422647
0.6208306,0.65128326
0.08189741,0.21286187
1.4534723,0.2346003
0.65487087,0.25252986
2.4293585,3.0252514
3.108682,3.5944638
2.8418725,3.056729
0.97804475,1.621683
1.3585935,1.5357109
2.2633154,2.5463912
3.7386198,3.7782083
1.8311327,2.456035
1.5399675,1.4736702
1.6224028,1.5246971
0.525179,1.4331838
2.0902097,1.8276293
1.8273365,1.8213848
1.1382927,1.2877704
0.5190347,0.96048933
0.51472414,0.65373874
0.6562533,0.8845336
0.9384778,1.539185
0.6265246,0.8355396
1.2367918,0.9906249
1.3725045,0.94133174
2.0137477,1.593849
1.9677876,1.6497508
1.5092438,1.2017934
0.51457804,0.7879611
0.69442123,0.75497377
1.7533951,1.4773486
0.2028283,0.72119904
1.1623012,0.8865019
1.207906,0.8391396
0.71826994,0.6716726
0.77262837,0.6271167
0.51261526,0.40276772
0.5657033,0.56362915
0.9716488,0.7647079
1.0394757,1.0156102
0.9521801,0.81303275
1.1417791,1.1368629
0.5627396,0.4907747
2.8314722,2.5167801
2.986257,2.4684687
1.844929,1.8668352
0.78565365,1.5386122
0.81982243,1.2880931
1.5768577,2.1174383
0.5248254,1.2106863
1.7221061,1.2322975
1.7184691,1.1782068
0.50964004,0.9110465
1.4743793,1.2132653
1.2701529,0.9556451
1.2392763,1.1240762
1.2181481,0.8702954
0.56399214,0.53401476
1.4425439,1.145693
0.76578647,0.6170176
0.786127,0.60134125
2.5278585,2.0273852
2.6047544,2.0687642
1.8736677,1.5871738
0.7584667,1.0628386
0.5221347,0.7223657
1.0001186,1.0639852
2.01825,1.9202658
1.6390928,1.0088304
1.7170483,0.9585749
1.9995311,2.1726367
2.7584195,2.5288475
2.0212414,2.0502918
0.5449657,1.0651815
0.6670343,0.887344
1.1885617,1.5186571
2.2111886,2.519994
0.8103797,1.4154326
1.2581962,1.0815339
1.4355898,1.0874664
0.0026870915,0.102346
0.6695042,0.98116225
1.0329567,1.1179982
1.163302,0.8484762
0.65939754,0.5360748
0.8565634,1.0744976
0.6157396,0.6371784
1.9129678,1.8987159
2.0485036,1.9776349
1.562837,1.4181398
0.52448046,0.9715072
0.5978597,0.67636263
0.8083004,0.9670839
1.13308,1.7062337
0.63599735,0.91315466
1.1621364,1.0040208
1.35746,0.96787345
2.3459318,2.554721
3.9508731,4.047432
5.7720323,3.849467
0.9638381,1.1870244
2.9633648,2.1578245
3.916937,3.2364707
5.229246,4.3942327
3.226153,2.9578905
0.9305391,0.76936567
1.6418988,1.3450955
1.6618975,1.47082
1.0772667,1.8796281
0.5086516,1.0578449
0.0048367647,0.5108676
2.4352183,3.3134632
4.4857497,4.7225437
3.3642476,4.3670216
1.126352,1.8595423
0.50012434,1.2907642
3.0413234,2.7098045
0.014630783,1.1125346
3.708004,3.8816988
3.7742147,5.0522923
3.671613,3.6690018
1.1750466,1.2277949
1.3860629,1.9479417
1.802314,2.091667
0.6757451,2.3357975
1.3445694,0.6205828
0.003493219,-0.067146845
0.83820665,0.13928664
1.9320117,0.6019951
0.73376644,0.65716326
0.56838596,0.4104092
1.0296464,0.10616773
1.7181343,0.6396335
2.3834207,1.7338434
0.6291606,1.3974421
0.0038244186,-0.2072897
0.7804371,1.3679687
0.0045079496,-0.052156404
0.0023336513,-0.32789218
0.002750657,1.0630213
0.2457574,-0.064734586
0.77008075,0.21234065
0.00225583,0.3787185
1.5270357,1.6071886
1.5567317,1.3512396
0.8457824,0.4452431
2.1563368,0.8885879
4.169982,1.7361568
0.5167145,0.092767395
2.2692835,1.617928
1.4423635,1.1839494
0.66891664,0.38360628
1.8559953,0.67016697
2.889402,1.4923285
0.6951389,0.38052008
0.003011905,0.09720216
1.1862246,0.8523763
0.5471993,0.4908562
0.7330672,0.19768184
1.28271,0.66303295
0.1142704,0.15477514
0.004170833,0.057590224
0.059050474,0.2804682
1.2628518,0.55127764
0.76783013,0.028311566
1.6615211,0.49499145
0.6074103,0.27153894
0.6482713,0.3915531
0.60600233,0.02850864
1.1623574,0.51189137
0.88100976,0.688539
0.66761553,-0.04182007
1.4507514,0.4248091
0.0013663177,-0.0039903186
0.808099,0.34578532
0.589365,-0.0074868277
1.2759283,0.37234497
0.0059215534,0.13984409
1.5250487,0.7864393
0.64752185,0.48586693
0.51641464,0.17499155
1.158236,0.123661146
1.9068159,0.69168925
1.2590775,0.75267804
0.57885283,0.5207774
0.852774,0.18235648
1.742789,0.7346397
0.0032203002,0.44888648
0.75016695,0.36177534
0.8857194,0.41017023
1.4882494,0.859987
0.7566227,0.5291136
0.5072843,0.24493268
0.87601876,0.2186952
1.600586,0.7069274
1.8284243,1.6846448
3.2372286,1.5702533
1.1761634,0.5687918
3.4216835,0.9902034
4.574229,1.8459623
0.52939385,0.10779325
0.003383745,0.15312156
2.1219356,2.5675323
2.2127829,2.309106
1.3883474,1.0214022
2.6651275,1.7029216
4.1960855,2.6987283
1.1750594,1.4756846
0.89077085,0.25518528
0.5828839,1.3049796
1.0747468,1.3626744
2.2190173,2.0042496
2.1329706,2.5450556
0.89537394,2.169842
0.9035614,1.1179391
0.85879445,1.6482368
1.8562917,2.5389934
0.6396819,1.1655183
1.4455056,1.1888038
1.3403802,0.653516
1.5277733,1.4288906
1.1378611,1.7808616
0.7513948,1.379919
0.64069164,0.6644903
0.93995845,0.90176874
1.658616,1.6600105
0.63593495,0.8514043
1.0853875,0.8146504
0.5639112,0.5991174
3.0900042,3.0475438
2.0334282,1.7209715
1.1583786,2.3528833
0.006909664,0.66412246
4.163581,2.6237361
1.363009,1.2426949
2.0969172,2.2474396
0.81389844,1.1481645
0.95526665,2.5117476
1.7342975,2.1494873
2.734903,2.3150537
1.1152357,1.1570048
3.1898634,2.1939635
2.272661,0.81844544
2.473713,1.1741165
0.748291,0.28623465
1.8139989,1.1759614
0.5316113,0.48613936
0.98889613,0.8531969
0.01969353,0.7100821
0.012080808,0.8015623
0.7876131,1.1324416
0.5041397,0.680286
0.5739965,0.69387734
0.59055066,0.56741095
2.473699,2.9988554
3.3588483,4.390578
1.7492107,4.1388106
0.67582005,1.5530137
1.5428239,2.4344685
1.8746964,3.6701298
2.8657038,4.7755795
2.3088098,3.4630215
0.6206041,1.1423839
1.2684351,1.7379526
1.7370049,1.8833617
1.341912,2.2231278
0.0041332077,0.6098515
0.6620167,0.6778103
0.5371112,0.5914679
0.6772324,1.6699672
0.9695082,1.5697253
3.310822,3.158865
2.673283,3.7573602
1.0395205,3.2656136
0.78185225,1.7803451
1.2074285,1.7524065
1.5675559,2.7503712
2.8155835,3.9087508
0.96878964,2.6878164
1.3923131,1.7198955
2.0468347,1.7684261
0.51586026,1.6709386
0.0024471725,0.60821414
1.299732,0.5412446
2.0829203,0.7119851
1.8865716,1.8573889
1.7576265,1.9819872
0.7386263,1.499537
0.673214,0.7857171
0.6772704,1.0738493
1.4534117,1.7324468
0.84545636,1.077052
1.2101002,1.029599
1.2607397,0.5800005
0.7142014,0.5804119
0.85427445,0.6372528
1.8068745,1.3700635
1.7098075,1.5013027
0.584302,1.1490139
0.5487198,0.59975135
0.65122277,0.70509374
1.5661448,1.3832654
1.278807,0.81196165
0.5935535,0.59455806
0.83302414,0.6264268
0.69271314,0.66781735
0.67309654,0.64148164
0.0021288027,0.03887693
0.991031,0.701743
0.9406895,0.95843697
0.5087396,0.498283
1.0989159,1.0875843
0.624762,0.5004907
0.7271851,0.95680857
0.75163466,0.8884994
2.5532234,2.345115
2.156736,2.3882687
0.9051713,1.8795507
0.9993248,0.9882707
0.7810306,1.3070915
1.6241975,2.1333976
0.9017847,1.2358077
1.6899775,1.1870844
0.5814086,0.8227141
0.66467595,1.0088191
0.69881296,0.5246567
1.0254327,0.8146255
0.99685127,1.0018154
0.5229011,0.4954529
1.3396784,1.0061024
0.7365772,0.5905649
1.0876323,0.7513994
0.0018740741,0.24552274
1.3538713,0.8031676
2.393639,1.8487884
2.0282166,2.023739
0.96671873,1.6005176
0.8265359,0.7729776
1.0045437,1.0633821
1.9528438,1.8984032
0.6812909,1.0033052
1.6255456,0.95955503
1.0148491,0.7623672
0.5796686,0.8611275
1.5132418,0.780442
2.1257274,2.0434992
2.1540656,2.4725277
0.9232196,2.0706656
0.90866756,1.0175854
0.8421457,1.5521269
1.8558745,2.493599
0.6013456,1.156447
1.3434739,1.1593829
0.5646777,0.54521734
0.54138523,0.6358404
0.81682366,0.9165521
1.0054098,1.0856377
0.50276846,0.87048155
0.8190562,1.0664723
0.7256829,0.6498969
0.9600446,0.70379144
1.906697,0.9234328
1.8253759,1.8395611
1.8377435,2.0234668
0.68740016,1.5218333
0.73702776,0.7717209
0.77927244,1.0528646
1.5899323,1.7740842
0.8102324,1.0452778
1.2071002,1.006618
0.0017703562,0.40372655
1.0090721,0.7989717
1.0015998,1.9427934
0.0027408334,0.9649846
2.0377314,2.0059292
2.7470677,3.0108685
3.5038981,4.4739985
2.8263273,4.3261213
0.64924705,1.5998856
2.3884404,2.6668487
2.9061117,3.7749314
4.0708,4.890946
1.7778041,3.5308552
0.5189467,1.2837197
1.396032,1.8042418
2.0801961,1.9651511
1.4913614,2.4715297
1.3581239,1.3611426
0.7592993,1.8506908
0.72764707,2.059549
0.6498283,2.0029325
3.484234,3.8336036
4.3356433,5.214405
0.5090119,2.1812375
2.7698267,4.938158
1.1793152,2.331554
2.4042118,3.3032444
2.6161914,4.471179
3.7187595,5.5685806
3.3173308,4.267975
1.1621004,1.8187653
1.9707068,2.4917586
2.6856017,2.6611464
2.1078062,3.0539792
0.33026662,1.2903162
0.5555743,0.8126534
0.7972942,0.91422164
0.96788234,0.90594506
1.4423982,1.2400087
0.5184212,0.99558127
0.6925172,0.42441264
0.58512175,0.6554954
0.96968794,1.3309268
0.5935862,0.6108018
0.71199554,0.6163999
0.86647266,0.5412022
0.8543351,0.85861886
0.6646125,1.1032041
0.53563714,0.83639866
0.6115433,0.37311432
0.6724346,0.49169493
0.89406866,1.1707386
0.020257272,0.35480145
0.5659097,0.5896013
0.6900518,0.5720304
0.01612255,0.23042688
2.4207323,2.7190044
1.6125861,1.635634
0.8056389,2.0321772
0.5558428,1.2358011
3.294147,2.2333357
1.4791799,1.0573356
1.6214463,1.8425026
0.9489619,1.0046841
0.0021329443,0.30330864
0.59064287,1.9782375
0.086035125,1.1388973
1.2553368,1.6458062
0.0018151214,-0.024212576
0.0,-0.15946329
1.2527916,1.859837
0.5719206,0.8752309
2.2909436,1.7683414
1.0712681,0.6605828
0.0055935374,0.10027502
1.5393903,0.9999832
0.9935521,0.8951743
0.0025856919,-0.092459
0.72465354,0.48324934
0.004350529,-0.23748404
0.010718343,0.48165312
0.7617186,0.5352628
0.0060523134,-0.22018617
0.002641767,-0.013013601
0.508756,0.6797448
0.0028256015,0.027048081
0.0017660009,0.13294196
0.8847439,1.5828383
2.4846506,2.5159519
1.331509,2.236418
1.5373354,0.8984456
1.8277017,1.739516
2.2491786,2.8612783
2.1098936,1.6515305
0.6814729,0.8313925
0.6912666,0.85954475
0.7478919,0.852752
0.47216037,1.1909467
0.69682205,1.1500357
1.7552997,2.0702639
1.9472531,2.4418874
1.3879113,1.9340818
1.2648273,0.7825488
1.5746024,1.4293653
2.2042313,2.5075939
0.8796866,1.4635724
1.0490776,1.0622412
1.0691878,1.038913
0.8118087,0.441856
1.1758646,0.5592717
1.2184613,1.3281901
1.3669385,1.4698006
0.55127245,1.0669576
0.6974327,0.49000463
0.613196,0.6785134
0.92887145,1.3830183
0.76714,0.8139595
0.7957044,0.7817452
0.59934044,0.44470456
0.5661799,0.5431105
1.1011418,0.8479433
1.0595554,1.024731
0.024916667,0.29401442
0.59473425,0.35841265
0.54831904,0.44201356
1.0264608,1.0850769
0.52803904,0.5908773
0.7983221,0.5714929
0.02957454,0.011303358
0.21556555,0.1680567
0.50747645,0.5044154
0.68983424,0.7152692
0.8228071,0.9085135
0.014066486,0.25821823
0.57189685,0.6663257
0.52704054,0.6562502
1.5567205,1.408631
1.5053741,1.418501
0.7689399,0.9944991
1.209248,0.4798364
0.71593237,0.57151234
1.2034192,1.2452291
0.9255751,0.84426403
1.0538595,0.79360783
0.0027825718,0.13407788
0.6204624,0.55459774
0.64986277,0.70192933
0.7282131,0.8314831
0.9566417,0.6781368
0.74967396,0.68329453
1.6613004,1.2084206
1.4900694,1.3852078
0.7963115,1.0501812
0.87402993,0.45783138
0.8223868,0.62994313
1.32925,1.4068247
0.87213933,0.7358121
1.1252799,0.69977856
0.5214337,0.5372611
1.1000458,0.5091032
1.2611545,1.0369993
1.5910441,1.3593677
0.7745972,1.0717462
0.85861355,0.4434028
0.8071078,0.69613147
1.3203492,1.4511627
0.7250008,0.6760584
0.85138273,0.6637598
0.6852083,0.7191874
0.6277083,0.85257107
0.0023129396,0.18883696
0.7936608,0.53727394
0.0011712963,0.27356297
1.2722241,0.70830315
1.0715803,1.2556912
1.3085269,1.4538412
0.5415711,1.0600246
0.7601713,0.49290055
0.75514406,0.6763602
1.1473744,1.3810805
0.731408,0.78424335
0.8333969,0.7572148
0.6227241,0.92794263
1.4056579,1.0994687
1.0620977,1.4151458
2.84714,2.5158432
2.4429166,2.3923385
0.5890616,0.23302367
2.0381246,1.0293976
2.6019568,1.7646998
2.923145,2.8568082
1.562573,1.5546468
0.9324989,0.73927253
0.67892563,0.7684969
0.989374,0.91498154
0.53324765,0.79887426
1.3819195,2.1566856
3.1523411,3.2214327
2.0248291,2.9437225
0.6906104,0.52714324
2.3474307,1.4482356
2.463979,2.34399
2.5698423,3.5128796
2.5667782,2.186625
0.85292125,0.5181491
1.0204495,1.174898
1.0739248,1.2257456
1.1089022,1.2582828
0.0013960102,0.15066594
0.5402386,0.15948024
0.755893,0.07025844
0.012371818,-0.20829293
0.7433472,0.13945776
0.0057100696,-0.1054536
1.1152357,1.0094014
0.28102216,0.9535816
0.0,-0.16227171
0.0,-0.06229747
0.006159176,-0.1503577
0.0029791666,0.23953584
0.0,-0.14304164
0.0,-0.007989146
0.0042825523,0.5622455
0.0,-0.49463496
0.00676749,-0.09244933
0.0027003284,-0.10164227
0.0029954463,-0.50159127
0.0021496732,0.24727705
0.0037545662,0.30520096
1.2726641,0.04265184
1.7300047,0.55150354
0.0,-0.020756051
0.8866,0.4601473
0.9854542,-0.12772211
1.8610028,0.2737976
0.6420656,0.086682245
0.5023302,0.38197294
0.04770182,-0.10081642
0.0024042397,0.16497013
0.0068276986,-0.29984182
0.0139579475,0.25058323
0.0,-0.1960746
0.6136194,0.10061494
0.72946453,0.06916652
0.0005906968,0.051279698
0.51217157,0.3565127
0.13488692,0.09549104
0.5677116,0.15568325
0.04287337,0.30840138
0.9592917,0.25126508
2.15037,-0.024112798
3.0613716,0.40428257
0.8385092,0.8731141
1.1124558,0.67241657
1.954973,0.26512212
2.7163615,0.86020315
0.6054378,0.2435571
0.002806314,0.31843913
0.0060907407,0.02427864
0.004894345,0.10417979
0.0,-0.11221448
0.01957738,-0.07079662
0.0,-0.19816962
0.018272223,-0.32105517
0.0,-0.25488284
0.0,0.259151
0.001978941,0.30702642
0.0023032213,-0.16660368
0.0057701753,-0.008008897
0.005143655,0.08521192
0.0020816457,0.30327737
0.01957738,0.45569882
0.013177084,0.18610376
0.003943645,0.05845205
0.0021752645,0.024729267
0.0009912598,0.036170818
0.004953313,0.0030098967
0.0023922485,-0.007883482
0.0026870915,0.03579873
0.0048084795,0.002181001
0.01070638,0.29004815
0.0043923613,-0.0033444092
0.004389235,0.38014853
0.0026354166,-0.04194265
0.00079675385,0.007281039
1.381191,0.5101288
0.19791509,0.18391111
0.533997,0.11029194
1.7440139,0.51138234
0.93481994,0.5464119
0.65132034,0.06569572
1.413531,0.5592282
0.013741305,0.0877523
0.66989285,1.9912062
2.6430383,1.6142443
1.1576512,1.3624921
0.0042275065,0.09506197
0.19359155,1.4493927
0.9056932,1.2034944
1.6005433,1.3624834
0.671389,0.5289539
0.0027034017,-0.30505654
0.5037207,0.4741725
0.60737145,0.15334626
0.013441886,-0.117398314
1.7117751,1.2632214
1.2268817,1.0677432
0.6195363,0.3488334
1.5009773,0.65628195
2.580506,1.4067951
0.5792971,0.6042176
0.0023425927,0.08880447
0.003566247,0.027399836
0.59027225,1.1773661
2.0590856,1.3042976
0.9299256,0.90865135
0.06729286,0.46225664
1.2354833,0.45336863
2.852524,1.156072
0.51644784,0.32102004
1.1482923,0.70957196
1.0102686,0.515789
0.0010561978,0.07956198
1.1521567,0.48566547
1.6947323,0.45391455
0.019644199,0.07575281
0.50675493,0.2651662
0.64198595,0.34875548
1.0030284,0.44275227
0.001360215,-0.035615288
0.9089196,0.5241313
1.176497,0.28274888
0.8328426,0.29949194
1.2527614,0.29712832
0.0048040436,0.1441173
1.3017989,0.6548137
0.5991446,0.078015454
1.7249197,0.58592755
0.57446086,0.20684755
1.266989,0.59602606
0.45394516,0.40971062
0.2091851,0.17773533
0.56229955,0.11103266
1.5858176,0.587547
0.6337139,0.32604465
0.65759,0.3525486
0.52543944,0.28054982
1.4660113,0.68812233
0.5628746,0.11690221
1.3732668,0.5452365
2.556023,1.3623242
2.162213,1.2953274
0.9900808,0.46117052
2.61327,0.77480733
3.5430982,1.545168
0.52223986,0.09725845
2.979107,2.0979803
1.961193,1.8769432
0.6015981,0.24238926
1.1416267,0.7932947
2.268609,1.3319165
3.289,2.2200122
1.0385098,1.1726481
0.94920635,0.20738778
0.20291252,0.6994775
1.186362,0.60900927
0.7764511,0.14152741
1.7373385,0.5961776
0.6610245,0.61939657
0.91551673,0.08910925
1.6460752,0.6095778
1.6070694,1.8359507
0.0025683846,-0.3904896
0.0057100696,-0.06582325
0.0016903818,-0.04124394
0.005958333,0.026743606
0.0022993567,-0.11865667
0.0028329026,-0.22135466
0.003761928,-0.35466525
0.0,0.05992134
0.0022326761,0.4495606
0.71997595,0.23470268
1.6742498,1.4433941
1.5503998,1.2350527
1.067605,0.41005537
2.0682242,0.7864587
3.2940652,1.60277
0.59967226,0.70344555
0.5142325,0.10244459
0.0009418671,0.14829645
2.3247132,1.4501139
1.0948274,1.0342818
0.79676247,0.35462525
1.8046819,0.5594989
3.0007465,1.319119
0.6967964,0.35709515
1.2506856,0.8134037
0.72481513,0.1469746
1.3076719,0.5971879
1.1406438,0.52041847
0.6785484,0.024784781
1.6033183,0.4896082
0.027563546,0.42923582
0.0056693414,0.15235183
0.66396713,0.2666693
0.66560465,0.38891038
0.57937235,0.027290307
1.2008929,0.50668436
0.79894185,0.6446037
0.6295473,-0.059965037
1.3118011,0.37999347
0.0044704257,-0.040398933
0.8512861,0.33336517
0.5315424,-0.012888335
1.3113958,0.36667547
1.3739097,0.6830217
0.52012444,0.1503031
1.0303912,0.07175258
1.8688912,0.60584503
0.0023997058,0.20298293
1.2674787,0.67042476
0.7525822,0.14882165
1.7042124,0.6597003
0.6051701,0.35625103
0.0026541317,0.07147374
0.8156021,0.4039276
1.4116471,0.8117646
0.5755362,0.47997203
0.5456961,0.23615494
0.8220116,0.17682204
1.671931,0.63920176
1.829404,1.341896
0.0021137532,0.12212644
3.2602289,1.2676548
1.457044,0.4411512
3.122508,0.7477889
3.982795,1.5051434
0.58067423,0.09206233
2.338607,2.2365873
1.9406291,2.0055807
0.53665775,0.24992782
1.3682628,0.85293376
2.4325573,1.4362717
3.4790802,2.358146
0.9389495,1.2284911
0.9506591,0.21754706
0.16533177,0.7471258
0.12236215,0.41387492
0.7352215,0.35288128
0.5348083,-0.05463031
1.4508072,0.28342423
0.5325234,-0.06786413
1.0530571,0.34561327
0.00874734,0.015289277
2.2322402,1.3642578
0.5767798,1.2310859
0.00583156,-0.44638947
0.0,-0.43866333
0.0066044177,0.30756283
0.0034915074,-0.10705466
0.0013501642,-0.027189165
1.364032,0.9701597
1.6599475,0.7593577
1.5215743,0.062735915
0.64945835,0.25336355
1.8593813,0.3863779
2.930008,1.047638
1.133621,0.37574205
0.0016353421,-0.05839902
1.6247084,0.90177387
0.024166487,0.063532
1.3438925,0.5482236
0.942763,0.119316235
1.545923,0.14623106
2.867071,0.7009388
0.53018713,0.51425326
1.8072889,0.20497373
0.0053048385,0.3973396
0.54278004,0.5855291
0.5206973,0.32980782
0.5256879,0.34926933
0.87494373,0.27187866
0.3386825,0.36797166
0.10797117,-0.17238897
0.034459837,0.032548442
0.61612433,0.28651044
0.7501972,0.007812984
0.0024233717,0.06928745
0.7548119,0.14835957
0.008361298,0.32733214
0.75420666,0.42762318
1.0180808,0.32614228
0.6528451,0.3951787
1.3289808,0.32744235
0.005964817,0.25300542
0.001145195,-0.017596103
0.60814846,0.5383218
0.7944356,0.3545368
0.517923,0.5202629
1.3307346,0.9707626
3.6313531,0.88866305
1.7356344,0.06688509
0.79133207,0.29236445
2.8312068,0.43074194
4.3990374,1.0894977
0.7077357,0.33192232
0.53714454,0.0427199
1.8843229,0.080809176
2.0604904,1.7741963
2.4047832,1.556826
2.62405,0.20731503
1.1470308,0.6420994
2.6773949,1.0003926
3.6332357,1.8412927
1.8569915,0.87595165
1.0488544,0.14881599
0.6395278,0.24863485
1.6036791,1.2611505
0.5824271,0.3645884
0.88469934,0.5137145
1.7293353,1.184086
0.51771295,1.0862958
1.133879,0.35954994
1.196,1.071641
0.5143292,0.5279641
1.2242389,2.300906
0.08186905,0.31714743
2.46675,2.0397449
0.7194688,1.616767
0.0,-0.059636675
0.69766665,1.4952475
0.013704167,0.12904851
0.0,0.028589413
0.0,0.14144436
0.0,0.18880886
0.9710381,1.6244038
0.054816667,0.6454562
0.007830952,0.029332682
0.0,-0.24429464
0.010963334,-0.33642942
0.0,-0.06625992
0.5090119,0.31634817
0.68048275,0.34237048
2.747359,3.0482142
1.7458417,2.839252
0.81394446,0.25174662
1.3877882,1.2432908
2.6602552,2.2540777
4.062581,3.3783195
1.7456181,2.067525
0.02055625,0.26170057
1.1087917,2.019405
3.3061302,2.579849
1.6546513,2.1537302
0.7519722,0.17386535
1.0714166,0.8066216
2.2847586,1.4992853
2.5658865,2.585686
0.79261935,1.4002644
0.52947915,0.8885712
1.0501025,0.87913084
1.4693912,0.74677503
1.4681097,1.4989952
0.6077999,0.6311255
0.68919986,1.3042085
1.12097,0.9126761
0.64295053,0.23194844
1.5644307,0.8722828
0.5305735,0.4786435
0.004238402,0.12971994
0.6075043,0.6327206
0.51508766,0.17438892
1.0481429,0.7840236
0.65887135,1.1992822
1.341974,1.1398605
0.6446654,0.24191874
1.0916481,0.86535364
1.000703,0.6459355
1.0543643,0.5981983
0.63430715,0.52184653
0.5824271,0.09035544
1.7089902,0.5750831
0.650022,1.0768043
1.4475026,1.2292706
0.9894873,0.400216
1.5754561,1.1524833
0.7387978,0.5558265
1.7412353,1.3549799
0.61308116,1.0505795
1.0569594,0.541653
1.9730246,1.3140178
0.0021752645,0.14707926
0.72750515,0.55997646
0.51693213,0.14923033
0.5721157,0.62653005
0.16728535,0.37852636
1.4229493,1.4320832
0.84861475,0.5685364
1.1441094,1.2761449
2.1505,3.6045506
4.522375,3.4877765
0.9690804,0.5966296
1.8856933,1.8058144
3.356751,2.782451
4.323042,3.9579473
0.86441666,2.567725
0.82225,0.69554806
0.8496583,0.8706546
3.4260416,4.147884
3.177885,3.9445148
2.3913772,0.9461061
2.6551824,2.2184718
3.9865174,3.3391306
5.242722,4.512546
2.7475183,3.1564152
0.9193212,0.9611925
0.51147836,1.6743988
6.2011356,2.4219356
2.7050834,1.4962155
2.4827383,1.7749307
0.0024692193,0.28648454
0.0034694092,-0.12743872
0.93756557,0.42814887
1.600054,0.9934989
0.78008336,1.0172522
5.7267466,2.1460829
1.562684,1.1577023
2.2187698,1.791278
0.011690758,0.40684733
2.719223,1.7659922
0.5917708,0.89678335
4.4909434,1.5594646
1.9614089,0.4729732
0.005958333,0.8238936
0.0033424797,0.34075832
1.6956003,1.6898735
4.175363,1.7024053
2.5279222,0.5420709
1.9368556,1.1024686
1.4906777,0.9930053
0.0024148312,0.43557718
1.6087755,0.896413
0.0040306374,-0.08540679
0.5173323,1.3938919
0.6996338,1.2569038
2.3705804,0.8016388
4.0812287,1.7465379
1.0771475,0.74450564
2.680268,1.4113411
0.8874673,-0.18994448
1.303715,0.23419923
1.0777756,0.75733125
2.4165363,1.3950351
1.517365,0.42112383
1.2196709,1.288571
0.54263586,-0.3857694
0.008589506,-0.057836644
0.0,-0.05669097
2.0592892,1.2136472
0.030276647,-0.099850126
3.9428375,1.2105513
0.034299392,-0.33602017
0.025695313,-0.29666975
1.7054943,0.27213934
0.020219263,0.09517111
0.016372235,0.41993022
1.2816035,1.1963118
3.2290225,1.3880773
1.9824322,0.36853787
1.6463838,0.8194436
1.5255963,0.84721965
0.0031145834,0.19182175
0.024729323,0.5119145
0.01028731,0.032095745
0.024916667,0.3237187
1.213945,0.8133439
0.5777837,1.1371859
0.5063423,0.9377216
2.243957,0.6566693
2.0248785,2.079469
0.89762294,0.93972856
1.1378611,1.6776594
0.0016028265,0.17129439
0.7797864,0.49295855
1.6970639,1.5105518
0.7042901,1.3819613
0.0,0.3791442
0.5749792,1.0867726
1.8205668,1.0800819
0.0,-0.007832937
1.3146298,1.3199028
0.010246106,-0.011139318
0.0021581366,-0.11385784
0.0,-0.07638068
0.6245505,0.53235865
4.293554,1.4984907
2.1124055,0.9450989
3.276749,0.97200245
0.97857827,0.017751694
0.9233132,0.55705637
1.1186186,0.6542033
4.0408697,1.2979196
1.5154096,0.83347225
3.5511668,0.996689
0.043657005,-0.036733083
1.276482,1.0337223
1.5266548,1.1258384
0.6648972,0.550713
0.008061275,-0.0454551
0.0,-0.037028246
0.0024581465,-0.008541599
0.0030318953,-0.35937095
0.009451149,0.019911252
0.024564702,0.26557064
3.3524377,1.6994325
0.49878228,1.1167637
1.361356,1.2528296
0.0474375,0.3215725
3.1980913,1.4714493
0.6395278,0.6913809
1.4308763,1.2467401
0.016511044,0.08552221
0.0055651437,0.006374426
0.031028302,0.66318005
1.7313215,1.0674216
0.0,-0.0579978
2.23668,1.2709154
0.52075833,0.3347316
0.0012458334,-0.16548878
0.62796307,0.4940615
0.0041527776,-0.14519826
5.1106234,2.9335313
3.282576,1.7912085
4.169039,2.136783
1.0899186,0.6062994
1.6026907,1.2792641
0.004517857,0.0803236
1.7663865,1.1716256
0.77451175,1.0178255
5.0635734,2.5329287
2.1888063,1.4222153
3.4200833,2.0847573
0.011285785,0.12808996
0.70255536,0.9980702
2.664965,2.1870499
0.78154457,1.2923293
4.172296,1.8337325
1.9805231,0.5964341
0.010151234,0.22886685
0.0,-0.17271462
1.3357333,1.9038825
3.7222285,1.8456062
1.4829541,0.5338727
2.0498111,1.332402
1.8677225,1.2562295
0.0031870154,-0.020977333
2.328532,1.4295825
0.0,-0.1818083
0.6639648,1.647819
0.7088362,1.7915912
2.0933611,1.2191278
4.682612,1.7029321
3.1829612,0.6175477
3.0655255,1.3640239
1.2344635,-0.23081952
2.4046755,0.05843752
2.570965,0.7715036
0.8019166,0.5948203
3.9765224,1.3559555
2.1555028,0.32517284
0.004894345,-0.22030461
2.4114914,1.2667681
0.57050383,0.6124469
0.529763,0.4315369
0.0,-0.03693571
1.2207624,1.2868189
3.6062417,1.2380604
1.0785934,0.30736205
0.007613426,-0.28169796
0.8616531,1.193811
3.0959835,1.3494445
0.002514526,-0.16412881
1.606332,0.3752443
1.2062625,0.80553937
1.1977657,0.85391885
0.0024042397,0.11326162
0.010963334,0.07332223
1.9306289,1.0115017
0.0,0.057863496
1.3868617,0.7321153
4.6164694,2.1614501
2.556068,1.0016127
2.8113577,1.7213899
0.83947086,-0.014685325
1.5876999,0.5223447
1.1538733,0.83728826
3.9971056,1.6459852
1.1260257,0.5234691
1.8906869,1.5238578
0.0014275174,-0.1120396
0.8481552,1.234053
2.7206306,1.2134143
0.7476993,0.17875576
0.0014656862,-0.3579708
0.69254464,1.216353
2.4872522,1.39085
0.013983844,-0.33269444
1.4122778,0.27328286
1.0559267,0.891267
0.9683673,0.9092928
0.024285866,-0.31446207
0.0017797619,0.23465836
0.009116506,0.6231061
1.6004763,0.9163239
0.034049712,0.79634225
0.0028337163,-0.5092815
0.78241783,0.71051806
0.0017457537,0.18197098
2.6984668,1.1888218
1.131196,0.42977738
1.418795,0.8887123
0.69268817,0.042798124
2.4580348,0.9889387
0.7453463,0.17293802
0.049833335,0.0941801
1.5459472,0.887139
1.8465784,0.8787937
0.0012021199,-0.21966466
0.0030397412,-0.410606
0.10914171,0.030933805
1.7914968,1.0136557
0.7244805,0.3482965
0.60167193,0.6386885
0.0021513605,-0.26937026
0.008495242,0.08605793
0.0023161971,-0.19067863
0.0078123515,-0.11162976
0.5078254,0.53296673
0.0032684554,-0.2536661
2.898621,1.1556065
1.2568326,0.44313657
1.3360299,0.92231745
0.67652696,0.13585454
0.006992913,0.13668892
0.5840677,0.5478759
2.134243,0.9971098
0.97436273,0.8931111
0.004911888,-0.13762057
1.2223155,0.8458483
0.030188259,-0.040833786
0.0,-0.05215483
1.2883414,1.1115302
0.5521752,0.27773407
0.0,0.039451323
0.007330609,0.53487444
0.59394604,0.5257173
0.005647321,-0.12001998
5.3997498,2.8572156
2.9753854,1.5004972
3.8542573,2.2990086
1.220553,0.29385707
2.3091798,0.88379526
1.7692837,1.1510813
5.4303794,2.2823036
1.8176938,0.93339187
4.196643,2.0685961
0.667687,0.8326607
0.0062767174,-0.20210987
1.7462106,1.7632513
3.8753958,1.7524028
1.7122623,0.34808028
1.4407147,1.6403404
4.6495986,1.8085474
2.3660486,0.4080393
2.0105834,1.1250321
1.8414603,1.2135588
0.008751572,0.403313
2.2684278,1.1853509
0.027689556,0.3924637
0.62491,1.6640964
0.0033343472,-0.3145208
0.0023129396,-0.16411519
0.0,-0.055931054
0.009290961,-0.096488975
1.4941963,1.159481
0.0015059524,-0.20201087
2.2426195,1.5900409
3.2932296,1.7764305
0.9226905,1.4891294
0.60211325,1.4161946
1.1669734,1.2121278
0.0,-0.06947545
0.004249354,-0.18237796
0.95365983,1.2419814
0.0,-0.13882229
0.0026103174,-0.117073424
3.555951,1.7956754
1.7849677,0.8455423
1.8070598,1.4193089
0.6073869,-0.05468125
1.3317639,0.4328843
1.0097808,0.7931148
3.3594067,1.3117795
0.8742911,0.38455775
1.3243523,1.1759466
0.8764559,0.9792198
2.626632,0.9472029
0.8362844,0.20824984
0.51314,0.9949624
1.8024464,1.1587131
1.206161,0.31671348
0.7187074,0.76415646
0.0,-0.16599688
0.5860718,0.7326397
0.0,-0.040407613
0.0,-0.08659265
0.9851486,0.6376147
0.0,-0.051141165
0.0,0.0011964664
0.87243426,0.41752502
5.33546,2.145985
3.3262396,1.0007333
3.68068,1.7335521
1.279615,-0.04717677
2.209083,0.46928728
1.7188802,0.8399483
0.5246805,0.6650053
4.797627,1.7393827
1.71925,0.61089957
0.008663554,-0.024278589
2.7201762,1.5954913
0.05182986,-0.27676964
0.0027685186,0.025970705
1.2490239,1.4395486
3.445666,1.3991758
1.3663723,0.2958732
0.028256014,0.53327715
0.0,-0.008906186
1.1830387,1.4157258
3.6822054,1.5658361
0.34037483,0.10817719
2.3359292,0.40201637
1.6390691,0.97401714
0.006229167,-0.2208578
1.7571468,0.99359876
0.0,-0.41913018
0.00291578,0.27382347
0.017682796,0.26379094
2.5034168,0.9683203
0.006219071,-0.23425001
0.0017607067,-0.19038114
0.0055935374,-0.18088433
0.0,0.2423079
0.008170506,0.48372504
1.4814378,0.84523535
0.0016789178,-0.14178959
0.0022014726,-0.11853693
5.44604,2.1390169
2.958375,0.9835236
3.38536,1.6931802
1.4220556,-0.033496432
2.2709763,0.47860637
1.1385225,0.85062385
5.3981347,1.6336439
2.1010613,0.53474593
0.018740742,-0.02655942
2.8305576,1.5164086
0.00083055557,-0.0372649
2.342187,1.2593232
3.7831187,1.2526709
0.02995222,-0.2163825
1.5648979,0.24579585
0.027408333,-0.028976478
0.0023750723,-0.44403547
0.0027408334,0.57918704
1.9556496,1.2695111
0.51442695,0.25542077
4.042378,1.4402021
0.045046102,0.0044176355
2.2671227,0.35473314
2.203136,0.88582486
1.9103163,0.90716577
0.0019033565,-0.1668104
2.0554435,0.79965436
0.0024285866,-0.073748864
0.64272857,1.2021366
1.9283515,0.71695554
2.6989834,1.9771423
1.2465016,0.84125996
1.389994,1.6044973
0.7643137,0.4427463
0.5428704,0.87753344
2.6037917,1.3903677
0.84509027,0.36214253
1.489683,1.2952603
0.72120345,1.124604
1.8109077,1.1070484
0.0,-0.022882894
1.5488625,1.2426057
0.56336164,0.31300846
0.513084,0.8197062
0.53973335,0.8399661
0.01265,0.28197685
0.6882212,0.8382286
0.0025675255,-0.24095723
0.69671565,0.6905677
0.0014201209,-0.0636912
4.502731,1.9264832
2.5622172,0.9065918
3.2305,1.5234531
0.98288226,-0.06684231
2.0130415,0.32153812
2.0834236,0.86835825
0.6336481,0.6940914
3.3369935,1.571036
1.4549085,0.48770392
2.1013055,1.4230713
0.005639575,-0.16941604
0.0054453644,-0.06558194
1.4671189,1.4931687
3.2434182,1.4220971
1.2203438,0.41775194
0.9306159,1.3851153
2.6402128,1.5389653
1.51276,0.4935067
1.2409738,0.8827366
1.2951983,0.91390777
0.0,-0.027010404
1.8149967,0.97768736
0.0012021199,-0.3541093
0.5499738,1.2335528
1.3782032,0.7505281
6.1238046,1.7440609
2.5927653,1.2661809
4.8443403,1.1268395
2.3070538,0.30771318
3.1909945,0.993237
1.805451,0.6243409
5.3599424,1.5944618
1.8834791,1.348447
5.1836143,1.134918
0.55752563,1.0823628
0.5202732,0.57186943
2.6598907,1.5145247
4.8381143,1.1371495
1.3802679,0.42339087
0.003945829,-0.20032498
1.3353565,1.349974
4.3748617,1.2627122
1.4841231,0.38925967
1.4102614,0.79487485
0.01147993,-0.14566094
2.5243201,0.5935664
0.0047833044,0.71011996
0.010578655,0.17841133
1.2087646,0.8792274
0.62139916,1.083227
2.1556737,0.43655103
5.1569185,1.5422788
2.9787376,0.8088788
4.2290926,1.1089185
0.5521679,0.028048549
1.4740072,-0.09773693
1.2527893,0.33438417
1.712105,0.59544164
5.3600535,1.6079651
1.8721014,1.0838357
0.0072127194,0.023116656
4.463643,1.2827419
0.0035595237,0.30524123
1.7054074,1.1864737
2.26941,1.2827414
1.2460427,0.65904474
0.03915476,0.37159783
1.0772265,0.9648293
1.1094948,1.3773938
4.8809805,1.8224756
1.823901,1.6783986
1.0081769,1.90104
0.71452737,1.5730648
0.8147127,0.68531626
0.6490915,1.1393601
1.1051606,1.9113344
1.4560572,0.8434247
1.2963041,0.83613753
2.7270608,1.6410377
0.9362183,0.90666866
0.51801753,0.84681034
4.0956144,1.4037794
1.3068584,1.3887898
0.87595016,1.4115494
0.5523027,1.0957744
0.58944,0.6028331
0.76936924,0.71340144
1.1079372,1.4217083
0.052393597,0.4235933
0.09795184,0.1398008
1.3952602,0.70893335
1.1929021,0.6746755
2.3167088,1.1733885
0.76143515,0.6491089
1.4695616,3.292854
3.3474925,2.8743327
0.9502758,1.5757457
1.8164443,2.3254254
0.8226224,0.5529982
0.6847774,1.2822326
2.893647,3.1788776
1.4929659,2.6039615
2.723474,2.4905465
1.7133008,1.4892237
0.0015484934,0.04748322
3.1097007,2.9865053
2.8070314,2.2318451
3.087516,2.5443828
2.5380745,1.4045442
2.3441632,1.5240796
1.0337634,0.9302108
1.6004244,1.2653284
0.6453785,0.26502416
0.8172188,0.57238704
0.00078309525,-0.0044552125
0.0013219453,-0.03376855
0.63402146,0.6944363
0.0119617125,0.36323103
0.24090232,0.86696064
0.14677595,2.280784
0.0019775133,0.14265618
0.9907056,0.35961643
0.017887544,0.39933348
2.0976202,1.2617848
1.1729206,1.1842431
1.0888283,1.5136598
2.7643712,2.0289633
1.4859946,2.4738996
1.5622451,3.5570092
1.5660393,3.2712567
0.59558433,1.0766252
0.57217324,0.56729066
1.6386541,2.8237803
1.9711056,3.8876956
1.533841,2.6644354
0.69373196,1.1845496
0.5464916,1.2943319
2.5019808,1.5403231
0.7832865,0.75266767
2.0147426,1.5786481
1.0324117,0.9474599
1.5010374,1.7146022
4.137547,2.175725
2.0072575,2.7642968
1.3281227,2.928998
1.0463945,2.4904625
0.85719836,1.4000131
1.3165417,2.026091
1.848087,3.0448728
0.5285607,2.0000918
1.3238478,1.271156
1.0944448,1.2775939
1.3283811,1.1472384
0.62342346,0.5555993
2.7972274,1.8120009
1.3828124,1.1870296
1.2645087,0.96577746
4.9270954,1.6027147
1.2265606,1.9195186
1.044412,1.8620664
0.54493034,0.92830086
0.006717141,0.049863994
0.5950035,1.0616362
0.9140487,1.809639
2.1800332,0.9610507
2.1947317,0.928321
3.6523938,1.2915406
1.2699659,0.6262201
0.6033328,1.2461973
0.5073537,0.92062545
1.2078762,0.9161748
4.4904428,1.4171534
1.1554971,1.3961983
0.8320016,1.301726
0.8306862,1.3245101
1.3192332,0.7289203
1.2966224,0.6905209
2.959163,1.2297049
1.1703275,0.7425451
0.59707457,0.47590512
2.8424633,1.2806633
0.0063048685,0.21324372
0.537207,0.3972071
1.6362474,0.9893465
0.0049726395,0.1722548
2.1545272,1.2460113
0.625791,0.8007594
0.58074266,1.134591
0.6239193,0.44560122
0.5400904,0.43819186
1.5586663,1.112429
1.3610103,1.1673189
3.9886508,1.6373757
0.97695374,2.0862749
0.9971449,1.7146041
0.6326757,1.2945503
0.5385964,0.84506005
0.8432984,1.5374833
0.013006426,0.58757937
1.5600648,1.006865
1.4660459,0.94398415
3.2131934,1.509955
1.3047467,0.73998296
0.001296138,1.0706351
0.0022020622,0.17615883
0.8851706,0.6947206
3.2300766,1.2622687
0.89070684,0.92798424
0.59866136,0.95849866
0.8809724,0.5387973
0.8495065,0.5259423
2.0473156,1.1010894
0.7268413,0.60137546
2.0404298,1.1096519
5.593379,1.6433955
1.6398681,1.8161837
1.1987582,1.6835078
0.705574,1.3301195
0.6857567,0.8510505
0.77364206,0.8922295
1.2051517,1.6662176
1.875533,0.8616134
1.859114,0.81743896
4.118534,1.4495791
1.7962466,0.87138855
0.8471172,0.8927264
5.2674055,1.4105705
1.5884292,1.673446
0.9026536,1.8065196
0.6634621,1.4887601
0.65823066,0.7099606
0.60904545,1.0530714
1.094695,1.842476
0.023434075,0.18068188
1.4434493,0.84102476
1.2407655,0.8205644
2.3735058,1.2240604
0.64627606,0.71492463
0.5298806,1.1586715
2.937379,1.2890433
0.6019207,0.8862995
0.75138783,0.5249937
0.66531897,0.5136559
1.3319668,1.0543835
1.3076264,1.130917
4.95296,1.7926131
1.4079434,1.9043932
0.97358555,1.8663012
0.021926668,0.50503445
0.5638147,1.4381262
0.62893856,0.87533903
0.10573754,0.3389447
0.64289445,1.0370586
0.91280055,1.8019414
1.9413313,0.93724215
1.9431126,0.9098681
3.239967,1.5537952
1.420474,0.7823876
0.69057435,1.4688941
0.54915553,0.99239725
2.7873337,1.6955494
6.2749467,2.3302484
2.608237,2.4605958
2.2967675,3.655126
3.0542798,3.4724834
1.2801889,1.1035892
0.83470833,0.72754025
2.80032,2.9573996
3.4116507,4.0182343
1.2636516,2.7413561
1.2591828,1.2481931
1.0666678,1.3827276
2.6638978,1.8035927
0.8621685,0.96125156
5.2648444,1.8481582
2.3182144,1.1244106
0.6911395,1.8664662
1.7281405,1.6525866
3.3917813,1.9546729
2.2845972,3.3543136
2.2430146,4.529681
2.4247785,4.2196913
0.95938236,1.828473
1.1921493,1.2900879
2.5025902,3.7682269
2.627724,4.820553
2.2693672,3.545771
0.7033424,1.1880811
0.8978108,1.9094089
0.7844492,2.0766027
3.4564333,2.4106624
1.3152096,1.6056367
2.3654547,1.4805852
1.4409178,0.9264244
0.0031870154,1.0778689
2.3145735,0.80903625
3.479793,1.0465196
2.0006373,0.875522
0.77384806,0.6470748
0.70528555,0.34428266
1.7974768,0.7377044
2.8836317,0.7087827
1.699978,0.6814495
2.2753267,0.654137
2.5619824,1.0484977
1.4688969,0.78941965
0.55989784,0.47122622
0.78636193,0.20816743
1.3857437,0.62167406
2.2728646,0.6871486
1.293038,0.63385165
0.6728781,0.5613946
1.9789746,2.699302
3.2838006,2.2380476
1.0863667,2.039064
0.002514526,-0.0009371266
0.97140735,2.2074764
1.9041579,1.9509121
0.59369695,0.8126883
0.0057701753,0.11590937
1.5601667,2.1761386
1.5086364,1.1482177
2.5305989,2.0905626
1.4994895,0.83564717
1.2864633,1.1589752
0.22808333,0.3066526
1.0599506,1.1786296
0.24091925,0.84389985
0.0029025467,0.6690699
0.91195,0.5699879
1.0906738,0.61048156
0.5858203,0.41572633
0.78565073,0.53282356
0.9545061,0.7900245
2.4353426,1.3336607
3.3099654,1.7951938
1.8037102,1.534045
0.2748241,0.2921918
1.6024433,1.1842889
2.593097,1.9230604
1.1756341,1.1079515
2.3774705,0.7300415
0.6022507,0.7376457
1.8226541,0.6154287
0.0038173166,0.32479218
0.004050493,0.29623812
0.027761664,0.3532757
0.76454824,0.6519024
2.5470254,0.99557596
3.880642,1.7589148
2.6136343,1.4255669
1.2258083,1.0198736
1.1609328,0.6401516
2.220299,1.2180394
0.8064981,0.7034257
3.2935166,0.9602453
1.7380384,0.9070063
1.0742917,0.51584584
0.72976273,0.8230039
1.5991344,0.32246006
3.6438518,0.6765907
3.3628137,1.2921015
1.9557984,0.9072233
0.7579588,0.53794825
0.54988503,0.7402508
0.70623404,0.2425738
1.5911126,0.63167703
0.52986795,0.32169867
3.0093672,0.7996671
2.0175772,0.7358019
0.501955,0.3462279
1.9105879,0.52988225
0.0036063597,0.1310609
0.64398444,0.42594063
0.66899914,0.33846486
2.1153045,0.7068631
2.5185597,1.0127422
1.3036528,0.72609127
0.044873998,0.3398119
1.4021337,0.55417675
1.8471048,0.69204426
1.1717265,0.6446415
0.9024779,0.66368675
1.4246594,0.5404703
1.489304,0.64005685
0.7512551,0.41826174
0.026765438,0.22747165
0.68268955,0.3523794
1.0798675,0.4753537
1.0816939,0.49483702
1.4989126,0.6039525
0.7892279,0.497843
0.89553124,0.5533483
1.0653658,0.44552281
0.57253426,0.42767796
0.004350529,-0.06418069
2.0351934,0.5866684
2.6513326,1.3854787
1.5258669,0.7692801
0.5871645,0.40107274
0.5181059,0.08451285
1.1581267,0.39048654
2.1408176,0.84307945
1.2148507,0.7640029
0.0049833334,-0.04401344
0.57586277,0.6021483
0.001539794,-0.11381107
0.6719345,0.53851575
1.5117558,0.58104324
1.9328533,0.6782305
0.94901353,0.48842344
0.87445635,0.4283497
1.4335414,0.5209535
0.8093948,0.50239307
0.517923,0.5383432
1.0550668,0.41951662
0.0018394855,0.06484951
3.0341783,0.77368844
3.198734,1.269389
1.7448443,0.892204
0.8068397,0.5514054
0.83583206,0.2501085
1.8567678,0.6951965
2.6261208,0.76907635
1.5713524,0.7083569
1.4082037,0.71171826
0.5733412,0.5573557
2.5229568,0.58897156
3.0687807,1.0629655
1.4830351,0.8671336
0.64925855,0.60813284
0.58307165,0.31363466
1.4341279,0.7206789
2.4368272,0.7041811
1.4019412,0.66314405
1.0803347,0.5805305
1.5942167,0.7576003
0.90231454,0.53259695
0.66877687,0.40988293
1.3618804,0.5805162
0.59198016,0.55562884
1.1605289,0.4145782
0.0011018425,0.10193771
3.3919265,0.80152184
3.0885365,1.2660958
1.8881538,0.97939074
0.694446,0.621654
0.5414444,0.66583836
0.6911173,0.31547046
1.4783448,0.6881568
2.875084,0.7996523
2.0114172,0.74702036
1.4590999,0.71066767
0.0011232924,0.078038186
0.6326625,0.6240304
0.69178635,0.55178326
3.380361,1.0717255
1.9586279,1.1837456
3.7556825,1.8330532
2.759444,1.6821016
0.68822026,0.78788805
2.4325533,1.2401097
3.1673653,2.0195463
0.60140586,1.0307491
2.1955068,0.65361893
1.558849,0.67204905
0.007543578,0.22173622
1.3513831,0.8048919
0.6237153,0.7126391
0.7268284,0.5463618
1.2994311,0.76054484
3.1776726,1.9857
3.9303281,2.652702
3.0412412,2.3397672
0.8025789,1.2433461
2.3019586,1.8788534
2.9746842,2.755969
1.7527277,1.6762278
3.2514405,1.0932624
0.96506184,1.123894
2.53658,1.0593334
0.53876954,0.64196503
1.61161,0.9543463
3.7418334,1.1023467
0.0,0.2894447
1.081518,1.1730391
2.08725,0.8701659
0.048367646,0.571246
1.6504583,0.43965214
0.76833194,1.3071164
2.7231505,1.1326846
1.4792439,0.5433088
0.664125,0.63662016
1.397825,0.42093578
0.0046454803,-0.03135425
0.0,0.02574613
0.0,-0.045959584
0.0,-0.17855778
0.759,0.2126132
1.3116845,1.251558
1.5896833,1.0636426
1.0963334,1.05981
2.4496198,0.86845875
1.5531389,0.35473698
0.84716666,1.1715502
2.4035,1.1461291
1.0530571,0.4662043
0.03426042,0.3625019
0.0,0.20854506
1.5074583,0.9081322
0.5024861,0.35704666
1.0963334,1.0500519
0.0,0.0071998015
0.012458334,0.05778326
4.019889,0.9298377
1.7012069,0.6029943
0.5285893,0.3752897
0.0,0.08893976
0.0,-0.18375641
1.4599133,0.58767915
0.0046064425,0.8386625
0.0,-0.088857
0.31671852,0.9559802
2.6449041,0.80052984
1.1166358,0.35405183
0.014488987,0.8038038
0.0,0.07235732
0.6395278,0.19590926
1.2117368,0.7527693
0.5090119,0.6242878
0.0,-0.16622123
0.0,0.0977663
0.0,0.29488856
0.0,-0.14889959
0.0,0.53855985
0.0,0.005162023
2.451523,1.9109038
0.024916667,-0.009016149
2.4439096,1.2095164
0.0,-0.0792548
2.2513988,0.49351826
0.9065833,1.5938083
1.8438333,0.5671568
0.00978869,0.3502638
0.6166875,1.2667476
2.140591,1.4863011
0.7491611,0.386242
4.493524,1.2130038
0.6287794,0.52378976
2.437899,1.0243814
0.0,-0.14301127
0.7308889,0.5382153
0.0,0.61987877
0.0,0.6468253
0.7867207,1.1490537
3.460302,0.9526174
2.3790433,0.42685872
0.0,0.04067477
0.88816875,1.200399
0.13704167,0.42447096
3.206775,1.1764921
2.1428332,0.5163817
1.1746429,0.7988515
2.9516666,0.663233
0.021926668,0.2765758
0.01713021,-0.09407247
0.0,0.43080968
1.7288333,0.55066824
1.8993495,1.3503385
0.019933334,0.5803935
3.3359857,1.1984763
1.7815417,0.9857944
0.0,-0.30573547
0.55673176,1.0972562
2.7408333,0.8745134
1.56975,0.35985333
0.5481667,1.2680931
2.561625,1.1971499
1.6559201,0.4750347
0.62377584,0.7321734
0.84608334,0.5826823
0.0,0.032998316
0.0013568482,0.21445662
0.017380895,0.52817845
1.9968928,0.6813844
1.3480425,0.5491667
0.0,-0.3449569
2.1281765,0.62496114
0.0,0.038674243
0.010748366,0.09576249
0.9629461,0.85246974
0.57676667,0.4402918
0.0015572917,0.011820167
0.0,-0.018413402
0.0,0.0028977767
0.0,0.3979686
0.70294315,0.7288469
1.7612392,0.7309256
0.897,0.5557717
1.1991146,0.58712316
1.153434,0.8942393
0.6173048,0.3898655
0.50395966,0.3575866
0.0,0.19831377
0.0026870915,0.26834133
0.003703829,0.26031533
0.25378087,0.16603684
0.010963334,0.25155792
2.1231809,1.6800779
0.6578,0.31326327
7.556869,1.4709779
0.0,-0.1390113
0.0,-0.046008527
0.015226852,-0.009204961
2.0708518,1.1919914
1.5160234,0.3957604
0.54193753,1.4423802
0.0,0.034242384
5.5913,1.4470487
1.4008703,0.49014565
0.8803889,0.81093
1.9185834,0.7634829
0.0,-0.13552728
0.10278125,0.30134794
1.6335367,0.80706656
0.022840278,0.0009130426
0.0,-0.09271441
0.0,-0.17726618
0.0,-0.05177501
1.8363583,0.74159753
1.6866667,0.998567
0.8112867,0.480529
2.0448465,1.452267
0.50756174,0.4685134
4.4108295,1.3122474
3.2567549,1.0879755
0.0,-0.08133931
0.0,0.29562432
2.4882467,1.0050673
1.9778446,0.41610113
0.644902,1.3898121
2.8248267,1.3168045
0.0065257936,0.084959485
1.965925,0.53074366
0.9417222,0.8270878
1.8119954,0.6754277
0.0,-0.06728019
0.005374183,0.26452807
0.0,-0.22672194
0.004420699,0.26519093
0.006136194,-0.29022264
0.0024916667,0.0897567
0.740025,0.42191195
1.612764,1.2454245
5.1484675,1.2029017
2.0784652,0.9546127
0.0,0.083982676
1.2578467,0.9956707
3.0149167,0.83423513
2.3484614,0.34448096
0.008305555,0.28375334
0.86310714,1.1595995
2.7646668,1.1189375
1.6935896,0.46700397
0.9592917,0.750918
1.1847473,0.56316835
0.005075617,0.029921412
0.0050444785,0.33225128
0.0,-0.053693116
0.0,0.012917895
2.6354167,0.3255557
0.530194,1.2272154
2.8353448,1.0236785
0.7765694,0.85689235
2.9318612,0.9074383
0.7153575,0.40828446
0.01713021,0.2614238
0.79339916,1.14487
0.5943605,0.48708287
0.0,0.36897516
0.5329398,0.37561226
2.139187,1.4090078
0.98213196,0.4402799
3.8969667,1.2163857
0.57100695,0.5434859
1.61161,1.0291867
0.014425439,-0.009878673
0.0,0.10319167
0.89823353,1.2237526
3.8020277,1.0334097
2.1165323,0.48003396
0.0,0.058323476
0.8611271,1.3187135
2.9618683,1.3008319
1.6512675,0.6162703
1.10825,0.7723015
1.8119954,0.65827155
0.018408582,1.1247861
1.774329,0.48552716
6.3671665,0.7743195
3.864575,0.45743188
1.8869584,0.9944008
3.502176,0.6091768
2.226927,0.3679855
1.3992676,1.079271
4.6594167,0.8196813
0.0,-0.19573653
2.8524969,0.42972448
0.0,-0.09014668
1.2059667,0.4689782
0.7308889,1.029236
6.495775,0.9750415
2.6312,0.61127675
0.56339353,0.25317997
0.6395278,0.9467747
2.055625,0.8651788
0.8989933,0.35266492
0.6779956,0.5499202
1.3205833,0.372703
0.017875,0.5546005
0.0,0.15871201
0.0,0.103334434
0.0,-0.22722247
1.299358,0.61660796
3.3598552,2.0268307
0.57308334,1.2855335
0.6861448,1.4200591
0.45488304,0.34015474
0.5800368,0.9793273
0.5513211,1.811492
0.9515518,0.9994106
0.0071274624,0.0022310242
1.9702809,1.7621777
4.071373,1.3965677
2.2276742,0.5807302
0.83591235,1.7602143
2.7403314,1.5923373
0.9941651,0.6220622
1.2022779,0.97183686
1.468784,0.7599241
0.005958333,0.050656445
0.0073088887,-0.01036866
1.3491408,0.48168522
0.03559524,0.046179242
0.7369953,1.7615472
0.5451213,0.47539195
0.7554422,1.1296228
0.007027778,0.029463
0.52525294,1.3598429
0.0027136963,-0.31109512
1.0371562,1.7307173
0.012974359,0.17958406
1.5357509,0.9813115
0.006599117,-0.06709909
0.53699857,0.3563496
0.7713542,1.2666627
0.0016314484,-0.17980996
0.007613426,-0.053564698
0.0069879605,-0.29834083
0.004249354,-0.034509018
0.00235409,-0.17809683
0.0141767245,0.32300383
0.003806713,0.3912703
0.0053048385,-0.08753339
1.322049,1.5583004
0.64398444,1.1733739
0.6068226,0.9210119
0.71753377,0.2936287
0.5813542,0.96735543
1.5408403,0.9453606
0.004906863,0.36089134
1.4746789,0.9912238
0.0068520834,0.47589028
1.560392,1.1279898
0.05451839,0.2531992
0.25923154,0.72975487
0.8752694,0.49539575
0.0,-0.073049076
0.0072127194,-0.0136421025
0.009728267,0.07358906
0.5429591,0.79346716
0.012638287,0.4556529
0.013704167,0.3987113
0.0078590205,-0.028884068
0.9588793,1.1870939
0.8423337,0.9121047
0.011505747,0.21626398
0.59869367,1.116299
0.0114076305,0.056156836
0.01010051,0.043730855
0.009781413,-0.041054763
0.0017237946,-0.20198247
0.003513889,-0.17350656
0.00602381,-0.052219637
3.8660784,2.937979
0.934887,1.944593
1.3569921,2.0901897
0.670987,0.80207527
0.7443684,1.5852047
0.012411321,0.7232683
0.70121604,2.40392
1.2891368,1.3200496
0.01270585,0.5018084
1.3470905,2.1495497
3.1035907,1.7532953
1.6886381,0.6684369
0.6518823,2.031509
2.5162714,1.8342336
0.016412176,0.18101195
0.021594444,0.28305122
0.06003213,0.392892
0.011550209,0.09281394
0.98440534,0.6338789
1.4132061,1.2622334
1.4644452,1.073213
0.010408228,0.28772703
0.011956655,-0.007991269
0.9709548,0.9426137
0.682998,1.5169744
1.1285784,0.94675267
3.0593119,1.845797
0.99759525,0.9551292
1.000207,1.3827118
0.71916306,0.0028135628
1.3079282,0.533585
1.0731714,1.5057648
0.84956414,0.5384369
1.583414,1.4419706
4.470334,1.2278627
2.2471673,0.4050753
0.01957738,0.0045783073
0.011187075,0.5075845
0.79379845,1.4148468
2.7998288,1.3957614
1.5221798,0.47926217
1.2595769,0.93158865
1.5332055,0.8300316
0.010027439,-0.27549604
0.009045655,-0.060022376
0.8441509,0.89704
0.019253789,-0.19526687
0.00788729,-0.24931511
0.009353412,0.031277455
1.2628816,0.63504535
2.8460863,2.1042783
0.52501774,1.1688772
0.63596827,1.5701464
0.57951343,0.8471267
0.724397,1.5679407
0.6766018,0.5715707
0.0063152844,0.010419801
0.7813698,1.3875593
2.458049,1.159715
1.6116782,0.36682838
0.02787288,-0.12996265
2.1970172,1.3981384
0.011183071,-0.18818754
0.92775995,0.435767
0.757895,0.9468144
0.96597666,0.8014239
0.0052372613,-0.27556187
0.6530533,0.60462224
0.006652508,-0.12855327
1.2673936,1.1031152
0.017176216,-0.2061266
0.17365585,0.34013325
0.006909664,-0.027505182
1.9780787,0.8669909
0.011094827,-0.23399678
0.008274214,-0.19823265
1.1835259,1.0237293
0.3234667,0.36528403
0.019145528,-0.013158642
0.008014132,-0.09955672
0.5430436,0.49267566
0.004934397,-0.27395383
0.0055557434,-0.059142984
0.008206088,-0.17696655
0.009500515,-0.39183548
0.009578181,0.051817954
1.2365713,1.175296
0.0027047698,0.078550756
1.5386286,0.84887475
0.53454113,0.27676934
0.011575163,0.84599626
0.9628257,1.1416454
0.006252852,-0.24188635
0.012767857,-0.17748544
0.007515996,0.3107421
3.5146966,2.5874667
0.76418877,1.3668665
1.248158,2.0489151
0.5622089,0.25884497
0.8522532,0.8737756
0.61273885,1.9932606
0.84704804,0.7691974
0.0040306374,-0.36856
0.0043853335,-0.22788396
0.87695026,1.7602011
3.2976813,1.60933
1.4884981,0.46114036
0.01495,-0.35905036
0.6196234,1.771947
2.704647,1.769167
1.2022685,0.5191418
0.011871783,-0.05383589
1.2577933,1.0727433
1.5954851,1.0444965
0.00934375,-0.11862319
0.007281151,0.46108565
0.9936101,0.7670635
0.010609677,-0.05183404
0.6351071,0.8899358
0.58658075,1.071997
0.030771758,0.643322
0.002875,-0.08119377
0.0059843524,-0.0055174977
0.018272223,0.79564977
0.009906626,-0.22996375
0.0060907407,-0.10691077
0.01749468,-0.0102597475
0.0065257936,-0.04856666
0.005910991,0.22934583
0.0064744093,0.14697152
0.0051713837,-0.041902155
1.9044762,1.6803435
0.053458977,0.79469234
0.0072127194,-0.17547002
0.70867634,1.1623234
1.8272222,0.9404478
1.1797764,0.35256526
0.011813937,0.0047253966
0.0082225,-0.03056597
1.4837784,1.1335653
0.5683511,0.41409853
0.6349804,0.78131074
0.9036185,0.62288666
0.003943645,-0.03938263
0.009290961,-0.2866346
0.019122094,0.29203224
0.5329398,0.27854612
0.021169038,0.08547954
3.1639528,2.1314871
0.7364389,1.1859976
0.9910996,1.6066991
0.87219405,0.8393383
0.85048026,1.7305595
0.99240243,0.66494983
0.9438404,1.5423785
3.4391828,1.3225981
2.0643275,0.42901465
0.6229167,1.6281091
2.8813436,1.5660948
1.4206104,0.51759523
1.0719926,1.0295202
1.5895585,0.89206004
0.010289818,-0.29324272
0.02380536,0.36069927
0.007928031,0.11735739
0.88384175,0.67820764
0.010678572,-0.17932767
0.011454229,0.005936768
0.88233435,0.63538694
3.4434059,1.9404829
0.6300854,1.0808014
0.7872547,1.4362359
0.686443,0.7283838
0.8674286,0.68148845
1.9131867,1.3092779
3.5630834,1.130007
1.9214716,0.36873674
0.0066849594,0.0055322945
0.003729025,0.08144239
0.8080203,1.4018482
2.730479,1.3710053
0.8703471,0.4636689
1.3802888,0.92570573
1.4001008,0.77395344
0.0059974473,-0.11563458
0.008758988,-0.07432241
0.0066158045,-0.066435345
0.006354446,0.06395447
0.0061179316,0.1152408
0.007716776,-0.07785558
0.009370371,-0.0022624284
1.175948,0.5108623
1.3459934,1.8733947
0.008628017,-0.16887385
0.69056594,1.3182405
0.010997171,0.061844
1.9592414,1.0998255
0.8019389,0.41148698
0.010235477,-0.232582
0.009529388,-0.043789513
0.9923784,1.258322
0.0021412761,-0.106024124
0.0,0.03814418
2.7709594,2.0338173
0.88785684,1.193703
0.9234417,1.4953783
0.6020104,0.16330144
1.0995278,0.7432977
0.010496808,0.23681751
0.85901725,1.6684831
0.87436444,0.68300223
0.0047255745,-0.016543858
0.010176362,-0.12390404
1.7490845,1.660453
4.0464616,1.3976454
2.0814135,0.5464455
0.016581554,0.019184746
0.77173954,1.6506497
0.15659153,0.7190409
2.4920416,1.587307
1.2129956,0.63925266
1.2716854,0.9991837
1.3881661,0.8689517
0.7269467,0.80663323
0.03800901,0.49724984
0.017814344,0.3855759
0.004831597,0.099548236
1.5703802,0.62829024
0.0044411654,0.3429833
0.01257263,0.00077658147
2.1891527,1.7286133
0.82519716,1.4790058
1.2130482,0.99941283
0.95311207,0.5851431
1.17975,1.3498719
0.0148884775,0.31778356
1.8093268,1.4864141
2.1974752,1.2482535
0.70675576,0.99448526
0.008701058,0.42911753
0.0,0.24231404
2.0211182,1.6981
4.0022516,1.1874145
1.6291993,0.60810035
0.022168506,0.0005781725
1.0710282,1.5308311
4.152122,1.2338406
0.02296177,0.049403705
0.70822847,0.51556325
0.016474955,0.12784936
1.5845443,0.7778473
3.1389754,0.47544825
0.0,-0.21180338
0.01957738,-0.21662155
1.154337,0.7989281
0.02090466,1.1073633
1.8247192,0.33404145
2.5224233,1.7940075
1.0082351,1.2898864
1.2974195,1.2267863
1.0504568,0.3663196
0.613345,0.9918498
0.53793967,1.7514378
2.3982291,1.2908852
0.5081418,1.6136624
1.965378,1.2576567
0.020371059,0.01115533
2.6258683,1.2964175
0.70649636,0.81861424
1.4617778,0.6322738
0.016855393,0.62244874
0.009966667,0.32864952
1.4423163,0.9506506
0.68363315,0.5538308
0.0,-0.23075691
0.0,-0.0034417212
0.0060907407,-0.04549434
0.0055935374,-0.032874696
0.0,-0.039378285
0.015226852,-0.017217316
0.0,-0.2622542
0.021083333,0.19635457
0.0,-0.086375766
0.0053220065,-0.3918781
0.0091361115,-0.33487287
0.0,-0.0684757
0.0,0.3364439
0.01713021,-0.055614926
0.014425439,-0.2489141
0.0,-0.3742927
0.007830952,-0.08986192
0.0,0.0688736
0.005204114,0.7624186
0.0021581366,-0.06363895
0.0,-0.026072152
0.002669643,-0.3839445
0.0,-0.04769229
0.0066849594,0.52929884
0.0,-0.065036856
0.0,0.059212454
0.0,-0.09309325
0.0035595237,-0.05555351
0.0,0.41269684
0.0,-0.035861887
0.0,-0.11418911
0.0,-0.3418231
0.0,-0.40790734
0.0,0.28957143
0.0,0.0038231947
0.0045680557,0.32591575
0.007944444,0.5510282
0.7126167,1.3052086
0.0,-0.092250295
0.0,-0.04757785
0.0030453703,0.36590847
0.0036063597,0.41927743
0.0,-0.10356138
0.0,-0.12647334
0.0,-0.022115432
0.005958333,-0.09410597
0.0020006082,-0.10853969
0.006252852,0.28254604
0.010963334,0.1769497
0.0015842967,0.06397425
0.0,0.058878034
0.0023425927,0.32381633
0.0,-0.0471254
0.004060494,-0.14049545
0.003079588,-0.066902675
0.003003653,0.53209406
0.0021357143,0.42234582
0.0,-0.08700106
0.0036382743,0.33850795
0.0,0.038923766
0.0013240741,0.13516343
0.0,-0.27042362
0.0,-0.2565399
0.0,0.22637701
0.0,-0.34339136
0.0,-0.14071658
0.0,-0.11985297
0.0,0.22630844
0.0,-0.054993495
0.0,-0.055073082
0.0,-0.0630523
0.007407658,-0.10139207
0.0,0.26665196
0.0,-0.045177065
0.019122094,-0.16739357
0.0,-0.14135268
0.008770667,-0.366548
0.021083333,0.029308453
0.007027778,-0.16019014
0.0010833334,0.23922458
0.0027408334,0.33234754
0.0020227553,-0.37704745
0.0030063984,0.4153688
0.0,-0.1325568
0.008841398,-0.076145835
0.0,-0.08524842
0.0,0.11311504
0.001702381,-0.22196177
0.0,-0.1154385
0.009616959,-0.1361655
0.013704167,0.08138827
0.0,-0.29888308
0.0,-0.05979771
0.0064744093,-0.35792372
0.0026870915,0.23867744
0.0026103174,-0.25364536
0.009451149,0.3295309
0.0,0.21220875
0.004350529,-0.20831072
0.0,-0.30549213
0.0,-0.14267072
0.0,-0.12330849
0.0,-0.26325002
0.004894345,-0.20792252
0.0,-0.08955143
0.0,-0.09606426
0.0,0.17977539
0.007830952,0.039326306
0.0,-0.21483207
0.014425439,-0.23924747
0.0,-0.0014110282
0.0,-0.06367664
0.0,-0.106807
0.043853335,-0.05174993
0.0,-0.124178596
0.0,-0.21954563
0.003126426,0.24073252
0.0,0.28679687
0.0,-0.15519762
1.102994,0.93475044
3.7787857,0.9504182
0.76423234,0.53431094
1.777214,0.6465669
0.5152767,0.37147033
0.007921483,0.10039741
1.461212,0.56383014
1.1348836,0.37148565
0.0,0.047439486
0.0,0.17020878
0.0,-0.037497506
0.005790493,0.008633554
0.0013704167,-0.0088945925
2.810285,0.91101086
4.1122975,0.7513312
1.6067805,0.45765123
0.77959114,0.3227462
0.0015484934,-0.061644167
0.0017265092,0.045293972
0.0031888695,-0.15796956
0.0038969195,0.027689312
1.4413756,0.46373317
0.003513889,0.016645122
0.008841398,0.15173976
1.2272388,1.0395805
1.9704369,0.85258913
0.8496583,0.2893339
0.5193158,0.64616346
0.0,-0.0852414
0.0072127194,-0.11625061
1.9968928,0.56843865
0.8777192,0.30255336
2.1584063,0.8792546
3.1561112,0.8280204
1.423465,0.41154304
0.7126167,0.5230796
0.5995573,0.37740496
0.96380955,0.5627829
0.004216667,-0.1409722
0.010151234,-0.08748118
0.6212556,0.2938487
0.009238764,0.34137413
1.690012,0.6572653
0.56158334,0.50026864
0.0,-0.052584194
0.0,0.009736873
0.007543578,-0.04530008
0.78158927,0.6737547
1.334857,0.63945997
0.005123053,-0.0100926235
0.00063152844,-0.0771751
0.0054095397,0.082803674
1.8709167,0.6786182
0.51162225,0.31288823
0.0025856919,0.49069738
0.9299256,0.6845633
1.9955986,0.5141155
0.0029921762,0.36349276
1.7015427,0.63885546
0.25375444,0.7108437
1.0773915,0.58995473
0.0027299137,-0.2004697
0.0,0.009082332
0.0022283199,-0.018708028
0.0036642158,0.2963733
0.0026354166,-0.047797553
0.0027619542,0.23920348
0.0027546063,-0.28575698
0.0,0.0467624
0.002787288,0.030843161
1.2918036,1.5785042
3.3131838,1.4813675
0.537625,0.73994565
1.7175889,1.1057909
1.5873994,0.89763165
0.87445635,0.4428066
2.2411158,1.2715186
3.2323713,1.0984914
1.3851236,0.5044956
0.5976539,0.66236323
0.72517884,0.48155078
1.4084839,0.84966993
0.71783733,0.38459992
1.7217903,1.1641527
0.6453101,0.025101908
3.9086666,0.9517361
0.80231667,0.29390702
2.0202594,0.7625698
1.3165789,-0.06788659
1.6875702,0.6017374
1.3436768,0.34818846
2.9235556,0.94977164
3.5051043,0.8551036
0.5792483,0.57660276
1.9865471,0.44660896
0.7330436,0.5777867
1.6445,0.44633842
0.6585277,0.6202327
1.0111717,1.1790789
0.018178998,0.5340305
3.7792418,0.99286747
1.3898399,0.7374078
0.5703896,0.18859586
0.0,-0.027186848
0.63492686,0.5746659
0.5514167,0.31410554
1.9271933,0.9260698
3.2006342,0.823024
1.2598286,0.40038434
0.63094354,0.3602802
0.0035457094,0.045632713
0.0014855466,-0.06112384
0.0024471725,0.24467883
0.0,-0.0509715
0.0016918725,-0.19132724
2.1620917,0.5644669
0.63875353,0.40693894
0.5108071,0.6876907
1.7436627,0.60201395
0.0024362963,-0.09290167
0.0046454803,0.2618102
0.00073480787,-0.08138294
0.0,-0.03793615
0.000593254,-0.04744602
2.026024,0.5876723
0.52325,0.38839707
0.0065257936,-0.082873724
0.0,-0.040892377
0.987596,0.6687814
1.4955417,0.58910906
0.0010113777,0.082037605
0.6050244,0.33272526
0.110145636,0.3977572
0.0051390626,-0.07288479
0.002669643,0.09840381
0.0014275174,-0.06389828
0.0,-0.18605193
0.0,0.122567154
1.2900189,1.4731889
0.001166312,-0.14892879
4.552829,1.2901825
0.6427907,0.45240378
2.0891242,1.1077254
0.7913051,0.043666445
0.004090796,-0.008810908
0.0034153687,-0.09904859
0.0,-0.07660917
0.6735226,0.9004613
0.9389053,0.3547546
0.0038603286,-0.2132136
2.2674167,1.0826117
0.09220315,0.28888494
3.7411323,1.0877123
1.7108246,0.4131759
0.69069,0.57467806
0.008565105,0.15469646
0.0033977274,0.34919927
0.0017913943,0.0542999
1.3459241,0.90779144
0.0,-0.040850803
0.0,-0.25484762
2.2535741,0.73550856
0.020054879,-0.09608484
0.009966667,0.11248383
0.004216667,0.18895209
0.008841398,0.32956767
0.015226852,-0.1994671
0.70153975,0.6067383
0.0,-0.050617613
0.0072127194,-0.062153652
0.0027546063,-0.22495136
0.0,-0.057005934
0.9592917,0.76095396
3.0841296,0.69290304
1.1403824,0.47152868
0.0,0.22159308
0.59906787,0.44879618
0.603444,0.32401794
1.1396097,0.71802175
2.2254794,0.61921334
0.7953791,0.3872072
0.0,-0.004009351
0.0,-0.11263626
0.0037545662,-0.052391805
0.005220635,-0.010970123
1.4711083,1.2725574
0.0037674685,0.018098537
4.477284,1.1130401
0.77744794,0.47579974
1.9567641,0.8440585
0.7932604,0.24504861
0.2690635,0.46684694
0.8408529,0.6964296
1.029255,0.3672453
0.0033424797,-0.047827117
0.0014895833,-0.07002919
2.3359692,1.0457475
4.045584,0.9230289
2.025261,0.44336846
1.0975735,0.420926
0.004693208,-0.07418103
0.0033390864,-0.27031276
0.008681373,0.022965245
0.0028003405,-0.03667573
0.0014128007,0.17565888
0.0029710932,0.33880726
0.76097727,0.6285449
0.0,-0.21351185
1.5566528,1.0416999
0.11627778,0.2215083
4.5533843,0.9620263
0.8674286,0.3832422
1.6897833,0.72136223
0.9026478,0.16914758
1.5784962,0.5775174
1.2783247,0.32488304
0.0046454803,-0.19532639
0.0044931695,0.34011123
3.0948713,0.87862223
4.079625,0.80992526
2.0578353,0.4205326
0.53750193,0.5401812
0.83095104,0.38545713
0.0029872842,-0.033647567
0.0033222223,0.28558978
0.0022840279,-0.013771214
1.3362004,0.5667045
0.6755185,0.1973767
0.6578,0.96459514
0.0021496732,-0.012604266
2.638052,0.77584654
0.91668206,0.57439005
0.84777737,0.56298196
0.010623385,0.119861625
0.5189497,0.33400476
0.0,0.06202805
0.008701058,-0.2708203
1.1587751,0.8063575
2.0891125,0.7573581
0.740025,0.40545198
0.0030538533,0.28209946
0.0,-0.058258273
1.7681799,1.11234
0.044257082,0.5153568
0.55399823,0.15027997
0.036940742,0.53567153
3.9607193,0.97945684
1.0290146,0.3457556
2.4502273,0.7694171
1.1425779,0.069185056
0.0013790356,0.0599112
0.0,-0.25228217
1.930118,0.60312116
1.3314307,0.35878503
0.005099225,-0.05897957
2.5797167,0.94348496
3.6573412,0.8598551
0.010374085,-0.31439385
0.50314313,0.60220975
1.6888461,0.48102212
0.73470354,0.57190084
0.0077864584,-0.1311673
1.3401797,0.41505307
0.0,0.027699042
0.006229167,0.008362927
0.8299311,0.5752988
0.002373016,0.10439691
0.0052980026,0.13832515
0.0,-0.005448699
0.6066531,0.29346928
3.889373,0.6170728
1.3116845,0.37721542
3.371225,0.3173817
0.9189853,0.3162285
0.01713021,-0.10266168
1.455344,0.3484741
0.93527406,0.28421924
3.2093678,0.75231504
4.990726,0.48006046
1.6886476,0.32283926
0.6680781,0.410417
1.2126111,0.18704346
0.0,-0.25146747
0.0,-0.0019499138
0.012458334,-0.03426128
0.013369919,0.14198047
1.6735206,0.19010502
3.09166,0.71417797
1.6866667,0.45286554
0.0,-0.062620685
0.0,-0.0570428
1.6812673,0.68576527
2.5458126,0.54818845
0.5581941,0.30835846
1.3011082,0.29351103
0.0051713837,-0.2745742
4.032702,2.8247051
0.62914586,1.7916788
1.7547634,2.0915225
0.0036302428,0.79962534
4.0361824,2.6201892
1.5454338,2.1523674
1.9096134,2.3507454
0.6290437,1.5829583
3.3131838,1.9647034
1.1914697,0.8165164
0.0068520834,0.0877691
2.1714902,2.3882492
1.6532011,1.3840867
3.8525248,2.1688821
1.9377751,0.8549863
2.0664036,1.4804425
1.2773317,1.255464
0.0027967687,0.19514102
0.01661111,-0.12430949
0.92138654,0.9617526
2.7777884,2.4000196
1.8241769,1.9026425
0.5824271,1.001241
1.7600449,1.9629294
0.5481667,0.9137232
0.64542204,1.7301024
0.015661905,-0.21651718
0.018272223,0.09446726
0.007027778,-0.09598226
0.0027408334,0.36061394
0.0057100696,0.15258335
0.0045680557,0.4680312
1.5565865,1.7421833
3.4199054,1.5662711
1.3099571,0.47901684
0.039970487,0.3515431
0.0,-0.21280685
1.9338756,1.7735153
0.8574893,0.8050892
3.0562468,1.7710706
2.0609643,0.54356575
1.7063898,1.2024585
1.4336667,1.1319511
0.104796566,0.4592603
0.018902298,-0.006612383
0.024916667,0.067824595
0.94875,0.8234101
1.3462329,2.4712162
0.0,0.39560512
0.7054276,2.0027761
1.0076014,1.9065715
0.0,-0.18784031
0.5005985,1.6418504
1.3973757,1.472789
0.6603562,1.8292023
0.63039166,0.917727
1.5226852,1.7974735
0.008923643,0.0214817
0.65447,0.6431684
0.5156483,1.0366645
0.0,0.043859534
0.0,-0.13919824
0.013051587,0.082071245
6.928257,2.39942
2.2975073,1.9278649
5.703873,1.656528
0.6667998,0.65623283
3.6321762,1.0388738
1.0746521,0.9248721
4.35488,2.1304781
0.8801549,1.5936729
2.623369,1.6872724
0.039708186,0.58571833
0.5338915,1.2739009
2.2406313,1.574879
0.0028550348,0.3804363
0.01842577,0.87823963
0.021926668,0.20940572
0.99339277,1.893532
1.083338,1.2842538
3.749708,1.6875244
1.201697,0.73411036
1.3265977,1.0194503
2.0646114,0.8218384
0.0032628968,0.19260588
0.003806713,-0.02194941
0.03087963,1.6440316
0.7290395,1.42215
2.1526544,1.7893933
0.5962515,1.3581786
0.014815316,0.5494919
1.3669473,1.6223866
0.0,0.12256912
0.00275,0.22128955
0.0,0.057295393
0.9563759,1.589137
5.6655455,3.5464382
1.8283364,2.4880362
3.7049334,2.6467981
2.0562131,1.6526951
0.93395627,1.5393926
3.3128333,3.082555
0.80702317,1.8998271
2.6817174,2.510523
0.5024861,1.46816
1.6277194,2.7002313
0.6578,1.8722991
2.9847674,2.2385488
1.3232813,0.90677714
0.008841398,0.09724915
0.026103174,0.09248008
2.2342134,2.5474489
3.227197,1.5027491
3.9821913,2.2842577
0.18442309,1.054977
2.6402934,0.84581834
2.8980281,1.7662905
0.934375,0.928299
1.5642805,1.5831387
0.92766666,0.46751285
0.0,0.098574586
0.0,-0.06541261
1.5162525,1.5423485
0.09561046,0.7756764
1.1530403,1.4140072
4.6012135,2.4922054
1.3959523,1.4025697
3.3722236,1.9914898
1.5949517,1.0704033
3.8766742,1.9877375
1.3260796,0.8513241
2.610576,1.8108505
1.5348667,0.3253441
0.77020884,0.8407356
0.63261396,0.6211306
2.372215,1.8821311
0.99072325,1.0242181
4.5726466,1.6889253
1.8377287,0.5452919
0.006264762,0.066108406
0.0038603286,-0.11157965
3.3353674,1.8061775
4.1757402,0.7738018
4.264869,1.8027754
0.5102081,0.79458
3.830416,0.5840416
3.689306,1.1934785
1.3418664,0.33545393
3.3618033,1.1667948
0.010748366,0.030340634
0.77295446,0.47067252
1.0200261,0.29124638
0.0,-0.2775809
1.1615913,1.2467897
0.0040705446,-0.098030604
1.2822059,0.87917525
3.6191876,2.6492531
0.5574054,1.5856862
1.9840589,2.0964777
3.2254446,2.1412537
0.62158185,0.9707689
1.8892173,1.8907166
1.0155278,1.7904178
3.11057,1.5857736
0.13356346,0.68815714
1.1536212,0.4942908
0.0,0.0018507168
2.0980592,1.8535064
2.3297083,0.91508067
3.8867495,1.8064919
2.7181818,0.57387394
2.0856028,1.2936609
2.1294167,1.1951268
0.0,-0.1317122
0.5095139,1.0056897
0.0029791666,0.011651821
0.0015226852,0.34643778
2.9067678,1.7384433
1.6582222,1.3378489
1.9971423,1.3748883
1.0052233,1.24462
0.0,-0.020052567
0.57182664,1.4009317
2.7784526,1.234305
0.8501311,1.4174086
1.300507,0.6173981
2.6069677,1.4311377
1.3837138,0.4828406
1.1024513,0.8561582
1.05299,0.7883457
0.0028580118,-0.0525456
0.0016550926,-0.03149672
0.005107143,0.41856465
0.0022792793,0.19768089
2.4645095,1.8308196
1.3384608,1.4792138
1.7457138,1.5994663
0.9438192,1.4025486
0.0,-0.18775925
1.715007,1.216445
0.93508595,1.5419565
1.1707077,0.7343036
2.2744613,1.5340768
0.0133337835,0.13975741
1.3208016,0.49328497
1.1052709,0.99352896
0.92171574,0.8856631
3.922206,3.1089113
1.1291296,1.8525866
2.613534,2.5304987
0.8513911,1.3972653
3.7477918,2.6319358
0.5824271,1.2414087
1.6503316,2.3316875
0.5791116,0.70299447
0.0,-0.15567812
0.7765694,2.2284071
2.5702927,2.0725753
0.018519145,0.17752272
1.0963334,0.62485045
1.7740058,2.2446883
1.7967685,1.0902272
3.9779122,2.2065983
2.4044862,0.6750937
1.8361666,1.4883214
0.0,-0.12207729
1.352619,1.4894918
0.59915894,0.32525605
0.003383745,-0.21638578
0.8078526,1.2168214
0.024471726,0.8892089
0.0022745505,0.39686766
1.1283404,1.7272414
0.0052372613,0.23203698
0.0,-0.029669061
0.0023425927,-0.03339673
0.0028256015,0.46173498
2.548091,2.3750217
1.3497868,1.8584356
2.2686503,1.8166103
1.0905018,1.5798217
0.021083333,0.09925381
0.8167408,1.4891576
2.4565988,1.2910689
0.866457,0.45284212
0.0,0.19285181
1.3573261,1.5830859
1.6735206,0.7902733
2.4701338,1.5567173
1.793,0.5399737
1.6740167,1.0456774
1.2529523,0.9220005
0.0066849594,-0.13863671
0.0,0.3003342
0.005481667,0.5729531
0.06525794,0.41191652
0.5971101,0.5832138
4.2485423,2.725383
0.9225681,1.6602738
2.505265,2.1460755
0.24383965,1.2170789
0.60786283,1.1370888
3.8607526,2.2971828
1.0033407,1.096306
2.7542033,1.9961057
0.61179316,0.66922677
1.2684805,2.0145874
0.5048904,1.1941649
4.875,1.780726
1.9094851,0.59943175
3.0402496,2.0268874
3.129118,1.0539298
4.4287424,1.9584721
3.6552346,0.667122
2.7592077,1.3981305
0.70043516,0.57967424
2.3097231,1.3064412
0.004350529,-0.19962716
1.1175652,0.35413125
0.8244935,1.116942
0.024042398,1.0828112
0.6916121,1.0337446
4.2779603,2.531975
0.72967076,1.4991753
2.3563335,1.9646987
3.8438222,2.128417
0.5938472,1.0120542
1.8190559,1.8532351
0.0,0.34308076
1.986805,1.7297629
0.7276549,0.9944751
3.5285788,1.5304123
1.1687884,0.5047115
0.013051587,0.29199427
0.01661111,-0.22465426
2.1819317,1.7884647
1.7871352,0.8555166
3.613463,1.7463845
1.5865161,0.58628035
2.0099444,1.2088325
1.2294595,1.1254
0.7809724,0.8332932
2.494938,2.5401747
1.3086861,2.0552151
1.6174043,1.8339113
0.7900049,1.6668018
0.68013275,1.6021348
1.6998523,1.4338181
0.73232865,1.6451515
0.7219412,0.7449216
1.888214,1.6627305
0.042399634,0.21117207
0.8239657,0.5653327
0.6828856,1.0964074
0.5352382,1.0356264
0.0037674685,0.38505015
0.0,-0.284837
0.005038297,-0.178292
0.0029366072,0.45342824
4.034636,2.760265
1.1606722,1.7533805
2.6057663,2.197998
1.2012,1.2244723
3.54315,2.2530599
0.98570937,1.0949311
2.206905,1.9989522
1.0215833,0.5263677
0.50171185,1.0039178
0.53145427,0.7862004
0.0024471725,0.19013473
2.5193703,2.1534503
0.9201369,1.3449388
4.1233544,1.9125701
1.6661154,0.72653043
0.0010003041,-0.28242853
2.755025,2.140197
2.7942178,1.147741
3.9856882,2.0711684
2.9645598,0.81900144
2.9362597,1.3010203
1.0963334,0.46647462
1.8175247,1.2508491
0.5434573,0.5641881
0.85910153,0.38283792
0.8569355,1.2165889
0.0,0.009285681
0.0025652149,-0.062351145
0.9358597,0.9254215
8.761966,2.6148086
3.1367314,2.224038
6.509479,1.7734278
0.9698333,0.85540205
0.65257937,2.010573
3.0981824,1.0675629
0.81452936,0.9855053
0.01957738,0.68746954
7.554663,2.322778
1.74317,1.9252849
4.3522544,1.7604637
0.99091667,1.6949239
0.6608037,0.9908184
2.4517088,2.2318447
0.8287758,2.1646087
5.173323,1.690426
0.006739754,0.44650617
1.1812831,0.88848436
3.6620579,2.1555927
3.4071393,1.5851644
7.3126564,1.8367543
3.5710049,0.7845403
0.007830952,0.31050196
3.7588573,1.1887172
0.96581745,0.95450115
3.0663073,0.90416527
0.7054276,0.3929958
0.0,0.11269971
0.9136111,0.9058019
1.4438318,1.4907316
1.2292222,0.65223825
8.045152,2.593578
3.3199449,1.9311005
6.500028,1.914042
1.2188647,0.7235527
0.46383333,1.5571395
4.922591,1.0722917
1.8582587,0.94046825
5.618708,2.471132
1.134138,1.892316
3.528823,2.0264993
0.8097917,0.77495503
0.87119347,1.5205996
0.024916667,0.62368596
0.7221042,1.0727842
0.52412426,0.9265294
0.0,0.54520464
0.74777085,2.1169102
2.6439352,1.7181972
1.5663356,1.8870375
1.78365,1.1174887
4.166447,1.7313865
1.8123307,0.6018814
2.161521,1.1331
2.8380888,0.9935524
0.81430554,0.28521237
0.0,0.037202306
0.005958333,0.17259444
0.0,0.23952335
1.3212456,1.3572904
0.0,0.07731201
0.0016314484,0.027461343
1.379098,1.5035272
0.006374031,0.73611706
0.56298196,0.92616165
0.0020646579,0.22474605
0.7695417,0.6340272
0.0022032422,0.10822315
0.0037545662,0.053070206
0.0022465847,-0.0048196316
0.0,0.015252799
0.0,-0.009894587
0.0,0.0028573424
0.0027896522,0.26173833
0.0053479676,0.4731092
0.8884868,0.6535409
0.5262915,0.29250777
0.012181481,-0.2221916
0.0,-0.18746313
0.004766667,0.010517783
0.0019033565,-0.34187508
0.008527037,-0.16082668
0.0,0.48420307
0.0,-0.1631327
0.0017682796,-0.060525388
0.0,0.27117583
0.0,-0.017754242
0.0,-0.33000892
0.0008181592,-0.30692136
0.0,-0.05993983
0.0,-0.14717951
0.0,-0.015509121
0.0019301643,-0.23163676
0.0006903862,-0.19742754
0.0024471725,-0.307372
0.0,-0.06138634
0.6951087,0.48930225
0.003513889,0.023564532
0.0036254409,-0.011898093
0.0,-0.009128921
0.0020403226,0.27806222
0.0,0.20626035
0.0009625402,0.06193246
0.0026481482,0.058122575
1.107597,1.5654025
0.0,0.104065165
0.0,0.33415982
1.3973757,1.0267513
1.0154563,0.46390092
0.0,0.5934344
0.0,-0.08912436
0.011963955,0.46033552
0.0012989731,0.17280638
0.5231362,1.1020161
2.438274,0.7733413
1.7333919,0.37679476
0.0066310484,0.03150481
0.0039015422,0.37741444
0.0,-0.08160841
0.005123053,0.041363575
0.0030009125,-0.37153652
0.0042825523,0.0023815148
0.0065257936,0.07125846
0.82012534,0.40710053
0.0,-0.018521287
0.6784906,0.66227806
0.004965278,0.29002988
0.0025456657,0.18015611
0.0018858945,-0.12562951
0.0047255745,-0.101009704
0.0055184565,-0.022285163
0.0014324913,0.2987469
0.005958333,-0.06101852
0.0009978762,-0.055775575
0.0071190475,0.3732696
0.0014230703,0.34393886
0.0021926668,-0.03478366
0.0013177083,-0.19785738
0.002119201,-0.06274198
0.007613426,0.089240596
0.0,-0.34979844
0.0,-0.1315479
0.00050198415,-0.06420471
0.0026870915,-0.020563863
0.0030453703,0.24776271
0.0010265294,-0.27761966
0.003079588,0.1947676
0.0018272222,-0.25863698
0.0018151214,-0.12115643
0.80751437,0.95348966
0.7511271,0.33300248
0.0,-0.17251399
0.0022651516,0.34200257
0.013208835,0.4385291
0.0,0.18095672
0.0014219629,0.06656078
0.0,-0.11060909
0.003164021,-0.34429973
0.005958333,-0.18008965
0.09225244,0.79170173
0.71500003,0.5069384
0.0,0.28505537
0.0,0.03137582
0.011420139,-0.17447293
0.0018519145,-0.30651298
0.0072604856,0.11284458
0.003806713,-0.11065229
0.0,-0.19939414
0.0033022088,0.9431319
0.003299724,0.6863291
0.0020006082,-0.059031308
0.0010265294,0.006403528
0.8716749,0.8057333
0.5087215,0.36292073
0.0,-0.11381043
0.0,-0.0033484772
0.002905477,-0.31062964
0.005270833,-0.07880113
0.0030453703,-0.29039022
0.0015311919,-0.0017158166
0.0015661905,-0.01875294
0.0,-0.10519751
0.0017682796,-0.0035419688
0.0011491964,0.26361677
1.2083104,0.61357325
0.65678954,0.30811948
0.0015059524,0.32340354
0.001986111,0.026751496
0.0,-0.3201957
0.0006359242,0.27360946
0.0,-0.107783206
0.001986111,0.2602015
0.003495961,0.07072176
0.0020705068,0.41815567
0.0030453703,-0.003612548
0.030149167,0.7616881
0.55294716,0.6612061
0.0051326468,0.036994584
0.0010541667,0.26557034
0.00145789,0.07834282
1.2503127,0.8105717
0.75088036,0.4471002
0.0013704167,0.10408704
0.0011420139,0.03270309
0.0026103174,-0.020508751
0.082225,0.4550707
0.0,0.10518349
0.0,-0.091864444
0.00047916666,-0.009984329
0.0026103174,-0.06313916
0.5073861,0.31747118
0.0,0.00047777593
0.0,-0.0329165
0.0,-0.08675704
0.0,-0.201359
1.8647037,0.5466886
0.8546417,0.3731266
0.003915476,-0.028613709
0.001845679,0.19451183
0.1265,0.15872079
0.0,-0.047882885
0.0,0.3438171
0.002045398,-0.057989433
0.0,0.38284662
1.0022451,0.58397347
0.0,0.793113
0.0,-0.050725378
0.0015935077,-0.0059063807
0.0,0.21540448
0.005481667,-0.0046993196
0.0,-0.20771638
0.0,-0.24727905
0.0,0.00022548437
0.0,0.05484981
0.0,0.36535457
0.0,0.10851823
1.1113061,1.3824873
3.3540661,1.342164
0.52369493,0.63371027
1.3204606,0.9870023
1.4606737,0.8857542
0.59776676,0.4080108
0.0,0.057425287
2.3544006,1.078472
0.0029954463,0.035291776
0.0047255745,-0.028008215
0.001539794,0.023032501
0.0,0.2557402
1.2938346,1.3165723
1.5219601,1.063037
0.0034694092,-0.06765013
0.0082225,-0.10365454
0.004894345,0.45479628
1.3841208,0.7884805
0.5048287,0.27725708
0.0186875,-0.08048461
2.0936005,1.0406206
0.030453704,0.08970614
0.005374183,-0.10522997
0.0069388184,-0.06171158
0.0,0.06489931
0.008305555,-0.09651559
0.010259804,0.0034850016
0.005339286,-0.10950685
1.6360232,0.99050057
0.013051587,-0.09126196
0.008841398,0.0136490315
0.8782248,0.9237268
0.0062103476,0.5042903
0.0,-0.052333884
0.0025378086,-0.14109209
0.0,-0.0075425208
0.72160554,1.0236895
0.026664216,0.61716545
0.86055875,0.49088258
1.0890169,0.8751729
1.2735938,0.49361822
0.94521713,0.4598587
0.54591084,0.45621097
0.006788442,0.12373067
1.7881526,0.6158212
0.0022792793,-0.06425513
0.0037205883,-0.021762483
0.0,-0.073910214
0.8339297,0.9358823
0.0,-0.14252281
0.006411306,0.20278198
0.0014656862,0.15412578
0.0,-0.13242605
0.0,-0.18264788
0.0,0.05563318
0.0022328582,0.11063091
0.0051090093,0.3644968
0.007341518,0.041557252
3.3232605,2.0856721
0.82003963,0.8504787
4.3502374,1.7748135
1.1543125,0.7510727
1.8158021,1.3614873
0.0,0.017748572
0.009616959,-0.060981624
1.6744419,1.2050018
0.51262003,0.43832812
0.0,-0.10533797
0.003011905,0.25696954
2.9043422,1.3645917
0.7738271,0.46336833
0.73252034,0.85685635
1.1080798,0.6568444
0.0,0.3249884
2.6152356,1.3983954
4.181163,1.1184505
0.8903344,0.3313473
2.3714166,0.8724078
0.60298336,-0.017113857
0.0046383333,0.39290416
2.5589895,0.8019489
0.004397059,-0.16944554
0.65825874,0.3246439
0.8592883,1.1136818
0.71999586,0.29971153
3.73175,0.9906733
1.39002,0.41068506
0.9871798,0.6896128
1.4738443,0.5048075
0.007027778,-0.046706542
1.7184516,1.5954378
3.5346544,1.2435329
0.5113495,0.3805281
1.6590961,1.0198416
1.4923712,0.8473189
0.009259572,-0.028197363
0.012211634,0.7047511
2.568097,1.1137805
0.7508639,0.39224964
0.6892628,0.53464884
0.008655263,0.030177303
0.0066044177,0.020034596
0.0,-0.10235403
0.0029003527,-0.32956535
0.0,-0.0866032
0.0031944443,-0.17953375
0.00055821455,-0.07129399
1.0332794,0.8564449
0.0070367996,-0.0062004924
2.1111996,0.72029805
0.50927234,0.09166849
0.8935487,0.53309536
0.6758534,0.55921674
0.0034606482,0.09372218
1.4497031,0.69404745
0.0022726646,-0.0024940744
0.0016883984,-0.07429501
0.007546725,-0.03476558
0.0041976725,-0.06806527
0.0018353795,-0.024537005
0.004339931,0.2643272
0.0023627873,0.29962927
0.0031028301,-0.03773445
0.8876404,0.7746696
2.1126459,0.71593785
0.74825794,0.49388805
0.52325,0.50281864
0.0,-0.1109994
0.0,-0.19103312
1.3111793,0.7418331
0.0042603626,-0.06417637
0.0017251509,0.020756338
0.001539794,0.26528975
2.2796092,1.9002508
4.213605,1.5697178
0.60969555,0.46585745
1.8642606,1.3907248
0.005270833,-0.23386765
0.69610935,1.1971713
0.0,0.05459702
0.0,-0.16712165
2.6046429,1.3841809
0.6742833,0.41211408
0.0049833334,-0.05077903
0.0054273927,-0.0022961497
0.0013468468,-0.17389566
0.0012904112,-0.02170083
1.0983711,1.1458458
2.754269,0.91172004
1.0827984,0.69094366
0.0,-0.05526475
1.0439351,0.63772976
0.0045935754,0.041980688
0.0008181592,-0.04317224
0.0057100696,0.30056614
1.636131,0.8341352
0.0031503832,-0.1449376
0.010151234,0.18225908
0.10783607,0.14262068
2.3060596,1.6407958
4.1880465,1.3849038
0.8338778,0.44818315
1.9324318,1.1190813
1.5619448,0.9681294
0.00145789,-0.07940101
3.2400656,1.2038395
1.1195674,0.3924174
1.0459769,0.5931535
0.00433905,0.22234288
1.5944065,1.4509748
0.005054019,0.2648521
0.0014815315,0.10687444
3.6617954,1.2672325
0.55050427,0.419924
1.2483832,0.9978341
0.0048387977,0.3445548
1.4804676,0.8167114
0.52544475,0.3142425
0.0047012577,0.3410004
0.0039477022,-0.012497254
2.508833,1.0434582
0.0022651516,0.15827113
0.0026870915,-0.20521098
0.31821012,0.3339274
0.87923485,1.3649276
2.1434174,1.0057759
0.70463157,0.83854365
0.0035537547,0.21581122
0.0,-0.174837
0.7448772,0.78884065
0.0011916667,-0.03506133
1.0892094,0.98825526
0.004621979,0.094307415
0.0046851854,0.027787305
2.2672405,1.404041
0.15133436,0.7334006
0.004554255,0.065142505
3.929662,1.1978137
0.6669644,0.40358797
2.0954113,0.92518795
2.33176,0.8624701
0.7275501,0.3864588
0.0026959016,0.18959129
0.0018031799,-0.13971448
0.6366124,1.207582
0.5409739,0.41810036
0.0065867826,0.0026835129
3.0459018,1.0708236
1.0634761,0.49758503
0.005985728,0.06277797
0.70591474,0.69568455
1.1853398,0.5028223
0.0,-0.033469222
0.57841665,0.41324273
0.9607836,1.0641853
0.7837512,0.47154036
2.7740731,0.91242003
2.4409971,0.6436231
2.515869,0.47052702
0.0,0.03477081
2.458072,0.61428475
0.0012346096,-0.015981376
0.0,-0.019060485
0.5600098,1.0816034
4.720571,0.7059732
0.01390965,0.0035972819
0.59520674,0.34663305
1.5703769,0.1767517
0.0017855592,0.026770685
0.0048510325,0.25198072
0.002396357,-0.036663085
0.0038940802,-0.07044222
0.0019066667,0.3091893
0.0020202703,-0.07798471
0.5298945,0.1282807
1.8742464,1.1803885
1.9170774,0.54997224
2.478413,1.1493677
1.7218056,0.73523235
1.7858694,0.7594949
0.8975164,0.6911582
0.008108974,0.020034187
2.474285,0.8031453
0.8111084,0.29060835
0.0046454803,-0.08700109
0.013842593,-0.14337271
0.009886773,0.25942454
0.0,0.50973326
5.8691864,2.495241
2.9588177,1.5847138
3.569016,1.7110584
1.1420139,0.5770788
1.9657187,1.2062321
1.3632905,1.0211529
5.1742425,2.2620313
1.8852694,1.3433647
3.1695552,1.759675
0.0,0.038676962
2.0231307,1.9472637
3.0287313,1.5447646
0.6550079,0.55654275
1.3611104,1.8747164
3.4449553,1.6766347
1.3214957,0.5643181
1.2346902,1.199909
1.131623,0.9641198
0.0017972678,0.020397238
0.0019347059,-0.14674875
1.9408867,0.93698835
0.002060777,0.17299053
0.5946854,1.3044878
0.66610557,1.3462621
1.3673713,0.76904285
3.7983673,1.7592058
1.4087883,0.8787397
2.6051667,1.3723906
0.53262585,0.06031514
0.9002551,-0.06129802
1.6682725,0.45762232
1.5500344,0.7378847
0.028699826,0.05942931
2.8666978,1.4096525
1.573,0.59504217
1.4107231,1.2519327
0.550395,-0.24149674
1.8643006,1.2246459
2.7232854,1.1251919
0.74971133,0.26785612
0.016474955,-0.034684382
1.1044682,1.2762657
0.29069445,0.40154248
2.698158,1.3346224
0.053486165,-0.31638286
1.2825263,0.349798
0.92290205,0.8522116
0.7506146,0.7926487
0.017265093,-0.040485874
0.0124286,0.26825842
1.5395377,0.7749903
0.01426456,-0.17512226
0.01872619,-0.22481617
0.013051587,-0.026126005
0.5721648,1.0454302
0.015741272,0.15124866
0.5174092,0.9560173
1.7613461,0.6368602
0.12964937,0.09791107
0.017726783,-0.18679038
2.1822722,1.9322778
1.1127455,0.8990086
1.1353452,1.4945954
0.63094354,0.4989961
0.0085493885,0.4235857
0.6885185,0.82833064
1.830552,1.335459
0.5674006,0.40002877
0.81450206,1.1846365
1.1913716,0.99705887
1.0912733,1.2047184
0.0035595237,-0.042862497
0.5862133,0.52458596
0.016009541,0.6216448
0.5104306,0.40541002
3.759794,1.5832024
2.2669737,1.2420933
2.4806864,0.9037132
0.77590644,0.3174112
1.0412719,0.93516713
1.2829251,0.62913376
3.5967577,1.4111754
1.4062344,1.1678691
2.6542377,0.98559004
0.0033022088,0.22313905
0.63804334,1.0135999
1.5654167,1.0802726
0.62786084,0.49549124
0.025979463,0.28600827
0.518647,0.69420946
0.0050137197,0.22526637
0.0,-0.07712283
4.1827703,1.5020565
1.134138,0.91488063
1.617507,1.0646555
3.8897908,1.2750268
0.8584497,0.5134009
1.378807,1.0792196
0.0019033565,0.0031999424
0.54382044,1.2791605
1.3016185,1.0400363
0.0,-0.15614632
1.5412866,1.2210468
0.0028159246,-0.20379868
0.006325,-0.15142298
0.017682796,0.38112262
0.0044502546,-0.26003373
0.0,0.035361525
0.6556503,0.41152242
4.7131224,2.94737
3.007373,1.9781748
2.986493,2.056266
0.67897916,0.7169064
1.0675582,0.7723212
1.304875,1.545794
2.099229,1.1485215
0.53471756,1.0035349
4.776536,2.526085
1.9490371,1.6324055
3.1153235,1.9790043
0.57179457,0.97731346
2.4097722,2.1478355
0.66007054,1.44049
3.3829346,1.7246321
0.012356216,0.49916407
0.7792675,0.60727656
0.0023627873,1.461707
1.1085148,1.9850438
2.8921373,1.7765218
1.0807086,0.54957235
1.3536605,1.3018142
1.1226875,1.1485043
0.012371818,-0.03203299
0.015856061,0.16799395
0.55541116,1.1535585
2.4042318,1.4194196
0.0097192675,0.54422975
0.7664182,1.5145456
0.0,0.49676868
0.64210135,1.802854
2.0765843,1.1613365
0.103492044,0.34980997
4.1812286,1.6966871
3.0716627,0.7441784
2.7486846,1.2948078
0.76328385,0.032393612
1.2257171,-0.14510798
2.0964606,0.24075401
2.7149258,0.7366325
0.79522485,0.56701964
3.2604847,1.3196297
1.7108456,0.40431535
2.347452,1.2030193
0.60422915,0.5662003
0.0021926668,0.43532562
0.90159553,1.3154744
2.7278087,1.1966404
0.0031004902,-0.060974352
0.0038303572,0.25193635
0.92428774,1.2736632
0.7324641,0.30663165
2.8161943,1.3253446
1.2904875,0.37666744
0.91585034,0.8185481
0.7835862,0.80184174
2.1531224,0.97742236
0.59749585,1.0396714
0.009859113,-0.032332726
0.9243595,0.69251454
4.3969007,2.1405559
2.769626,1.116814
2.8460138,1.6254176
0.9641475,0.12131197
1.8318835,0.71589684
1.5332673,0.8520489
3.5038493,1.6069578
1.5191307,0.6677409
2.0676162,1.4039308
0.7368902,1.2542003
1.7508185,1.1382552
0.63499165,1.328483
2.120026,1.3540177
0.8949159,0.34193724
0.63096666,0.9349738
0.5505026,0.8535475
0.0055935374,0.28586388
0.0,-0.00020358711
0.0031625,0.2436449
1.833523,0.83134854
0.022210201,0.3884974
0.58335304,0.62174153
0.016971104,0.39070186
2.493527,1.1338445
1.1936778,0.47758228
1.2717164,0.7728713
0.77462476,0.18097636
0.5795249,0.5606874
0.009242009,-0.011426024
2.309455,0.9266217
0.82822275,0.19615144
1.4377561,0.78332853
1.3485886,0.8447133
1.735181,0.9427208
0.8165494,0.055468872
0.5821851,0.2587665
0.0021638158,-0.025834598
0.6249438,0.5931848
0.0018730068,0.48839197
2.7375367,1.1971167
1.3784161,0.58935463
1.2342039,0.86943173
0.70862687,0.3817657
0.7797585,0.51536995
1.8182935,1.060723
0.5669252,0.39939147
0.90231556,0.89096904
0.0022283199,-0.21859717
0.0,-0.035812728
0.6537223,0.8028469
0.0020763888,0.5378386
0.9653783,1.0565879
0.01850664,0.10175633
0.021997463,0.36378387
0.68480957,0.46037924
0.013178638,-0.234581
0.0035595237,-0.072915785
0.0007898655,-0.24134791
4.991417,2.8423517
3.6128564,1.602569
3.8673015,2.2088523
0.6814708,0.47610185
1.3461101,0.45601967
2.0949373,1.0759653
2.2780564,1.1528331
0.54793555,0.97662455
5.367896,2.324514
1.9820286,1.1408831
3.3993948,2.0097523
0.75295925,0.861201
0.0013773032,-0.32329315
1.5253094,1.7768339
3.2230408,1.6533576
0.0041685677,-0.35233244
0.78947604,0.38856715
1.0353286,1.7518185
3.4581797,1.7695438
1.3920735,0.42046264
1.1402378,1.1443864
1.015396,1.1533936
0.642553,0.8827277
0.004350529,0.37476173
2.5050108,1.1190468
0.00083055557,-0.08121804
0.003771789,-0.108378865
0.6058684,1.5663961
1.5035799,1.0831777
2.2587535,1.4438221
3.3375494,1.5500349
1.1317662,1.2651696
0.0019671053,0.26000392
0.0,0.09311458
0.0010039683,0.28510684
0.0044385963,0.24945983
0.0,-0.06561839
0.6143437,1.4330647
0.7403888,1.1261328
0.052935705,1.270564
0.6328176,1.1626941
0.0014735663,0.34443545
0.004015873,-0.013872229
0.0028850876,-0.03933625
0.001611307,0.12637016
3.4892697,1.7661377
1.9836781,0.9206845
2.126067,1.2825214
0.6103733,0.06904944
1.352444,0.6099433
1.3825864,0.7429341
2.83248,1.2600356
1.3079673,0.46844396
1.5146711,1.0524821
0.0,0.29869747
0.0,-0.09666104
0.0,-0.009264141
0.7196469,1.0007524
1.7111349,0.8537528
1.6524733,1.0496801
0.7397927,0.27033693
0.5509492,0.7752509
0.5446973,0.6455622
0.006876643,-0.25963116
0.0,-0.09047369
1.2784661,0.52331
0.009616959,0.5414502
0.7616967,0.36031064
5.496471,2.1319456
3.742831,1.109147
3.427299,1.6265275
0.6912301,0.19381914
1.3574144,0.08323815
2.21477,0.66008097
2.0968294,0.80672526
4.4201617,1.7195925
2.0063589,0.7693701
2.9016364,1.4896463
0.582715,0.6405674
0.0024736763,-0.040990613
1.086702,1.4231704
2.6138284,1.2712697
0.0046454803,-0.234371
1.0530571,1.4681382
0.5855114,0.5532156
3.198643,1.4646871
0.61185706,0.100363165
1.617434,0.37232894
1.1247357,0.9743314
0.9774686,0.9108237
0.0011051748,-0.23966211
0.0021666668,-0.1195372
2.5600986,0.9430446
0.0011209953,-0.25630835
0.53331697,1.1675984
0.0060623786,0.095108025
1.0898516,0.75811565
5.2738566,2.096743
3.478534,1.1245259
3.5530376,1.5643591
0.54527926,0.22034132
1.4605738,0.1301572
2.3143404,0.6786698
0.0136528695,0.39663276
1.6446475,0.84432316
4.9462748,1.7097343
2.1617048,0.8295567
2.926279,1.4702349
1.9301552,1.3186225
2.7603147,1.1564409
0.013877637,0.39624697
0.51600426,0.29699108
0.0021861084,-0.16503027
0.0026908603,-0.06519912
1.426413,1.3538178
0.5343002,0.46445516
0.048367646,0.12765694
3.4763527,1.3360065
1.4169997,0.3611688
1.5008571,0.9399547
1.2320143,0.838658
0.011232924,0.41665283
2.161012,0.8681587
0.0053317123,0.10563323
0.002055625,-0.2212772
0.04222854,0.26173678
0.646637,1.1014444
1.5153508,0.6440154
2.3649914,1.872699
1.4958254,0.9326061
1.3406795,1.4456077
0.9302745,0.578827
0.85398424,0.8226701
2.3172746,1.2983031
0.8487191,0.42190596
0.005958333,0.050198533
1.103546,1.1495181
0.003011905,-0.033268765
1.129698,1.0017747
0.0,-0.09642822
0.0018645125,-0.095556356
1.3750154,1.1415703
0.89100736,0.06074874
0.0051771295,-0.3046904
0.008476804,0.5596285
0.0018333334,-0.26906335
0.004535658,-0.20714822
0.0037244183,-0.2731952
0.0043021585,0.33689517
0.8263797,0.6702868
0.003007184,0.10536726
0.0011813936,-0.20831409
4.0962095,1.9811989
2.9058523,1.0909637
0.2983692,0.4420574
2.652249,1.502479
0.60019606,0.18649507
1.0373487,0.06499507
1.8994509,0.5462142
2.3550284,0.83984244
0.6146432,0.6679581
3.6481383,1.5568722
1.7508607,0.61108977
2.152184,1.3836745
0.5820338,0.6850302
0.0039379788,-0.07687233
0.997233,1.5495547
2.4477494,1.3579911
0.0,0.046242617
0.001957738,-0.3035174
0.9789273,1.497327
0.558915,0.52915215
2.5889735,1.4958535
1.2264293,0.49461874
0.880869,0.9233744
0.8895986,0.86964536
0.0038603286,-0.17634282
0.0019060037,-0.058844015
0.0051326468,0.41062573
1.9855586,0.95766664
0.69929487,1.1524732
1.065687,0.706885
6.0420775,1.7943949
4.106059,1.4898764
0.53941935,0.91246754
4.7671556,1.0454323
1.1774002,0.32539955
2.5775902,0.52110994
3.2812793,1.2538136
3.0152183,0.6436453
6.007627,1.658943
2.5902805,1.5707242
4.8020415,1.1054186
0.23351504,0.4697623
0.8175993,0.639853
0.002045398,0.39396045
2.2082508,1.6528554
4.1335297,1.1718297
0.0,0.21362445
1.3510928,1.4534687
4.8829813,1.2224317
0.5201077,0.16355199
1.0012139,0.45793968
0.9787302,0.8558093
2.436756,0.56184053
0.0010401645,0.00333146
0.62237185,0.7565708
0.3976567,0.37759602
1.6206666,0.79085815
0.6280009,1.1349798
1.8281093,0.4906009
0.06583852,0.35460287
4.4258127,1.8024253
3.1685696,1.3429471
3.4260416,1.1807375
0.8036681,0.30910203
0.0025856919,-0.21570894
1.2410146,0.3294433
1.3789595,0.92355204
1.887334,0.6828401
5.0732675,1.854527
1.8507993,1.6218916
3.9078362,1.4211465
0.025507756,0.40555817
0.0059908926,0.6710815
0.8992336,1.3751296
0.001986111,-0.078388356
2.2054007,1.3382843
1.4070673,0.6776514
0.004705293,0.04400678
0.005204114,1.369497
0.00084074645,0.09427112
0.0019537508,0.0829365
0.0007613426,-0.02030266
1.1746429,0.94449466
0.014425439,0.76194835
3.0683653,1.0442759
0.8928613,0.58685166
0.0014296448,-0.021377116
1.1090411,0.59355056
0.00090456544,-0.009579197
0.0013983843,-0.035057686
1.3969408,0.70516574
0.0038969195,0.027256075
0.004346348,0.24841931
0.0018645125,-0.03410425
0.90963274,0.1246902
1.1753484,0.90834796
0.5481667,0.40314206
0.012748062,-0.12070725
1.0603426,0.5127437
0.017601682,-0.3518687
0.09660901,0.91985095
1.2539313,0.74532366
0.023833333,-0.06076605
0.008728769,-0.29765078
0.021160847,0.27108347
0.96803904,0.21231636
1.1257745,0.72128516
0.0028431881,-0.28759947
0.0008701058,-0.09576177
0.0022624803,0.26290116
0.0035839041,-0.064817145
0.001742055,-0.060492672
0.0016461462,0.121486865
0.028550347,0.26529032
0.0047255745,-0.05781407
0.0044931695,-0.10389153
0.0,-0.21912014
0.0027967687,-0.0333061
0.0015026499,0.20314896
0.0,0.049330913
0.0089375,0.06765759
0.0,-0.076601155
0.006254338,0.79019165
0.0008618973,0.0075620525
0.003537902,0.07038801
0.0006090741,-0.08132122
0.001542683,-0.009574525
0.0029817596,-0.028466173
0.0013026774,-0.08456052
0.0032641923,0.34530342
0.0028850876,-0.043096997
0.00598,-0.044199705
3.6297522,1.7402732
1.2978652,1.1129289
0.0022404632,0.21188092
0.79714316,0.9540507
1.386093,1.0668578
0.0031145834,-0.0382863
0.00352897,0.34068716
0.6925172,0.48688117
0.0,-0.14404497
0.7911613,1.246883
3.6376605,0.95935965
0.77903867,0.34457144
1.4238726,0.62468415
0.0036222467,-0.119871505
1.3826891,0.49536857
0.0016217949,-0.2110897
0.0035727809,0.08156696
2.0335417,0.77448255
0.5326083,0.38160637
0.006173048,0.10065095
0.0026481482,-0.15605876
0.8934685,0.3421085
0.41712683,1.2521719
2.86127,1.0593978
0.8543839,0.6877626
0.013369919,-0.032396078
0.003383745,0.2793232
1.1097344,0.7872984
0.005204114,0.009528585
0.0021329443,0.16958393
0.0021357143,0.27335116
0.0025822117,-0.091950096
0.0042825523,-0.12064239
0.0036412037,0.30848178
0.0028699825,-0.14182419
0.0022465847,-0.061688893
1.3816664,0.51739997
0.00437367,-0.051427588
0.0036222467,-0.04012361
0.0036507002,-0.034706347
0.52233315,0.44477913
0.004035202,-0.23939705
0.0016661601,-0.06251534
0.003011905,-0.17519087
0.003132381,-0.023132108
0.0013093153,-0.1305561
1.1995124,0.5430803
0.0041951532,-0.11588263
0.0024992402,0.02125492
0.0,-0.27566752
0.001186508,0.038239717
0.0014109825,-0.286322
0.0028550348,-0.15124622
0.001727416,-0.14075929
0.0037417521,0.4837445
0.0010003041,-0.20577565
0.0030623837,-0.06477678
0.0009483852,-0.074588664
3.4141986,1.4896661
1.2944802,1.1724317
0.0027408334,-0.088531576
0.0,-0.06258108
0.007137587,0.12972412
0.0,-0.1677601
1.2502913,1.1298733
0.19532633,0.34889534
0.0014055555,-0.12137363
0.004531801,0.45556128
0.002514526,-0.16468975
0.0038603286,0.11247165
0.0023064516,0.2994614
0.003068097,0.19739252
0.0032726368,-0.08633154
0.0014936421,-0.29816344
0.0010003041,-0.24409676
0.004970423,0.2290188
0.0055370373,0.4393078
2.2746623,0.6977308
0.77557206,0.35729274
0.0,-0.061852932
0.0037935409,0.27318072
0.0,-0.07031577
0.7676041,0.49799594
0.0015751916,0.017179392
0.0060459557,0.0063481703
0.005894265,0.25456786
0.0011372752,-0.008876316
0.5644565,1.360788
0.0031185208,0.2715084
0.017771974,0.4899585
3.4612176,1.1939114
0.5997588,0.55921316
1.1872472,0.7633233
0.07765347,0.41339597
0.6285296,0.65746236
0.0053323605,-0.06053976
0.0009990887,0.91931367
0.0,-0.052162275
1.5199295,0.85678256
0.0033557522,0.19945401
0.0013435457,-0.036160164
0.0036544444,-0.2613574
0.006915781,0.28660685
0.004121554,-0.059304535
0.52254283,0.2641817
0.006249457,-0.08992665
0.01984929,0.6334544
3.584892,1.0971586
0.3802727,0.4858335
1.0171151,0.7123841
1.0252517,0.58889663
0.0025615266,-0.11372427
0.0,-0.032368705
0.0027967687,0.7718341
0.0017814144,0.067555
0.0025905797,0.2203759
0.0010963334,-0.104937874
0.015959283,0.2465316
1.5211816,0.76115036
0.001986111,-0.06656465
0.0021856725,-0.086676694
0.0016431855,0.08864785
0.9180461,0.22000068
1.7616417,0.77982473
0.50626314,0.53031725
0.0007529762,0.0004216209
0.0008591954,0.2662014
0.00433905,0.04723315
0.0016122549,-0.039050817
0.027408333,0.023988768
0.001957738,-0.06652361
0.0033390864,-0.27941814
0.85351104,1.2241107
3.186246,0.9947402
0.6620237,0.41471416
1.2771719,0.63810533
0.0,0.061237894
1.5291572,0.5260184
1.8585182,0.7746624
0.0038238955,-0.2588733
0.0024526473,-0.072191544
0.0020418128,-0.2171016
0.0035233432,0.4344735
0.0035996533,0.10845439
1.0581396,0.27625751
0.0032245098,-0.04995101
1.533218,0.8140514
0.55935377,0.684957
1.092727,0.27895007
1.0672407,0.42047855
2.1111293,0.49017808
0.0,-0.18359992
0.0,-0.07367835
0.0029003527,0.2672075
1.1794822,0.09181919
0.0046454803,0.0069439933
1.2470791,0.9913645
0.6143247,0.683725
0.8031279,0.50348955
0.024183823,-0.14436743
0.0,-0.20406091
0.0,0.5331182
0.0035595237,-0.28953484
0.0,0.017310299
0.0,0.2303206
0.7491611,0.61974704
0.012458334,-0.07983803
0.010963334,-0.02881635
0.0,0.1418905
0.0,-0.0681954
4.3869934,2.2165852
2.0709941,1.5352358
1.2941333,1.5273954
0.0027339985,-0.02035486
0.005782349,0.6247394
0.008198278,0.6134827
5.4405913,2.3317306
1.638955,1.6083969
3.4980018,1.8352647
0.00561437,0.4611648
1.0033988,1.0678526
0.5421965,0.9211092
0.012505704,0.4995901
0.004090796,-0.008118257
0.004170833,0.39086953
2.2722692,2.0685256
0.68314236,1.5978338
3.2020528,1.6396011
1.4176997,0.7805246
0.0062927296,0.34348062
0.0008618973,0.11898777
0.0,0.06972054
3.7863092,1.9634794
1.7608812,1.2814142
4.285909,1.6994773
3.3024354,0.78127414
3.2853863,1.1827263
1.0821741,0.7248937
2.491125,0.9528977
0.75544935,0.55330515
0.7668796,0.44526252
0.004316273,0.14520445
0.007047857,0.3690507
0.0077741314,0.42034143
0.89902574,0.82864046
0.61569965,1.3628931
1.571784,0.7884364
2.8766804,1.8552647
0.77985585,1.0989946
1.0445427,1.3750807
0.013093153,0.18507445
2.8429792,1.5353757
0.7609571,0.77954555
0.53006685,0.22797796
1.5534651,1.2895905
0.0068179932,0.2542452
1.9816946,1.3624624
3.2269707,1.180102
0.026933044,-0.20512003
1.5467249,0.41822886
2.8097215,1.4148382
0.871,0.6503202
3.5250847,1.4098827
2.8075635,0.5156217
2.4809556,0.90547705
1.4019363,0.7873753
0.5699321,0.38757333
0.008565105,0.10588537
0.775715,0.730951
0.045850374,0.36305526
0.006390544,-0.07362006
0.5668427,0.970227
1.9205912,0.6000613
1.7123193,1.8228409
0.8658374,0.90233636
0.5227029,1.391941
0.004090796,0.40103367
2.5269322,1.3633169
0.7216501,0.5286424
1.2810098,1.1994783
0.0054481397,0.028331973
0.0,-0.14726752
0.70332384,1.2713127
0.00790625,0.32689103
1.4990368,1.0739402
0.0041976725,0.01532992
0.0007250882,-0.118544795
0.0,0.030248117
1.2199483,1.3424987
0.6320222,0.60143256
1.9736145,1.294714
1.317439,0.50463825
1.3862768,0.7814878
0.92095524,0.70430154
0.0020006082,-0.25262263
0.0027226822,0.016854122
0.003018539,-0.2539108
0.63410807,0.44736552
0.0055432585,0.12764364
3.9045367,1.9355437
1.5269308,1.823031
1.2966666,1.2025545
0.57163316,0.82216763
0.54192686,0.87942725
4.45017,1.8238577
1.6794628,1.8462013
2.7500556,1.3230847
0.69038486,0.6963856
0.5798113,1.6031307
0.007949454,0.11408229
0.8688857,0.88006437
0.002588405,0.16975594
0.003454832,0.7544923
0.56528157,1.6676238
2.108979,1.2377334
0.0017347046,0.11706093
1.5473095,1.46722
0.83712626,1.1924154
3.2376647,1.2589902
0.017569445,0.38675308
1.8030078,0.66124743
2.1204097,0.86682546
2.4346004,0.64465976
0.003513889,0.08911024
0.029231926,0.7478857
0.67508453,0.55808437
2.259695,1.2460368
4.148391,1.1465311
1.4257941,0.9580519
0.0018055555,0.34837392
0.0024471725,0.06479831
0.87937534,0.9415766
0.004360417,-0.03564045
1.3718181,1.2872597
2.790812,1.1284395
0.7064675,0.5219673
0.9292791,0.6340759
0.63542825,0.49576232
0.0008618973,0.07795807
0.0010706381,-0.002081316
4.095311,3.1623132
2.322123,2.280687
1.9807986,2.2024505
0.340674,0.89352196
0.5688678,1.120093
0.6769072,1.3731148
4.823405,2.8298788
1.7467005,2.0649827
3.2426476,2.1989694
0.67045003,0.8425172
1.3332828,1.2212282
0.7839534,1.0947592
0.0055935374,-0.029801048
1.7473338,2.4251688
0.6607366,1.8790007
2.8964643,1.9054731
0.005839844,0.31855363
1.3855301,0.8511839
2.7551086,2.237986
2.018571,1.4443299
3.855439,1.9381367
3.198057,0.7763171
3.6131406,1.4837676
0.99192065,0.98900306
2.1211667,1.2548369
0.9064228,0.5992848
1.1258132,0.47466657
0.53579485,1.0408223
0.0,0.03600958
1.4659588,1.345631
0.0020763888,-0.12717786
0.020107424,0.27860644
0.0033424797,0.50181997
0.0018031799,0.26448748
1.3963143,1.2093177
3.9654076,1.9538444
2.617753,1.0848393
2.0609007,1.4540983
0.872853,0.12659955
0.5090678,0.6246482
1.1910361,0.8863808
0.5377311,0.73859066
4.984427,1.5743912
2.6397371,0.73585904
3.7747931,1.3932089
0.9989616,0.003581345
1.2141275,0.28369015
2.645646,0.7226332
1.52674,0.5614364
0.0014055555,0.06935403
2.204677,1.5400935
0.79208523,0.8343086
4.1960783,1.329983
2.17384,0.47069234
0.044049107,0.44146678
0.0012867763,0.063319854
3.4490554,1.4873015
2.749618,0.60101175
4.6621876,1.4730102
0.07560919,0.21737719
1.3580054,0.32233515
4.0281687,0.5453283
3.45311,0.93248665
1.5397838,0.28207815
3.285271,0.87838316
1.4829866,0.42954656
1.3649465,0.30967912
0.96262556,0.8382993
0.01816781,0.42738608
0.5765131,0.88080317
1.9941452,1.021641
0.52019256,0.5201108
0.003205653,-0.17736176
0.027408333,0.1352123
2.0409894,0.70304966
0.73540854,0.3480269
3.950312,2.1950328
2.3402164,1.2221469
1.4343402,1.6055056
4.7399926,1.7298588
2.056704,0.84472024
2.894545,1.4743952
0.50333995,0.08637542
1.3458071,0.7493142
0.8452882,0.5748725
0.0025222392,0.01268018
0.0017076844,-0.21586978
1.1785239,1.4129087
2.866801,1.190538
1.3342777,0.38956442
0.0012928459,0.0461804
3.1370568,1.4794074
1.8273656,0.6700686
4.0765843,1.40542
0.63014585,0.25409698
3.4022307,0.47178677
2.8969214,0.97507775
0.94924194,0.36339074
2.262567,0.8484987
0.003011905,-0.15409184
0.8459289,0.4081017
0.84039706,0.2883398
0.558183,0.54039764
0.0016511044,-0.09669817
0.005075617,0.14985035
0.01159094,0.33146212
1.4501139,0.7476427
0.0015205733,0.14236939
0.0033671171,0.4041701
0.021942921,0.40141362
0.0018967704,0.034040783
0.89762294,0.6377561
2.3195026,1.19214
0.8709459,0.64612615
0.5854492,0.7969007
3.170836,0.9781531
1.0670725,0.35138932
1.9218392,0.8284272
0.6296919,0.50602293
0.68036014,1.0958295
2.4574888,0.90275115
0.5878046,0.3589254
0.001539794,-0.05208531
0.003011905,0.101244874
1.4160388,1.0626544
1.0180587,0.41428763
2.7866843,1.0553094
1.9494008,0.43291423
1.666056,0.68554604
1.3530115,0.5831553
0.0068384064,-0.13274384
0.7760164,0.52621746
0.0021638158,-0.19990957
0.010348684,0.4164952
2.4300368,1.3066412
1.2672589,0.77552634
0.6574358,0.93452084
3.2275906,1.1912411
0.9348464,0.5836092
1.6035655,0.9762599
0.6267228,0.53450996
0.54914284,1.0691589
1.6154681,0.89465714
0.63035715,0.3293714
0.0028451558,0.045486532
1.6441891,1.1884614
0.94853324,0.55871296
2.3725822,1.1621406
2.110867,0.4520075
1.7295088,0.7917636
0.009742299,0.092291005
1.4164592,0.65417826
0.0035449853,-0.19023019
0.004420699,0.13390046
0.0027967687,-0.1389142
0.0012959023,-0.20739111
0.0,0.092655875
0.03820188,0.4732568
0.6019864,0.46374688
0.0023282894,0.1114858
4.4138904,2.8294578
2.8771207,1.6136028
1.9704088,2.1708612
0.64687073,0.49676937
0.62880534,1.2177597
5.7381806,2.4491415
2.2332716,1.3334969
3.7633164,2.076669
0.66949654,0.30930874
0.581764,0.8229463
1.6416702,0.9864464
1.0096298,0.7920347
0.0024660453,0.081749454
1.1598983,1.9886706
2.8455877,1.7725711
1.370884,0.5524559
3.5378742,1.9572754
1.9927759,0.9657679
4.332695,1.8881186
0.5558544,0.29407495
3.718512,0.6018201
3.4869292,1.2044109
1.0177283,0.42530513
2.5827332,1.156818
1.026065,0.44574535
1.203374,0.28204444
0.70085233,0.7937534
0.0012430083,0.08304804
1.7439301,1.0008572
0.0010861955,-0.033119746
0.9551389,0.11710472
0.04090796,0.7573819
1.1173432,1.1076539
0.78394645,1.1406084
3.5364518,1.3989192
0.5713941,1.148774
1.2401785,1.12456
0.002155308,0.068023525
0.0,-0.2715534
0.0022465847,0.3180912
0.0019969642,0.084785745
0.0,0.04847926
2.8505495,1.7653528
1.7959671,0.9999069
1.0623091,1.268947
4.328555,1.3275713
1.3304462,0.62992436
2.14825,1.1005677
0.94650114,0.6397775
0.59509534,0.4874228
0.0,0.096100435
0.0,-0.0041529313
1.0205629,1.1441352
2.0712206,0.93636644
1.0427932,0.36387527
0.004420699,0.006820824
2.1147664,1.1791089
1.3841208,0.5498782
3.0579102,1.1271535
2.4188662,0.44829422
2.3148296,0.79649484
0.6790353,0.26666397
1.926304,0.65993756
0.5466607,0.37084675
0.5918611,0.2621455
1.0020251,0.5190925
0.003556225,0.14783451
0.83375,0.41912493
4.647799,2.2388024
2.9379659,1.2922953
1.9539088,1.6295792
0.62596256,0.26746178
0.56100357,0.9061084
5.890927,1.9051187
2.5815566,1.0276015
3.8843513,1.5839385
0.8172742,0.16192201
0.7692292,0.6908082
1.7793907,0.7772594
1.2385732,0.6189372
0.0022511978,0.012091234
0.0043551377,-0.13960537
1.5818739,1.5988778
3.8224607,1.3582894
2.1477132,0.48811176
4.0356936,1.6584898
2.9008176,0.85049033
5.04118,1.5722499
1.0689898,0.30000585
4.600076,0.5819617
3.9559045,1.0705684
1.3775145,0.4921219
3.1847758,0.9388883
1.2946427,0.44118533
1.3427671,0.33228192
0.8259822,0.6276128
0.0007488616,-0.034929864
0.0,-0.0043215416
2.0314622,0.84045845
0.36342156,1.282889
1.7364421,0.75834155
0.5263776,0.33956486
4.254463,2.042294
2.161494,1.2166373
1.3060179,1.4765162
5.259157,1.915548
1.7972678,1.1860194
3.1779459,1.588699
0.88766414,0.8282319
2.3828142,1.5222439
0.82746893,0.9651227
3.3316956,1.3002962
1.5592345,0.47780684
0.0009549942,0.031273536
0.004060494,-0.17397535
0.0024183823,-0.013284147
0.00515447,0.3776532
3.9568636,1.5060508
1.8634903,0.78330374
4.346096,1.4214019
3.249007,0.5393747
3.7597113,1.0111433
1.1159704,0.5092887
2.8201199,0.8797078
0.0023293202,0.053349465
0.6328157,0.45228663
0.537645,0.31913778
0.94966733,0.8357552
0.0019686753,0.032562878
0.5751458,1.135257
1.5990323,0.733325
2.293815,1.9013788
0.9121651,1.0725855
0.6187988,1.4118913
2.720931,1.3912973
0.8856697,0.6161736
1.3466945,1.197442
0.8911919,1.299006
1.9256055,1.0795832
0.68152976,0.42664137
0.0024471725,-0.118929096
0.0,0.08303808
1.3880081,1.2335685
0.7870846,0.53690636
2.1051023,1.2227749
1.4996431,0.47016862
1.3947238,0.8706394
1.1477239,0.76647496
0.0014775381,-0.11006311
0.0011908038,-0.27206135
0.0,0.015224725
0.011074075,1.0454701
0.77471524,0.67612046
3.972931,2.1859853
2.3411798,1.345582
1.9136109,1.6279393
0.6797834,0.26911035
0.8991142,0.9747696
4.4812374,1.8181357
2.317099,0.9417983
2.987375,1.5577708
0.69975466,0.108201124
1.0277334,0.47844675
2.0489929,0.8427584
1.2058101,0.6618643
0.0077864584,0.34556752
2.4075549,1.7416817
0.87311083,1.088417
3.9418075,1.4692546
0.010817364,0.18034846
2.0854886,0.58287746
0.003068097,0.04773595
3.0943034,1.7176508
2.3551626,0.8492972
3.9364402,1.6472582
0.9905741,0.40180826
3.4759772,0.68616956
3.075784,1.0242723
1.3762218,0.38304096
2.623369,0.9398344
0.23872168,0.13222218
1.3586227,0.48091093
1.2196316,0.34787995
0.7919478,0.7822395
0.0,0.0029885098
0.0013842593,0.031594034
0.5408578,0.86019874
0.0022382454,-0.027021192
1.6396083,0.9530077
0.4257957,0.46637776
2.212652,0.70134884
0.797136,0.39377692
6.0274887,2.2062476
2.7180524,2.2250855
3.3242877,1.3610455
0.5652179,0.84282315
1.4565271,1.2272774
0.76910365,2.0420187
0.7893835,0.91928047
7.22866,2.1125844
2.8584135,2.2795143
5.515681,1.4967288
1.4759643,1.0078082
1.6302414,2.0945432
2.0503654,0.97852045
0.82493055,0.90618116
0.008234263,0.58335644
0.0028721308,0.33278975
0.0030453703,0.08741902
2.596491,2.0775483
0.7308889,2.3605468
4.8786836,1.5180364
1.8478713,0.89238393
0.0029791666,1.4057636
5.1539917,1.7667471
3.846214,1.6052027
6.44247,1.4426478
1.1174413,0.48498565
0.76545525,0.8199394
5.3950477,0.70868325
5.0748653,1.103376
1.5671945,1.2241005
4.7817297,0.76880485
1.2841923,0.50018257
1.1968846,0.43259153
0.004530303,0.1821447
0.0036302428,1.4972905
0.0024692193,0.45230922
0.0014936421,0.046090342
1.119717,1.0851179
0.055141024,2.2739983
0.9157358,1.4385878
2.6400962,0.7560025
0.00583156,0.8543853
0.008841398,0.11294583
4.8937283,2.3140693
2.3497632,2.1293135
2.1479185,1.6098266
0.5857123,0.8550107
0.94490504,1.093031
0.90215516,1.0076356
5.2606754,2.3924155
2.039388,2.3888772
3.601747,1.8668634
1.1097033,1.1184589
0.18480538,1.284613
0.825825,2.084668
1.263497,1.1470817
0.7249946,2.1988177
2.4306462,1.6979996
0.70631456,0.9218283
0.003703829,0.5726917
2.1609232,1.809851
1.3296957,1.4536873
3.7433558,1.5774347
2.2574108,0.71206546
2.9646993,1.1411165
0.8029901,1.1168426
3.0199182,0.9385296
0.67835623,0.51349115
0.7251187,0.42906967
0.577718,1.2419335
0.14221305,2.2834628
1.0310754,1.0525613
3.4572623,1.5981749
1.8535466,1.2381266
1.1889126,0.98498416
4.673121,1.5270852
1.1975713,0.9907315
3.0683398,1.1145923
0.5526598,0.83001447
1.0918947,0.75329924
1.6212156,1.4224263
2.4048767,1.0581683
1.1645917,0.5366916
0.0,0.4389545
2.0338752,1.415797
1.0963334,0.8228255
3.1269279,1.2189252
1.9440242,0.5883023
0.004766667,0.22082311
0.005481667,0.15769237
2.2983544,0.7768712
1.5565383,0.5287998
0.5582929,0.38702002
0.015736843,0.31279734
0.00575,0.41989937
0.9955587,0.439804
0.0,0.05699429
0.007960927,0.45561856
1.5961324,0.222583
2.1263404,1.4233719
0.511225,0.9292196
0.7208123,0.9541589
1.7684395,1.1766455
0.66563094,0.6646414
0.9479346,0.89762104
0.0068520834,0.25729096
1.3730892,1.0236813
2.3100507,0.80587256
1.0311459,0.34890014
0.015226852,-0.11505429
0.008565105,-0.005880244
1.5942122,1.1334668
0.64789855,0.5071473
2.4116182,1.0778013
1.6689812,0.44858614
1.726725,0.7389555
0.95771646,0.5646346
0.55847055,0.42033634
0.0023425927,0.0368083
0.009451149,0.08505635
0.6342646,0.5651362
0.007901908,0.016523391
1.4069611,0.28243703
1.5037858,1.4059134
0.7058939,0.8654015
1.6671467,1.0642132
0.67020375,0.46979067
0.68121684,0.8071164
0.0,0.03932736
0.77085936,0.7057794
0.0,0.043589305
0.004216667,-0.0271205
0.0020922392,-0.0019254535
1.1881107,0.935075
0.58905816,0.39632908
0.8322997,0.658196
0.0026103174,0.0010893159
0.004316273,-0.02209057
2.5905297,1.2636503
0.9340693,1.0927283
0.8680104,0.6170393
0.5913542,0.5945817
2.828201,1.0434123
1.2992512,0.91836107
2.0531027,0.6322034
0.699867,0.5302416
0.0032745919,0.18996459
0.006136194,0.4842009
0.0023227402,0.02100271
1.0525755,0.6744628
0.0026610033,0.07385105
0.63756305,1.0082972
0.5098907,0.7289541
2.3194375,0.78255343
0.010874362,0.14907673
0.6879215,0.48294494
1.1981705,0.5425926
1.4592516,0.2935312
0.0,0.2239264
0.003777062,0.004400164
0.0011302405,-0.12079371
1.9644976,0.93530834
3.3578124,0.8316215
0.5058286,0.43579358
1.1872675,0.57376254
0.031028302,0.34952042
0.074144125,0.49848
1.4521484,0.7679765
0.0,0.03947015
0.0040306374,-0.1462116
3.1694462,2.6254175
1.5366349,1.9048706
1.3633587,1.7605162
0.94091445,1.1290689
3.7310698,2.2491264
1.6445,1.5303338
2.6713989,1.6784868
0.82742137,0.4421469
1.2137976,0.999388
0.57718724,0.84857404
1.2124703,1.87873
2.1808896,1.426299
0.96109486,0.65622133
1.5401278,1.8651654
1.3873702,1.1390251
2.9100378,1.5944207
2.0887942,0.68359536
2.5124307,1.0697558
0.5525874,0.66137344
0.00602381,0.028120525
1.6423917,0.81468654
0.01595194,0.069145046
0.5665153,0.48831156
0.66580975,0.38089237
1.2271861,0.6147494
0.7496296,0.2960465
1.4886934,0.8201047
0.061008584,0.3429333
0.003513889,0.17536266
0.0,0.10882601
0.0025535715,0.10744373
1.4086609,0.6484485
0.006991922,0.24912846
0.008305555,0.88742054
3.3131437,1.5655148
1.9605961,0.8963509
1.4698573,1.0587636
0.60515994,0.033061385
0.62267476,0.5378143
1.2401621,0.7621047
3.620071,1.2125577
1.8885226,0.57890254
2.1175318,0.9764862
0.7140222,-0.050109826
0.8925443,-0.1860477
0.9790573,0.25051954
2.0690746,0.61145324
0.93032354,0.46958515
0.0024916667,0.022669151
1.6451098,1.1681856
2.9108152,0.92805475
1.5032617,0.39580128
0.014425439,0.6904824
2.1254444,1.1638103
2.005242,0.44242546
3.289986,1.1046983
2.3192613,0.4653634
2.2495613,0.70925695
0.7789737,0.22625953
1.7355546,0.5815146
0.21760556,0.10072998
0.92228043,0.37147412
0.7425447,0.26600975
1.2302028,0.6518719
0.87504476,0.38486665
0.0052107098,-0.19091734
0.0,0.019363288
1.3496666,0.81936973
1.568173,0.41603723
3.0221353,1.8137918
1.6038097,1.1949798
1.0250238,1.2445627
3.9388232,1.3980442
1.6978742,0.76245797
2.4141297,1.0793239
0.5053799,0.074545324
0.64930224,0.558576
1.2596116,0.6731246
0.57520294,0.5191326
0.6776356,1.1074389
1.7187997,0.8487325
0.8448572,0.34891754
1.5905715,1.2177802
1.2101038,0.58158123
2.629895,1.1241659
1.9986874,0.44306278
1.9115735,0.7903727
1.4661283,0.5940336
0.0011532258,-0.033762544
0.9157735,0.37208328
0.7398459,0.12955494
0.010963334,0.2576382
0.0013568482,0.19082263
0.006374031,0.051554576
0.0018534799,-0.008426577
1.0319611,0.49138984
0.0021581366,-0.07834429
0.014641204,0.3647685
0.002963063,0.18418422
0.78591317,0.2605561
1.6437435,0.9823172
0.6109638,0.6230393
0.003451931,-0.18175596
2.4174519,0.770293
0.95997685,0.3392898
1.3419635,0.52170044
0.23885329,0.270886
0.005506697,-0.10860277
0.59893245,0.40819097
1.3781563,0.6006122
0.0011916667,-0.001350373
0.0028214462,-0.0031125247
0.0053479676,0.32712093
0.605167,0.81902266
0.65800726,0.28680506
1.9260854,0.75686467
0.9187474,0.35772824
0.9536637,0.55524105
0.7514342,0.3489844
0.0026524193,-0.019173644
0.0055935374,0.17546946
0.0022175028,0.00892058
0.0065257936,0.05810845
0.002183931,0.11911679
0.0036748603,-0.080239035
0.0020751795,-0.037603967
0.060873248,0.22822842
2.1066704,0.9769242
0.9592917,0.73293144
2.0328605,0.9228132
0.8563252,0.53572845
1.1585706,0.6292776
0.604614,0.4571074
1.0164436,0.5901336
0.71168417,0.9254539
0.6759528,0.42366913
1.6589559,0.85061836
1.071923,0.37887272
1.0634319,0.64853656
0.0,0.02939704
0.697573,0.43469352
0.005894265,0.07339665
0.0060085724,0.2695924
0.0011051748,0.234281
0.0023627873,-0.17178154
0.0016428571,0.25362203
0.05962882,0.21062666
3.397912,2.3273776
1.9025785,1.3850037
1.5088357,1.765195
0.9642637,1.0203056
5.483682,1.9130266
1.5437341,0.97053665
3.0597959,1.591871
0.81361747,0.09175786
0.5565741,-0.01138667
0.6467578,0.55009377
1.8866695,0.82263845
0.7704416,0.63809586
0.6111697,1.520583
1.5167953,1.3248405
0.9089421,0.44978312
0.0,-0.1919786
0.0020227553,-0.20406398
0.0089132795,0.15939629
1.9679184,1.558695
1.1704814,0.69931245
3.7186441,1.506148
0.013051587,0.030799143
2.0776942,0.5121952
2.0985985,0.8748256
1.911963,0.7793648
0.5751257,0.35867593
0.61789566,0.23069197
1.2931888,0.5066549
0.902191,0.3213537
0.027477026,0.2815261
0.0022465847,-0.22543463
1.6003504,0.66069555
0.27275413,1.2751116
0.00434287,0.09845135
0.004766667,0.06355616
0.5950818,0.61655635
0.86632776,0.970348
3.7058952,1.1194819
1.6832592,0.787414
0.0,0.078263976
0.0,-0.14886168
0.8458779,0.8249126
0.0042825523,-0.15470281
0.28057346,0.31952837
2.3624036,1.3933195
1.0215833,0.9875116
0.6974327,0.8886987
0.0022651516,-0.11839608
3.2244322,1.0595592
1.259617,0.58786273
1.6155883,0.7477361
1.0767107,0.5618015
0.6452289,0.91066027
1.6560403,0.6722548
0.64945835,0.3339721
0.007027778,0.2757562
1.066986,0.9564919
0.85606545,0.4654949
2.0684037,0.8683323
1.526408,0.40962163
1.2831616,0.68645257
0.86658704,0.472872
0.27071345,0.2605443
0.8523848,0.2998298
0.5459914,0.07955068
0.0,-0.011636913
0.0,-0.019965209
0.749648,0.35116103
0.0038333333,0.0085422695
0.8807921,0.13790263
0.0,-0.18110338
0.0,0.008667901
3.9943535,1.8438128
2.0415695,1.2125775
1.3026628,1.2769772
0.0034058753,0.11603537
0.71498775,0.8267236
4.6498227,1.5542799
2.1894703,0.8997885
3.047084,1.1970209
0.89040047,0.11681904
0.6121572,0.061791606
0.8565104,0.6688261
1.8970501,0.7036842
1.0032265,0.56015766
0.98714364,1.2519954
2.311993,0.99486953
1.3848605,0.42884153
2.3034945,1.3884085
2.0380447,0.7435257
3.7267606,1.2718638
0.11066915,0.25828445
3.036907,0.5281142
0.006803487,0.069192834
2.8186138,0.8149469
0.5919827,0.40330932
2.3065093,0.6237492
0.78082484,0.3759636
0.9110419,0.2825169
1.248451,0.41748014
0.99888146,0.15142664
1.4422035,0.5803914
0.0023720823,-0.010991193
1.1487458,0.36836836
3.4953234,1.5770723
1.587455,1.0267156
1.1504042,1.0664719
4.643786,1.3257526
1.7237592,0.72513413
2.6625237,1.0298566
0.59425145,0.50307095
0.0076450543,0.24733406
1.1383008,0.6490827
1.8083366,1.0591154
0.57673806,0.5818784
2.438797,0.83602154
1.2961324,0.36250234
2.265797,1.142941
1.2782278,0.51679975
3.21044,1.0578545
0.0065827877,0.121300384
0.021431627,0.2263883
2.080259,0.45982078
2.690915,0.7666703
1.9777163,0.56651604
0.84029156,0.43956792
0.00277975,-0.15619567
1.0870908,0.501502
0.5793944,0.7184472
1.5162306,0.2811291
1.6622914,1.5883831
0.60935736,1.0372154
2.5045362,1.1750841
0.8501659,0.56947374
1.0744066,0.8793489
0.5570757,0.5940183
0.5911425,1.0732278
1.2429127,0.821668
0.0017237946,0.15965989
0.0033424797,-0.00832352
0.70007265,1.0288174
1.5544853,0.98456204
0.8054843,0.430793
0.9600808,0.80290806
0.6499933,0.6068858
0.0110263415,-0.0024506599
0.0,-0.11704824
0.0007742467,-0.111826934
0.0017814144,-0.044485368
0.67814434,0.32440734
3.311107,1.6862272
1.6953739,1.1245605
1.4265496,1.1555967
0.5203096,0.17538527
0.6683987,0.7309294
1.0311239,0.8150483
3.2766159,1.3903545
1.9615121,0.7207891
2.0723908,1.0992608
0.711718,0.015633702
0.60542893,-0.08379767
1.1055307,0.40628108
1.8079648,0.6758312
0.7894563,0.52594477
0.003880826,0.37348345
1.8399233,1.3127419
0.7100111,0.82811105
2.9280243,1.0446799
1.5234668,0.4692764
0.0022103495,-0.24148345
2.124895,1.33596
1.7411767,0.62632406
2.9670722,1.2506084
2.2386382,0.5718585
2.3863976,0.78993386
0.7353161,0.3014565
1.8934911,0.6272
0.8692798,0.39211392
0.7614654,0.28190646
0.96161443,0.5861936
0.72052836,0.33716404
0.0049384385,0.32269895
0.0,0.025230065
1.2169513,0.73556626
0.0006037078,0.2312071
0.0045680557,0.20426083
1.6999258,0.3859256
0.64532846,0.30716708
4.4922256,1.4121525
1.7349992,1.377747
2.4127471,0.67274237
0.946853,0.4931186
0.84846014,1.3267777
1.1191276,0.5863714
5.806655,1.1849396
2.6000676,1.1862253
4.501333,0.66892165
1.1577526,0.25680113
0.036275737,-0.11166374
1.0785357,0.3841303
1.6332556,1.1906897
1.9183073,0.52862805
0.003972222,-0.12211285
0.0018272222,-0.03386583
0.0031503832,0.27065963
1.8295088,1.2260562
3.549701,0.7692293
1.2093781,0.47894317
0.0023032213,0.07717151
0.0,0.06990055
3.1856256,1.1792862
2.4966962,0.95296407
5.107872,0.8605468
3.2808928,0.47622815
3.0887084,0.68270653
0.5306381,0.6666806
2.985711,0.35611245
0.7556101,0.32117522
0.5527774,0.2602699
0.0018519145,0.3565462
0.52966046,0.41215214
0.7397573,0.46289504
0.0024285866,-0.16820297
0.6561878,0.6976663
1.8293054,0.15448493
3.3766112,1.4069439
1.4851493,1.0970682
1.4004216,0.8136741
0.59697604,0.24207896
0.870716,0.61215556
4.509917,1.2717606
2.2554338,1.0654379
2.833871,0.8892649
0.71971524,0.1923809
0.7386643,0.869611
1.0764815,0.5899712
1.3914231,0.8238692
0.045854244,0.49320346
1.0054022,1.1380762
0.8589303,0.73324406
2.7656987,0.9451255
1.05105,0.44221455
1.8405697,0.5580691
1.9585252,0.3740119
0.0,0.16190475
0.50774586,0.616345
0.50009984,0.23536187
1.0970186,0.67849034
0.0,-0.035083234
0.0,-0.039666764
0.0026870915,-0.33194837
0.0023056432,0.34778163
0.0032435898,-0.18266878
0.020936921,0.3684324
0.5948191,0.61769694
0.22298305,0.44936898
0.07308889,0.20488822
0.0041527776,0.2541046
0.0,0.24481997
0.021638159,-0.23584953
0.0,-0.122963496
0.0,-0.19540513
0.0,-0.19634941
0.0,-0.39249533
0.0046851854,-0.27620277
0.0022840279,-0.15721181
0.0016611111,-0.2560842
0.0035480044,0.2703716
0.0038279796,0.4603526
0.0020079366,-0.12623817
0.0018031799,0.059214935
0.0013020586,0.22507659
0.0016511044,-0.0063363016
0.0,-0.17155442
0.005220635,-0.13388956
0.0019438535,-0.04515516
0.0,-0.2908107
0.0024362963,-0.076130666
0.0029662699,0.21542674
0.0,-0.2219123
0.0017237946,0.2672577
1.6726111,1.0582267
0.57009333,0.7858762
0.0,-0.12831628
0.0,-0.11297066
0.0,-0.06770206
0.01957738,0.13351628
2.3087325,0.80915666
0.84582704,0.61464196
0.0033424797,-0.32043213
0.005270833,-0.10207125
0.0009228395,0.06533714
0.0016314484,0.43310294
0.0016314484,0.042889487
0.0014875622,-0.45012113
0.0045378036,0.35367802
0.0052372613,0.261805
0.9869256,0.7096888
0.016511044,-0.08505029
0.006423828,-0.050693132
0.0,-0.20674899
0.0,-0.10368041
0.003670759,0.63363576
0.0057100696,-0.15687889
0.0,0.021384679
0.0011613701,-0.081633694
0.0035679487,-0.40278727
0.0030623837,-0.20310214
0.0,-0.37330312
0.0018730068,0.31728265
0.0025030442,-0.40447775
0.003806713,-0.038977623
0.0034153687,0.031096987
0.0017797619,-0.17996827
0.003703829,-0.04146737
0.001022699,-0.048897535
0.0,-0.17853957
0.009351078,0.1826404
0.0138027575,0.19604167
2.046262,0.8372021
0.76454824,0.77054465
0.003575,-0.13697493
0.0,-0.21895051
0.002237415,0.17685571
0.0,-0.15823704
0.0034260417,-0.25907442
0.0,-0.16106528
0.0010113777,-0.17889738
0.004420699,0.24332103
0.0028699825,-0.21382627
0.002669643,-0.024429046
0.0033424797,-0.03261923
0.005958333,0.6332344
0.0047255745,-0.20427534
0.0050015207,0.33475903
0.0011613701,0.24897856
0.0,-0.30498558
0.0,-0.094633676
0.0031870154,-0.21743628
0.0031870154,-0.2074044
0.0052877814,0.2866091
0.7957258,0.45735073
0.0065257936,0.024132311
0.0,-0.11723348
0.0,-0.40051764
0.0,-0.12009186
0.0,-0.18700045
0.0013704167,0.016024321
1.023489,0.81774426
0.54566365,0.62436265
0.007169182,-0.07203182
0.0019507711,-0.3952406
0.0023833334,-0.11114482
0.0034475892,-0.092978396
0.09701538,0.6990811
1.463449,0.67663
0.002287841,-0.023881562
0.0046454803,-0.2115083
0.008701058,-0.09944501
0.00291578,-0.15738627
0.0020816457,-0.13490734
0.055114582,0.2535621
0.0,0.10379319
0.5136961,0.53455263
0.16203669,0.40768278
0.005374183,-0.048338734
0.035398215,0.49260566
0.0066849594,-0.37702644
0.0024042397,-0.1682502
0.007613426,-0.3457977
0.0,-0.11195593
0.0,0.2087557
0.0,0.1548483
0.003703829,-0.12364478
1.9199871,0.781115
0.7114185,0.57831454
0.0006037078,0.7162651
0.008227643,-0.013439007
0.0012346096,-0.27992755
0.0020949044,-0.40591857
0.75699204,0.12017032
0.004420699,-0.12360486
0.0041527776,0.17843601
0.0017347046,-0.28893265
0.50688905,0.38299322
0.0055935374,-0.06594717
0.0021412761,-0.059021905
0.0,-0.10886625
0.0,-0.080388315
0.008841398,0.37588134
0.0,-0.0057056844
0.0,-0.11477918
0.0,0.073961295
0.004857173,0.5036951
0.0033527014,0.6267543
0.0019957523,0.028279819
0.0031747106,0.0951616
0.0019718225,-0.14651105
0.0059154676,0.2016154
0.0041319095,-0.08139
0.0048510325,-0.1136663
0.0016028265,-0.06552668
0.0034569069,0.2638095
0.017541334,0.110923916
0.006739754,-0.074508615
0.026524194,-0.15662998
0.0024255163,0.067275494
0.0,0.044487335
0.008565105,0.11127836
0.00874734,0.23742586
0.006264762,-0.015081428
0.0,0.025408566
0.014683036,0.10599891
0.01166312,0.41480085
0.0040306374,-0.17147854
0.0,-0.37497854
0.0,-0.2613274
0.0021752645,-0.22785088
0.0012748062,-0.34458297
0.0024042397,-0.10222603
0.0039295102,-0.05200682
0.0027271973,-0.032490067
0.0021181093,0.2559831
0.003454832,-0.04676132
0.0029235557,-0.060467377
0.004530303,-0.10868961
0.0,0.053071667
0.0015751916,-0.10221668
0.70992076,1.4113134
0.0048084795,0.0748711
0.0055935374,-0.08290351
0.0044566398,-0.13159287
0.001986111,0.49516162
0.0,-0.24182779
0.0038932292,-0.12135815
0.0021412761,0.42861113
0.0014977232,-0.20094973
0.0012346096,0.32530603
0.0031234568,0.16516382
0.0014349913,0.00964573
0.0017292324,-0.13973838
0.0048434683,0.33239347
0.0027136963,-0.26043943
0.0,-0.20943052
0.0021619194,0.5299631
0.001332658,-0.34108865
0.0015997082,-0.11729915
0.00223559,-0.3381793
0.0044738688,0.023006666
0.00446875,-0.13576648
0.0032977941,-0.18406388
0.0023407738,0.38207453
0.0018498313,-0.22041377
0.0008565104,-0.15115416
0.0029366072,-0.08268122
0.0021985294,0.23689774
0.0012318352,-0.13365835
0.0026103174,0.083924785
0.003205653,-0.18575248
0.0036625837,-0.16766268
0.0041951532,-0.059372284
0.00467719,1.1980593
0.009251758,0.56812537
0.0065257936,0.33017105
0.0,-0.1475605
0.0025581112,-0.37038162
0.0023833334,-0.23876873
0.003915476,0.010015033
0.0,-0.13950288
0.010541666,-0.09108884
0.0053220065,-0.10708592
0.0,-0.15800178
0.0015706781,-0.09741665
0.00083434803,-0.10485975
0.0036666668,-0.24528247
0.0,-0.049442284
0.010963334,0.32124117
0.0,-0.15598053
0.0,0.23425147
0.0,-0.08159181
0.003011905,0.37466043
0.011800066,0.5471625
0.002060777,-0.096483804
0.002622807,-0.29301187
0.0057701753,0.06909838
0.0,-0.09399331
0.003771789,-0.12742046
0.0023032213,-0.32673717
0.0021083334,-0.027468212
0.0,-0.30814373
0.0078954045,0.11252065
0.0035251875,-0.15484896
0.0011007363,-0.1800592
0.0048084795,-0.048502415
0.0028850876,-0.035322383
0.0017972678,-0.09446467
0.0,-0.26891798
0.008206088,0.11478781
0.006229167,-0.094619475
0.0,0.07363844
0.0036063597,-0.11378119
0.0041844784,-0.12161798
0.010422887,0.16778994
0.0058138887,-0.1337978
0.003286371,-0.075119235
0.00583156,-0.2632821
0.0,0.0773865
0.002460353,0.1933394
0.0,-0.046300747
0.0,-0.15245196
0.00446875,-0.018466838
0.0,-0.03497266
0.80845624,0.95855176
3.918623,0.9436016
1.4646893,0.58938444
0.0020187441,-0.13118055
0.0023318608,0.07352109
0.64002883,0.9415004
2.1700757,0.624906
0.016195834,0.3335982
1.0736245,0.36927643
0.0013635986,-0.0011600778
0.002880035,-0.024844728
0.5387523,0.95587695
2.3401544,0.75177133
1.0486081,0.4465594
0.024249863,0.3141248
0.020962397,-0.0065695345
0.002921997,-0.13821343
1.2344373,0.08039369
0.7906964,1.0641443
1.5261732,0.84403217
0.48812938,0.5477396
0.5801927,0.7141538
1.8766319,0.52246624
1.1478186,0.25635332
0.012059667,0.665031
0.00659307,0.048556924
0.509715,0.8588297
1.9917521,0.7663543
0.9970416,0.36714312
0.022123318,0.2863291
0.007655959,-0.09698158
0.0072127194,0.034655098
0.0069564297,0.13315219
1.3223815,0.20943922
1.5472622,0.6742854
0.51652455,0.47612396
0.013852587,0.041617364
0.006758219,-0.03807041
0.0011187075,-0.31739524
0.90955883,0.46137467
0.0,-0.027959794
0.0015087156,0.4854624
0.74343884,0.6166085
0.003849485,-0.083947726
0.0017841064,-0.048569523
0.015062479,0.24854782
0.008225437,0.05231116
1.6266478,0.6750636
0.5109455,0.37883648
0.8110171,0.28280768
0.011557731,-0.04878629
0.0015311919,-0.023838036
0.0055935374,-0.23747739
0.0,-0.070081525
0.51052433,0.29381412
0.0027047698,-0.19452587
0.93834966,0.45287248
0.0,-0.056295134
0.0028008516,0.035886686
1.3235894,0.60881037
0.00095666084,0.06104696
0.002257378,0.5105804
0.0005794574,-0.15819848
0.0025294442,0.050162755
0.0020504987,-0.20369175
0.0029984806,-0.32091343
0.002525429,-0.121781416
0.0024775895,-0.04678344
1.2299105,1.757278
0.0048725926,-0.25292656
4.2713976,1.5770005
0.6201886,0.84383476
1.9502692,1.1128651
0.50352615,1.34648
1.6720066,0.9683404
0.9267321,0.4269877
0.005374183,-0.0024449937
2.2229226,1.1100906
1.1908526,0.46311727
0.5430115,0.6302407
0.78597426,0.3985049
0.003729025,-0.008096144
0.002277701,-0.21235803
0.009451149,-0.04777363
0.0,0.11436363
0.57535154,0.83277524
1.2047836,0.39759094
0.0,0.0128798
1.34412,1.1722113
3.6825333,0.911756
0.5865383,0.30616787
2.0010068,0.65747744
0.6941608,0.40766242
0.0019279015,0.38363126
0.59289306,0.7760562
2.212702,0.52674747
0.026465317,0.099128775
1.2298324,0.3061206
0.91595614,0.924456
3.0025287,0.7838556
1.7466502,0.4174811
0.58287203,0.52813226
0.88973266,0.33442628
0.017601682,0.47806725
1.2554785,0.32388756
0.96349716,1.208059
0.030092236,0.38475662
3.4742253,0.9760396
1.4791934,0.67631304
1.5661905,0.5432977
0.82225,0.2602457
0.0,-0.09246551
0.0018645125,-0.04481648
2.2232447,0.7778463
1.2266086,0.34405133
0.01265,-0.2275689
0.021169038,0.17410332
0.0070145526,-0.23457015
1.9526938,0.51196915
0.78093463,0.28719026
0.009745185,-0.20860252
1.0504777,0.34988064
0.002905477,-0.15149894
0.002041046,0.31004307
0.003028545,-0.2125839
0.0030860896,0.05872803
0.0009549942,-0.12400297
0.9486032,0.51233715
0.0044702683,-0.07649731
0.005551055,-0.33710083
0.002906267,0.04849703
0.0025099206,-0.26927713
0.0022518584,-0.0052187294
0.004279513,0.38987097
0.0,-0.020272583
0.002645592,-0.056565233
0.0052607167,-0.11482746
1.8494452,0.548626
0.64664906,0.34292987
0.001978941,-0.06881519
0.8952658,0.5146883
0.0034403766,-0.1197393
0.012674374,0.1275053
1.3315519,1.5738729
0.10018218,1.1967839
4.315219,1.3409814
1.9396666,1.1134672
1.1239462,0.9353787
1.0662007,0.33129206
0.002346604,0.4501036
2.291978,1.1086661
1.4330643,0.3918209
0.0,-0.16483086
0.0050060884,0.3033409
0.0036024097,0.83215505
0.0073088887,0.0435011
0.004316273,0.01052504
1.150863,0.7795057
0.0016075269,-0.012286045
0.0020377943,-0.15443471
0.0017237946,-0.012354873
0.0,-0.055002347
0.0028911745,-0.11694843
0.0010833334,-0.1321277
0.0046021454,0.20948327
0.6545543,0.8105142
2.6024184,0.67929655
1.0563123,0.40431455
0.005107143,-0.03739497
1.3100774,0.42870685
0.5769012,0.28507528
0.0060907407,-0.029201515
1.3491849,0.56873727
0.68330765,0.33955872
0.0,-0.015879817
0.0011916667,0.24392694
0.0,-0.06534059
0.002332624,-0.26515725
0.0,-0.088751756
0.0021752645,-0.045437217
1.3748422,1.265316
0.0025116457,-0.25426543
0.021360332,0.610383
3.8474,1.0788299
0.68239063,0.4723452
1.9008898,0.7426791
0.002334611,-0.23178402
1.9267915,0.6519703
1.2050339,0.31722996
0.56316125,1.0207738
0.0,0.08668967
2.727248,0.8688911
1.8393189,0.39571327
0.8462843,0.29710475
0.0027003284,0.05052804
0.008476804,0.08394924
0.78309524,0.19678164
1.0004717,1.1212204
4.2631955,0.9760029
1.5826219,0.68599236
0.8511697,0.8228628
2.3105578,0.6213924
1.3917888,0.30491292
0.0021581366,-0.34074828
0.005741969,0.3461763
0.6234066,0.89232385
2.5095713,0.795922
1.1394436,0.38487223
0.50576705,0.3381713
1.4550676,0.19921339
0.5870093,0.21543598
2.1372461,0.7842535
0.7433472,0.53751385
1.1975932,0.5994438
0.6016739,0.3208842
0.0052096094,0.33208138
1.0075046,0.71714544
0.0062009804,-0.15580228
0.002398979,-0.046540916
0.0022103495,-0.06834724
0.002139187,-0.15509388
0.0031615647,-0.13413909
0.0020377943,-0.04287272
0.016561907,0.27277964
0.62647617,0.18496779
0.0011516106,-0.021805175
1.3206161,1.1247853
3.5889578,0.9378383
0.63586354,0.36275342
1.8014992,0.6559654
0.6374568,0.45345846
0.7672369,0.7880591
2.7479422,0.55031574
1.2245371,0.33987126
0.8109332,0.940428
2.602847,0.7918072
1.6154542,0.47977006
0.5194744,0.52669907
0.83545333,0.3086165
0.0040806453,-0.21713099
0.004056202,-0.2672897
0.0015904255,-0.04713224
0.005925564,0.3694312
0.35368142,0.44585314
1.6785511,0.24341354
0.012006672,-0.053496465
0.0031303933,-0.013298623
3.6707902,0.69160104
0.9263323,0.5690441
2.7282798,0.2653384
0.55151594,0.87486446
2.4657917,0.39913294
0.6281318,0.29396468
0.0,0.29278153
0.0036063597,-0.054836623
0.0067259716,0.20436925
0.7438127,0.80509055
3.7220192,0.44797277
0.9151212,0.29973337
0.021317592,0.28139228
0.9955414,0.1122659
0.025092136,0.23161367
0.00094511494,0.21722779
0.004894345,-0.087395616
0.0021083334,-0.105696656
0.8129815,0.09450112
1.3956612,0.048552472
0.0021581366,-0.050472483
3.3775501,0.8437137
0.7912217,0.5078261
1.8509524,0.4556263
0.7726817,0.4459729
0.26389617,0.7482152
1.742055,0.555889
0.56619847,0.16118133
0.0,-0.23875827
0.0,-0.15023792
0.0013773032,0.066894054
0.005029052,0.045825593
0.86739314,0.26077217
0.0024471725,-0.10960225
0.0,-0.24085233
0.009010162,0.8330932
2.0244017,1.1355908
0.55332375,0.7418531
0.82822734,0.7608751
0.0046186713,0.035839714
0.0035000818,0.060162157
0.0021988235,-0.012653321
0.0,0.15419552
0.6339728,0.9025751
0.003786989,-0.021307372
0.0029747575,0.09342988
0.004551799,0.10789435
0.5710404,0.18410122
0.025355726,-0.0027837083
0.0029642077,-0.012004934
0.812217,0.9575653
0.8785257,0.61354375
0.005250639,0.05767609
0.01939269,-0.27421865
0.59006643,0.8579455
0.02242084,-0.13483661
0.008433334,-0.034049302
0.7392606,0.2761578
0.627806,0.8231087
0.0014444444,0.18089142
0.001009515,-0.030240975
0.003085366,-0.017117321
0.005362235,0.46676096
0.00050152483,-0.020665802
0.0030491347,-0.15590751
0.0017201883,-0.13509142
0.0024148312,-0.08207286
0.0014821992,0.28215787
0.0016577621,-0.022775844
0.00296118,0.09015144
0.0025244518,0.040059496
0.002746326,0.32236794
2.471627,1.7481385
1.1814369,1.2421253
0.00077315466,0.04765861
0.76076645,1.0608474
0.00446875,0.41848686
0.76014555,1.2001685
0.0027136963,0.11630701
0.6960631,0.4903751
0.5770415,1.3103215
0.0031655438,0.039809026
2.6478448,1.0022216
0.63932246,0.3489551
0.97314423,0.7241484
0.0023916522,-0.046918236
1.064047,0.593173
0.0012959023,-0.010209739
0.0020906434,0.2985169
1.2411529,0.85830426
0.0,-0.045895495
0.5514575,0.3982315
0.007475,-0.1401417
0.09878622,0.26072255
1.8573287,1.1009407
0.6630353,0.7927015
0.011420139,-0.053072408
0.0040306374,-0.2719907
0.51004475,0.89834154
0.001684311,-0.30556968
0.00155288,-0.06871581
0.0032628968,0.2647424
0.7984913,0.6423681
0.0067466665,-0.011411354
0.005242827,-0.016987115
0.003784188,-0.025747366
0.0055577196,-0.18211481
0.0017812706,-0.119895734
0.002949776,-0.20996341
0.767352,0.619446
0.0,-0.04270368
0.016261797,0.60877323
0.0034383214,0.011799786
0.0017555378,-0.3274969
0.0023032213,0.24145377
2.6610866,1.5110179
0.9992844,1.2504271
0.01896174,0.2267341
0.003038618,-0.020403914
0.010151234,0.45010898
0.002716141,-0.37418976
0.5902946,1.2284797
0.0030252023,-0.08860446
0.0026326652,-0.38660535
0.0015363416,-0.013197079
0.0012928459,0.124257214
0.0022307378,-0.023278989
0.0026103174,-0.032694034
1.3423662,0.75240314
0.50594676,0.4714182
0.00229039,-0.037096806
0.0033379567,-0.08807958
0.0013240741,-0.10391312
0.0024201619,0.102565534
0.03823264,0.50358874
2.2621,1.2136691
0.5338155,0.53882426
0.98382753,0.8711972
0.014287323,0.28103578
0.5310982,0.7552775
0.0024212308,-0.26666898
0.002514526,-0.13294658
0.7988759,0.97594416
0.004404219,0.10413876
0.0029246698,-0.14439791
0.0014152323,-0.22592524
0.0020334746,-0.08742709
0.0017930686,-0.008507982
0.0056804838,-0.14665198
0.0075091324,0.061067164
0.23176028,1.2597228
0.002039961,-0.23810473
2.3771188,1.1247001
0.7340612,0.8080082
0.74683654,0.68356156
0.0033197072,-0.11427366
0.00448772,0.2555039
0.0021292986,0.288194
0.7975064,0.8713025
0.0023748851,-0.25062972
0.0023373354,0.24712873
0.0025822117,-0.07595233
0.0011003964,-0.10564832
0.003795417,0.272858
0.0036271857,0.07968312
0.57188106,0.24813542
0.005508374,0.63907623
1.0095443,0.8732834
0.0027967687,-0.3286675
0.0017265092,-0.039021917
0.0021810345,-0.02240602
0.0004282552,-0.17738146
0.002542517,0.32360938
0.0024644372,0.3211036
0.0011646601,0.009572566
0.002791407,0.294003
0.0017628637,-0.027016483
0.6116023,1.2813123
0.0027557933,-0.21390691
2.3686926,1.0394521
0.5299658,0.38976112
0.91957325,0.74326885
0.00277975,0.41218475
1.2158186,0.651181
0.0038016844,0.29450306
1.132742,0.88871586
0.0048407884,-0.068507604
0.002398769,-0.07686628
0.0,0.09426012
0.6932837,0.34880584
0.002045398,-0.02603054
0.0017601682,-0.061233453
0.90000415,0.7822357
0.6527302,0.58147013
0.004965278,-0.026722372
0.83897376,0.336195
0.97001094,0.46870822
0.004965278,-0.09866587
1.4037986,0.5724557
0.003079588,-0.07143579
0.0,0.12578806
0.0031503832,0.18802038
0.0036382743,0.22553596
0.004350529,0.20206496
0.7197061,0.0893521
0.7669594,0.89882714
0.56113005,0.52851826
0.6557822,0.50676244
0.0064871795,-0.07886366
0.0009894705,0.35366184
0.004203732,0.23247933
0.0022492185,0.20402664
0.017959876,0.51688665
0.0027477026,-0.15694189
0.00088988093,0.08813214
2.5773892,0.90599906
0.9994111,0.6051044
0.0042881356,0.015376918
1.0354259,0.5811659
0.0034367817,0.010135986
0.003703829,-0.026469342
0.00676749,0.32531
0.51227736,0.7560255
0.0031911384,0.06646263
0.004249354,-0.12484107
0.0032890001,0.33178782
0.9578789,0.8294156
0.5552246,0.0026002899
0.0031747106,-0.16647881
1.2853131,0.5631149
0.009702065,-0.27121064
0.024183823,-0.037340492
0.012458334,-0.0651135
0.7006681,0.65785587
0.0,-0.2495031
0.0016217949,-0.13848126
0.0017720906,-0.19804457
0.0015842967,0.06066154
0.005412777,-0.066723935
0.865315,0.6720835
0.84001464,0.32726768
0.0038852019,0.03922558
0.0033977274,-0.32046735
0.003972222,-0.22904244
0.0,-0.031931646
0.0039002802,-0.09215791
0.0042603626,-0.117566176
0.0,-0.18246543
0.0064744093,-0.046973743
0.009574964,-0.11952179
0.0025834762,0.23049626
0.9973097,1.5490962
3.3976882,1.439318
1.7979866,1.0758396
0.0014425438,-0.13698488
0.88803,0.90908206
0.740716,1.119285
0.0047805235,-0.2667231
0.0019369847,0.019672874
0.0050489036,0.3695298
0.8023436,1.2241521
0.08806753,0.11315613
2.839643,0.9851837
1.3568718,0.756988
1.2285184,0.5990542
0.0021513605,0.08649669
0.77895796,0.86623144
0.0,-0.07576192
0.0019647551,0.388761
0.0067083333,-0.028398588
0.5061198,1.1015193
1.9014531,0.9596008
0.7955629,0.7167815
0.010461196,-0.011255704
0.0032628968,-0.21567011
0.0023902617,-0.0960725
0.0041061174,-0.16828924
0.0,-0.33805016
0.0,-0.0076832697
0.11937547,0.3177916
0.0015226852,-0.072331704
0.8887489,0.538875
0.012032927,-0.2959715
0.005075617,-0.018601447
0.008522789,0.3283894
0.88378304,0.54078615
0.016949346,0.2504061
0.0037545662,-0.19253325
0.0015935077,-0.20374092
0.0018560948,0.29728764
0.004705293,-0.033560894
0.0033130953,-0.29048637
0.007899645,0.044064723
0.0013198234,0.13707817
0.0028197875,-0.037088983
0.003851288,-0.06144748
0.7248542,1.3752096
3.4174209,1.2343725
1.4244612,1.0835067
0.0042049047,0.30304667
0.004420699,-0.15171736
0.0050175437,0.46479717
0.008120988,-0.104194485
0.0026165473,0.81414115
0.0026438907,-0.22595957
0.001403157,-0.13570073
0.0028256015,-0.15174496
0.0055586323,0.81883395
0.004420699,-0.10070086
0.0022872044,-0.0026639476
0.66113,0.68842095
0.0011232924,-0.07836444
0.001495,0.22417712
0.004758391,-0.035259396
0.0024255163,0.1509979
0.0009015899,0.025147203
0.0019211449,-0.055753924
0.0021926668,-0.22665471
0.006337187,0.36822906
1.4281805,0.6251154
0.5086477,0.40448365
0.002030247,-0.046628974
0.50585204,0.43100935
0.0060907407,-0.18344411
0.011420139,-0.07638831
0.0028353448,-0.079444654
0.0039342106,0.27659515
0.0018902299,-0.064490624
0.0014762118,0.28845236
0.0018645125,-0.2309337
0.72397435,1.183861
2.190535,1.0596
1.0917535,0.7998667
0.0,-0.031708866
0.0019765624,-0.13067722
0.5434924,0.6878888
0.0030341328,-0.022690877
0.5078116,0.94237393
0.002894567,-0.08377961
0.0025203065,-0.2779627
0.0024639962,-0.32374206
0.004127761,0.27353516
0.0007308889,0.2895304
0.0017143602,-0.27562615
0.6149364,0.95510626
0.029416582,0.20069349
2.9191048,0.9349271
0.0078061707,-0.019516714
0.9334406,0.6743282
0.0011994895,-0.31907097
1.0203164,0.5830467
0.0017972678,-0.2615237
0.0023140244,0.47819513
0.58646125,0.8091296
0.0024601524,-0.35253283
0.0017836225,-0.11887104
0.0018569331,-0.2764968
0.001844437,-0.12940437
1.0621754,0.7269424
0.0069304635,0.42457464
0.0015226852,-0.17825097
0.0035082668,0.0024801567
0.018872717,0.36567184
0.0,-0.07868988
0.0,-0.06191002
0.0029598633,-0.025270186
0.003171649,-0.32585278
0.0009923364,-0.35883638
0.0022698413,0.30876163
0.77238196,1.1603092
2.546501,0.9738533
1.1727483,0.7323056
0.022840278,-0.02160412
1.5076683,0.62164474
0.7503593,0.89452636
0.40905148,0.38737774
0.00291423,0.07809788
0.0014553097,-0.15509012
0.0,0.07935285
0.05173096,-0.064174116
1.5825754,0.63916636
0.5808698,0.41065243
2.118373,0.28662038
1.6263659,0.41562855
1.2417369,0.5264958
0.72748715,0.14124015
0.002086929,-0.10049305
0.0076191463,0.27429935
0.001727416,-0.24706334
1.9893466,0.84021175
0.7326458,0.44196358
1.9893882,0.49530867
0.7263823,0.43351206
0.004787482,0.080932714
0.0019718225,-0.043129973
0.003383745,-0.06304511
0.0,-0.061190687
0.0,-0.074291416
0.0027271973,-0.05647499
0.0052008224,-0.21978396
1.2834061,1.2083169
0.025695313,0.5017662
2.7811396,1.3302392
0.67925,0.9072716
1.4960382,0.8272119
1.3419405,0.8693267
0.9253241,1.0031941
0.018272223,-0.05589223
0.0,-0.08224795
0.0,-0.07744212
0.0060907407,-0.05191563
0.0,-0.09841374
1.5896833,1.2010239
1.2091912,0.9740677
0.9512304,0.53744084
0.0,-0.06829397
0.0,0.36753654
1.3166748,0.5877046
0.7054276,0.86037195
0.0,0.024247535
0.0,0.30560932
0.5481667,0.23021016
0.5380154,0.87157005
0.8483532,0.81894433
0.0,-0.0378156
0.0,-0.16133797
0.0,0.19831803
0.0,0.024149232
0.0,-0.05074749
0.011916666,0.23964188
0.010541666,-0.07779648
0.0,-0.06568148
0.0036544444,0.2719226
1.2072718,1.0385638
0.54148173,1.0494583
0.0,0.027356021
0.769766,0.43233302
0.0025496124,0.19275999
0.003404762,0.06169265
0.0,-0.09709252
0.0028550348,-0.095773585
0.0014501764,-0.055437386
0.0,0.022512212
0.01661111,0.65723944
0.0,0.43977752
0.004350529,0.2732816
0.8455762,0.7175654
0.0,0.03313987
0.0,0.1795705
0.01612255,-0.21697354
0.0,0.22955668
0.0,0.25730714
0.011420139,-0.07428164
0.0,-0.0957203
0.016363185,-0.06938618
0.0,-0.074863024
2.1723642,2.181617
5.2336864,2.1232874
1.0963334,1.4939178
2.3023,1.4371688
0.53625,1.9019649
1.8540932,1.3014487
1.5477647,1.3956431
0.66563094,0.59576845
2.1917248,1.4093559
2.6488333,1.0744768
0.63215995,0.4965506
1.5789584,0.7316744
0.0,-0.1012925
0.003915476,0.09019711
1.0831773,0.60796994
0.0066849594,-0.011107475
0.94837683,0.8781847
0.0026103174,-0.11083274
1.5725687,1.3928645
2.1551604,1.2088399
0.5647778,0.61406964
1.1396097,0.8206732
0.033733334,0.95079434
0.0042825523,-0.028909199
0.5506359,0.9180794
0.018272223,0.19933268
0.0,-0.082212634
0.0,0.30438796
0.0071190475,-0.16909605
0.0,-0.08019654
0.9275381,0.5981966
0.0025261138,-0.09726664
0.003953125,-0.04267603
0.0,-0.015969157
0.0022651516,-0.086138435
0.004216667,0.26887023
0.0013402608,0.44544753
0.003052153,-0.01363422
0.0028159246,-0.2636992
0.51821715,0.70231366
0.0,0.17431991
1.2718256,0.6588613
0.005270833,-0.035038777
0.0,0.0791703
0.20229961,0.31410018
0.0051713837,-0.088113986
0.0,-0.17335752
0.0,-0.19419673
0.0,-0.17346704
0.0,-0.10732924
0.0018519145,-0.05279895
2.175678,1.8376445
0.5266699,1.321374
4.685112,1.721399
0.79484165,0.79788643
2.3043303,1.3579899
0.0066444445,-0.012018792
0.0,-0.2520144
0.553061,1.2095257
0.0,0.43949497
0.9572463,1.3538272
0.013369919,-0.20152065
0.0,-0.048671655
0.0,0.4943384
0.0,-0.11702091
1.2275845,1.0435024
0.0065257936,0.53744125
0.0,-0.09161685
0.0,-0.09374458
0.0,-0.13192293
0.0,-0.0995113
0.0,-0.2502211
0.0072127194,-0.0391827
0.004894345,0.27269253
1.059789,0.8886732
1.7149786,0.792554
0.5048904,0.4337919
0.01713021,-0.19918925
0.018902298,0.22308487
0.598,0.41274473
0.0,-0.02630683
0.019301644,-0.062715895
0.0,0.07959566
0.0,-0.22103927
0.0,-0.050765038
2.1529446,1.5304474
2.7374496,1.4110665
0.67039305,0.77353764
1.2220892,0.96422064
0.014425439,-0.043701105
0.7736981,0.85436666
0.0,0.2606535
0.84545285,1.088843
0.005270833,-0.07367907
0.0,-0.034858525
0.0,0.03662713
2.0327847,1.3425575
0.0038603286,0.10644376
3.2369242,1.2233073
0.783707,0.65953267
1.1628584,0.84051955
0.0,0.23453191
0.004350529,0.011454858
1.2046919,0.75423944
0.0,-0.07488001
1.1080798,0.97460365
0.0047255745,0.106763475
0.1270295,0.45724216
0.0033022088,-0.11177675
0.70292926,1.2141293
1.4795178,0.9435398
0.5761344,0.61729765
0.5093202,0.5928502
0.0,0.31937033
0.018272223,-0.0757154
0.0,-0.05184219
0.0019438535,0.34424946
0.005270833,-0.10425297
0.006374031,0.122365765
0.0022465847,0.33442566
1.8334312,1.424539
2.1840115,1.215076
0.8751433,0.64372385
1.1991146,0.8158519
0.0,0.20444906
1.4469464,0.7372749
0.87300617,0.9691343
0.0014815315,-0.24246913
0.023492858,0.12436604
1.28271,1.5056058
0.9764219,1.9227785
2.3144815,0.7079807
0.0,0.07308689
1.7173945,0.84213376
0.0,0.2947149
0.0,0.007322915
1.3848422,0.8002979
0.0066849594,0.31214726
2.3664756,1.5604626
1.3312619,1.7244776
2.2200751,0.85594356
0.58520496,0.8434767
0.0,0.13406244
0.0,0.51434016
0.0,0.260235
2.5488,2.571163
0.58663917,1.6296049
4.581779,2.3484356
1.1814101,1.6814777
2.5800445,1.7244294
0.7404179,0.6011679
0.80949533,1.5327448
0.6832105,0.9716496
5.0751295,2.4098008
3.2945008,2.1332357
4.8769,1.7295786
4.037656,1.0442353
0.0,0.11903723
4.394216,2.389686
4.1819677,1.8824008
4.452065,1.8822596
0.064732164,1.6461221
0.75634646,1.2004453
3.8974073,1.0516796
0.007724022,0.514391
3.4794443,1.3036184
1.7082058,1.0676216
2.3002481,0.8695324
0.60371274,0.35227427
0.5979758,1.1496165
0.0135317035,0.612888
0.5344007,0.61575663
1.260974,0.5224504
0.0032619936,0.3028401
0.81558305,0.6287741
0.5053874,1.3860241
1.0658796,0.5878223
2.172267,2.3503397
0.6582708,1.6323086
0.66736746,1.5845917
2.937045,1.8914382
1.44627,1.4520506
4.4147773,1.8895203
2.0241468,1.6476126
4.69565,1.4027404
0.5360925,0.85800594
3.195865,0.75307643
3.4281096,1.8484589
2.1465456,1.3388579
3.7058952,1.5737127
0.019332385,0.019757707
0.6623551,0.9017764
3.1486514,0.7706156
2.8319945,1.0702173
0.63039166,0.787272
0.013983844,0.06853594
1.7404753,0.785723
0.8062572,0.37009743
0.01617853,-0.02562552
0.011154555,-0.18219519
0.58536464,0.6435631
0.026338339,-0.022220187
0.5153022,1.1116523
1.21254,0.5088103
0.8588642,2.0484428
0.0016712399,0.32679296
2.1366496,1.5388719
1.0288439,1.1927544
2.3251293,1.6505642
0.9540138,1.4628707
2.4543946,1.1703246
1.5091873,0.70869136
0.011556217,0.43169186
0.0058564814,-0.18659887
1.6330236,1.7082694
1.799433,1.3224155
2.0735455,1.4235047
1.6889443,0.78361034
1.5424477,0.8642145
0.9714807,0.60282946
0.0015572917,-0.024041787
0.00066686946,-0.17125583
2.187891,2.4155319
0.60610515,2.2531319
4.902062,2.13224
1.2296892,1.8763808
3.1249154,1.4123814
1.27646,0.6751728
1.2855285,1.7934664
0.5549656,0.83765304
0.0029913597,0.062456094
2.4583306,2.216624
1.2110659,2.395363
2.9586875,1.47439
0.06272554,1.0686127
1.5940397,1.020877
2.9230547,2.0092025
3.3288743,1.8634572
3.7324758,1.5000696
0.23985799,1.0223356
3.0893505,0.9250782
3.0485404,1.065224
1.4713948,1.1621104
2.4837153,0.6123284
0.92267746,0.41946226
1.6612526,0.43233272
0.003994488,0.32386667
0.034654215,0.97087187
0.61059135,1.2154945
0.0073489742,0.84965074
0.0032245098,0.12866575
0.9878798,1.5559107
2.9414506,1.3620592
0.72643036,0.92675364
0.0017237946,0.12616289
1.0565339,1.7544825
1.9310813,1.165968
0.0033527014,0.8274765
0.0014324913,0.23860776
1.9265803,1.764462
0.73907936,1.6706039
0.043276317,0.63428795
2.63954,1.2907573
1.1752689,0.78105295
0.604672,0.41538396
0.0023518703,0.04795119
2.6621993,3.5206487
0.5464265,2.8555324
0.68067235,2.441673
0.7349356,2.6757505
4.6538916,3.020081
1.435276,2.0991187
3.0637193,2.2711127
1.2062165,0.8640984
1.0776724,1.9025815
0.7055208,1.3932556
0.91780424,1.2367381
0.0083562,0.66575384
4.027219,2.9151335
2.2556987,2.5696497
4.2328773,2.1388056
3.0241795,1.2776465
0.0012074156,0.101372704
0.0022044235,0.35589555
3.6408415,2.7350562
3.9671235,2.1170514
4.093251,2.1697528
0.044957556,1.8659065
0.59768826,0.93388695
0.69825995,1.278013
3.8048189,1.1526972
3.4725876,1.7229587
2.027514,1.4261419
2.692278,1.3058835
1.127325,0.5458367
0.57736456,1.4125421
0.70266175,0.7638258
1.9341643,0.6762582
0.003904321,0.23795041
0.014683036,0.55678064
0.0014055555,0.62888235
0.00057100697,-0.007961102
1.1074642,1.0823412
0.005817,-0.17990154
0.6002951,1.4349161
0.0009966667,0.08066925
0.6369599,2.0798402
0.99055845,1.1554383
0.011962559,0.59262764
0.0,0.570446
3.0763693,2.606686
0.7283986,1.9416286
1.1234561,1.7797056
1.2270564,1.6692853
3.9597902,2.1078625
1.5168555,1.2119061
0.014225778,0.6917753
2.5486267,1.6619496
1.2815998,0.2579928
1.3559219,0.94679165
0.014584251,0.055555135
1.149813,0.9768207
1.1024182,0.7831559
5.2253466,2.153992
3.320395,1.8361522
5.1229773,1.5961363
0.8961382,0.7850203
0.79837155,1.0209849
4.098499,0.91016406
0.0010076594,0.014443204
4.019937,2.0393212
4.3889666,1.4471964
4.4864626,1.7264491
1.121143,0.712779
1.321997,1.0429837
4.294243,0.8978832
2.9449942,1.1384534
1.7166866,0.7551817
2.4898386,0.8891896
1.1304187,0.15030149
0.5363172,0.7442537
1.2424698,0.526184
1.6524595,0.42703304
1.2610095,0.93981874
0.0044738688,-0.18383294
0.6475609,1.1523817
0.5034826,1.5122871
0.0025848208,0.3040254
0.0020189297,0.20833743
0.0029244914,0.20832536
0.7091603,0.94688565
1.4539299,0.65384614
0.5711713,0.46612093
0.0044064843,0.2427434
2.4679682,2.62575
0.54005116,1.9967347
0.58068836,1.8116368
0.65666497,1.8210615
0.006588542,0.47016677
4.1834426,2.021434
1.1644692,1.1787239
2.5417464,1.5571482
0.8730557,0.2921738
0.87010026,1.0359384
0.5934005,0.90253055
0.8855779,0.7233048
4.100304,1.8782243
2.6144829,1.677659
4.4531684,1.3449501
0.014265688,0.4024488
3.270653,0.76697147
0.00089569716,0.30014196
3.6458852,1.8773757
3.8992376,1.429034
4.0871887,1.540025
0.63955516,0.59904927
0.8374533,0.9099591
3.8289924,0.78379536
2.9266932,1.1426243
1.6118847,0.88015264
2.2809014,0.80746084
0.79010445,0.27905056
0.025551833,0.42656505
0.794396,0.51072824
1.3746216,0.4331916
0.0046161404,0.31816626
0.004420699,-0.023060389
0.8887954,0.5885449
0.0019615593,-0.062089153
0.003887707,0.54033196
0.5694426,0.50985885
1.3158598,1.5864272
3.0468931,1.2500488
0.7364682,0.65168405
1.9490796,0.8937117
0.0023781634,0.09656001
0.0016201971,0.18667012
3.057064,1.5854642
1.2937247,1.5063363
3.834539,1.0737772
1.9656956,0.6767427
1.939851,1.4669455
2.693394,1.1389743
2.8255322,1.1925496
2.3011017,0.669001
2.130185,0.78331226
0.82044286,0.53470576
1.5641001,0.4905904
0.6513916,0.29841888
0.0017935256,-0.076425366
0.0026668499,0.094946004
0.003353385,0.35362205
0.0035063967,-0.09489948
1.2868872,1.7387773
0.0025030442,0.29548612
2.3089352,1.4248021
0.556626,0.8609542
0.9525635,1.0487562
0.389874,0.5052699
0.0019813252,-0.167463
2.423453,1.4969989
1.0179627,1.4747107
2.4406075,1.042628
0.012148558,0.32543615
1.7371806,0.62625104
0.010088957,0.5165855
0.0011141599,-0.038704865
2.1394243,1.5780547
2.4327867,1.281829
2.3931038,1.2889303
2.410963,0.70362693
1.9687994,0.9148284
0.73486805,0.74509656
1.137251,0.58801985
0.004090796,-0.016043276
0.67302686,0.33190694
0.006274197,0.13548872
0.0022130953,0.16539353
0.012605066,0.24823576
0.0025024428,0.15567148
0.0021496732,-0.1148146
0.0006173048,0.17137748
2.5826595,3.2284203
0.58275545,2.2872508
0.7494287,2.3911822
0.7001298,1.9892882
4.629259,2.7124357
1.5330524,1.4800667
2.5265794,2.1831534
1.3190588,0.42897448
1.0330073,1.2237054
0.6521382,1.1804402
0.839218,0.98514766
0.0065780003,0.45666185
0.009940846,0.2111373
3.6830654,2.5295453
2.3352952,1.9458328
4.2191772,2.0118704
3.2069416,0.9985243
0.0,0.03956958
4.2024965,2.5002759
4.3752975,1.7632746
4.233958,2.129543
0.5552694,0.7291554
0.88361347,1.155805
4.0652966,1.0090955
3.1210043,1.4759724
1.5451157,0.92259866
0.011568452,0.6190052
2.3856902,1.214008
1.0001273,0.20696184
0.55289227,0.8491392
0.68549263,0.6047247
1.4287914,0.48457322
0.0024992402,-0.031188108
0.0047991243,0.36345848
0.82492644,0.8261208
0.5465468,1.0469652
0.00080612744,0.19833428
0.0,-0.26017833
0.0025314162,-0.066546634
0.0,0.4655386
0.044947714,0.3908518
1.9140153,0.29935807
0.0028093103,0.9715025
0.0020922392,0.17085409
0.92077214,1.6121118
0.0018031799,0.78094697
0.00240776,0.06833823
0.66029644,1.3289782
0.0040409723,0.24322456
0.0027103936,0.29841802
0.0016835586,-0.04815749
0.0024581465,0.6157775
0.00272043,0.50874513
1.6260802,2.1902876
0.0026708816,0.3517672
3.3958426,1.5862902
0.9053843,0.90099645
2.0849624,1.1668066
0.73461586,0.18282288
0.6106867,0.85982716
0.6375897,0.6109655
0.0018945852,0.14639005
0.0032094067,-0.044651583
3.075844,1.610772
1.7410682,1.4838095
3.592497,1.1078502
2.5075386,0.6951165
2.6803021,1.5737016
3.055223,1.261952
3.150012,1.2660359
2.7800221,0.7191337
2.7937121,0.9230385
1.1498715,0.714269
1.8598185,0.6007966
0.6704374,0.19806296
0.5242934,0.42096347
0.9013462,0.35420284
0.003675447,-0.01165805
0.56801224,0.44821832
0.005270833,-0.017868437
0.0060255993,0.5518136
0.53676915,0.27615047
0.003806713,0.39306358
0.00417992,0.22271359
3.0667078,2.7772667
0.7935735,2.1118162
0.972963,1.9339727
0.9558988,1.8983433
5.321112,2.2999873
1.8564066,1.3934689
3.6055124,1.7749327
1.5520729,0.39282647
1.4166161,1.1975629
1.058555,0.9977525
1.4470775,0.8211572
5.0445995,2.2131217
3.240656,1.9131566
5.485226,1.6482455
0.78412366,0.771408
0.67983526,1.0311992
4.799635,0.9306843
4.76081,2.1891994
5.1143403,1.661654
5.3047776,1.8000413
1.1228254,0.69837034
1.4729892,1.0689259
5.1440926,0.9416431
4.2519846,1.3021296
2.542716,1.0250435
3.328228,0.9760191
1.3993556,0.3217741
0.8485288,1.0928825
1.3315201,0.58093023
2.2927275,0.4984878
1.2814993,0.72405803
0.6858429,0.9310249
0.0027587654,0.011608001
0.01479247,1.671796
0.9445749,0.7168973
0.0033121854,0.16204295
0.514216,0.48631424
2.6168149,2.4092448
0.59080327,1.6200775
0.6785859,1.6058244
4.8232775,1.982261
1.2383034,1.1853908
2.6489093,1.5052971
0.8211651,1.0243754
0.0,0.077262305
5.4678245,1.9022666
3.7624972,1.667544
5.068043,1.3796438
0.51938254,0.6539557
0.6495659,0.89595425
3.8297155,0.8024039
4.509016,1.8489931
4.389941,1.4052999
4.634166,1.5023646
0.60978365,0.92926383
3.3016245,0.8096556
3.7085583,1.0921884
1.5983925,0.86514664
2.6515408,0.74902594
0.5202756,0.93520486
0.6524413,0.42074683
0.0012021199,-0.01872871
0.0027810035,0.25708535
0.5717363,0.6281488
0.0021890744,0.0007365048
0.6570698,1.1858425
1.2176323,0.49882314
1.340972,2.2616892
2.5266516,1.5944527
1.2799219,1.2278384
0.0022429079,-0.16995668
3.0904696,1.6924429
1.6981791,1.5075668
3.3711824,1.1926067
2.1254714,0.7195195
0.0058612525,0.3490144
0.010583202,0.7653092
0.0016644737,-0.058222793
2.0142467,1.5902406
2.1916292,1.1991713
2.427867,1.3186382
1.915368,0.71559685
1.7936302,1.0138252
0.6309328,0.6884866
1.2135514,0.7215003
0.14127405,0.80841637
0.0019729144,-0.02860748
0.003305053,0.056439795
0.01577206,0.8832786
0.029630631,1.5066282
0.5328611,0.45942354
2.6894982,2.781514
0.61630493,2.1690853
1.0269669,1.9286528
1.0668815,1.8651184
4.030629,2.2947195
1.5404177,1.4057751
2.8325567,1.8034537
1.2641056,0.40177053
1.3524132,1.1252964
1.0458578,1.0965768
1.0848204,0.9101901
0.013153156,0.41510168
0.0025964081,0.05502948
5.2488785,2.3217907
3.2247248,2.0682745
5.1412644,1.7450113
0.86528224,0.8960175
0.8424799,1.1422473
4.088771,1.041832
0.013684892,0.23436958
3.6621718,2.2965243
4.045932,1.7560564
4.0882583,1.9323784
0.8703634,0.8577975
1.0296036,1.224828
3.8246057,1.08818
3.3199403,1.2659682
1.8003297,0.9267693
2.6296046,0.9883329
1.1572592,0.26534247
0.029337287,0.3819143
0.5608681,0.93222374
1.2442374,0.61540186
1.6926211,0.52337885
0.00242517,0.11880908
0.0035804943,0.35750476
1.295751,0.9113759
0.21844992,0.5935386
0.515458,1.0821756
0.91613954,1.0486252
0.6229015,1.3745395
0.0041585057,0.16251531
1.6056818,0.6623124
0.0121935485,0.5988425
0.69465137,0.512681
4.1617994,2.5298119
0.95695305,2.5283449
1.44547,1.4413065
0.51637715,1.6368998
1.9022689,2.5276291
7.282333,2.1644838
2.6615531,2.0484848
4.579237,1.4044539
3.0226014,0.7838106
0.70913625,1.1698598
2.6382694,2.008931
1.2959912,0.93734914
1.3104609,0.831403
5.8415833,2.4074357
4.07522,2.7306492
6.3434973,1.6036986
0.5358153,1.0461918
4.597263,1.1397418
1.13687,0.9485791
6.291083,2.2518556
6.857543,2.1926973
6.877949,1.6368271
1.3797748,0.8669129
1.5598812,1.0909833
6.6897297,1.0066103
6.147298,1.1648898
3.2083874,1.3605475
4.9163003,0.6507658
1.9178877,0.4902923
1.3479853,1.5377012
1.0697321,0.51159537
3.0143733,0.46924996
0.0023476088,1.0062777
0.0010265294,0.22585025
0.0041597807,-0.014054649
0.003126426,-0.04416556
0.01598197,0.14721534
1.5992099,1.2731439
0.1220234,1.7380587
0.55335903,0.75427383
1.1784238,1.3495549
0.22899914,1.6667734
1.9189906,0.48231062
3.1663387,2.5052674
0.7067435,1.5725921
0.9365735,2.0112455
0.0056366753,1.2383156
6.044237,2.359296
1.6916081,2.0098765
3.695995,1.7016431
1.8115195,0.7798333
1.7576842,1.844544
0.5812885,1.0524713
0.8076381,0.91979283
3.1680458,2.2113216
1.63254,2.2920494
3.4540343,1.540271
0.009616959,0.41842982
1.8781756,0.94058794
0.0031870154,0.22190166
3.4326663,2.0476763
3.9329972,1.7470341
4.2536006,1.5713533
0.5980608,0.69385743
3.4808583,0.8418603
3.5661151,1.1209612
1.9343958,1.1409788
2.989725,0.7301017
1.3704166,0.38682407
0.8673048,1.2110797
0.54171765,0.47370514
2.0845485,0.41408446
0.0012346096,0.13647476
1.1920134,1.2936363
0.76708305,1.4024456
0.7121961,0.6334425
3.9392216,2.0213363
0.86663,1.4048758
0.88157755,0.8243654
4.4342294,1.7460643
2.0242257,1.4188665
0.005339286,0.08988966
2.060189,1.6429776
0.71566206,0.9808568
3.2221396,1.2729717
1.4057355,0.552636
2.3550508,1.7491518
2.2580955,0.89947116
3.594757,1.5325787
2.3536496,0.606076
2.0840123,0.99398625
1.6771889,0.77041256
0.0043333336,-0.109179266
0.0022840279,0.1906363
0.004420699,0.46978077
0.06196117,0.43406233
0.7062214,0.50225407
3.3575208,1.8625628
0.17561027,1.0089016
1.0102576,1.4065588
0.080711655,0.25264305
0.5749198,0.86640733
0.9592917,0.7054541
2.5709915,1.464853
0.95738834,1.2657775
0.02257157,-0.1273064
0.004249354,0.073680766
1.8353951,1.4270623
0.57688016,0.79590905
3.3623216,1.193127
1.5045247,0.42597744
2.0131478,1.460301
1.0610436,0.64595264
3.4499443,1.3937161
2.1138544,0.47234967
2.0584219,0.9287822
2.1493905,0.8136202
0.013369919,-0.23665583
0.016978614,0.4957096
0.5250808,0.76076627
0.045365516,0.23076141
0.9033169,0.58619773
1.1665419,1.7348708
1.4867083,1.3079314
0.7956667,1.1710163
0.70172286,1.2410558
1.5678861,1.0063331
0.8044872,1.3911802
0.9049101,0.6434305
1.6727452,1.3178607
0.91637546,0.51475734
0.7641467,0.72734416
0.005790493,-0.071736105
0.78326404,0.6640024
0.0041844784,0.39467287
0.0027408334,0.03394288
0.0064871795,0.08830385
0.0,0.39909437
5.6009126,1.4935755
2.2939239,0.8751379
3.2475655,0.6916404
3.193753,0.5764007
3.8886192,1.2596098
0.61469173,0.73785794
2.2561843,0.8928124
0.75788194,0.57493764
0.015226852,0.09415367
0.0020763888,0.3552552
0.5009428,1.2428663
1.7794203,0.8594651
0.022348333,0.3915765
0.0022651516,0.0021639913
1.1649414,1.2031344
1.3418664,0.6575663
3.2886927,0.9976111
1.3007712,0.45479232
1.2269028,0.7036544
1.8943995,0.44691536
0.0018272222,0.32549343
0.0036131514,0.13235328
0.5311597,0.7652241
0.0058770305,0.35662505
0.0076845796,0.061886996
1.9578217,1.4009296
0.013051587,0.9414076
1.8255382,1.3033777
1.3683069,1.2110794
0.0023774267,0.027445063
0.0069,0.43472546
0.0034089966,0.21828073
0.0045037167,-0.04190673
0.01172549,0.67354345
0.0047012577,0.053869598
0.0025232069,0.58059824
0.003972222,0.610443
5.4403296,2.6580827
0.89190656,1.5746962
2.7216666,1.9270321
2.2092195,1.1605251
2.878745,1.0004166
4.6492944,2.141026
0.8114593,0.9274427
2.3743625,1.7714387
0.6429624,0.5845962
0.7533464,0.74800354
0.0039837696,0.02643913
1.6824414,1.9581801
0.87925935,1.2236245
3.6152897,1.57831
1.4022869,0.63413715
0.0018394855,0.43947282
2.3097231,1.8596987
2.6566923,0.9666708
3.9808276,1.681317
3.0472603,0.61490774
2.5802302,1.2141167
0.7713892,0.5049118
2.2584467,1.0475175
1.0909592,0.33106083
1.3972418,0.9750933
0.81449294,0.8764608
4.4372888,1.8836994
1.2704253,0.97711897
2.5246015,1.4102219
0.29773423,0.08558979
0.8245662,0.54772437
1.815924,0.8716215
1.5914441,0.6950846
5.081244,1.4776946
1.4654506,0.4953339
3.5041296,1.3042121
0.68663585,-0.035041243
1.7988522,0.085787825
0.8347557,0.7008695
0.8861705,0.5107607
0.0023032213,0.028496832
2.8689415,1.463698
1.4183147,0.79212946
5.0670476,1.2288247
0.5015316,0.6190793
2.3046799,0.47547013
0.006591182,1.1628287
3.4458878,1.4176931
3.7790496,0.5671742
4.4302764,1.3689648
0.78638184,0.6533109
3.382388,0.5037219
3.3389342,0.94534945
1.1299927,0.24215785
2.5378468,0.8530363
0.84716666,0.40208846
1.2965382,0.26255652
0.0020272436,0.14826104
1.4693657,0.99864286
0.25885648,0.38110986
1.1253369,0.6630722
3.2375498,2.1008258
0.52247137,1.1521267
1.2676355,1.6108729
0.707969,0.82552683
3.7588573,1.5775033
0.7659518,0.52914464
2.1224947,1.3863062
0.52325,0.20436335
1.0081667,1.4423386
0.53116924,0.8609413
3.2413838,1.2035614
1.2772872,0.4692884
0.0,-0.024779849
0.001986111,-0.20659113
0.0,-0.016811386
2.3645782,1.5104429
2.6183705,0.7573892
3.6571717,1.4193853
0.02220422,0.18723121
2.6958225,0.536481
1.9500872,0.930168
0.55022746,0.32158184
1.8047898,0.83153975
0.6312033,0.2859379
0.003915476,0.08645269
0.0040012165,0.084438264
0.6802087,0.7312218
0.0012127581,-0.05403719
2.764818,1.261573
0.90079606,0.8544809
2.629266,1.0008179
1.4904553,0.85916054
0.65598786,1.1258353
2.714291,0.8841816
0.62712073,0.375469
0.0008927796,-0.16143689
0.0032758964,0.019526817
1.024249,1.1069173
1.516937,0.4357038
2.7068636,1.0370727
1.5710514,0.4006919
1.2395481,0.62290275
1.2537855,0.51212007
0.0064439657,0.0661582
0.003955842,0.25635648
0.005307952,-0.051736735
0.0011890817,-0.092104055
0.0033323201,-0.31442943
0.009224944,0.042487986
0.0042877058,0.08178577
0.0018111233,-0.0028868318
2.1716037,1.2764686
0.63707185,0.9012893
2.4234066,1.0812182
1.2916982,0.9003589
0.017746404,0.05733989
1.9035422,0.8180959
0.00325,0.13079628
0.60638696,0.31337693
0.005481667,0.1020822
1.218299,1.1978537
1.4980072,0.54933244
0.0050468603,0.08241511
2.2997944,1.1139582
1.6263266,0.39914015
1.2386458,0.6972873
0.98648673,0.56141675
0.0030538533,0.35713992
0.002514526,-0.26587903
0.005294329,0.53216624
0.0015820105,-0.28163984
0.0043276316,-0.040475883
3.9284127,2.3716986
0.5373948,1.1388739
1.3310777,1.9557503
0.7381196,1.0935699
1.3899677,0.9043497
4.3812504,1.9057598
0.6163089,0.6101785
2.2672257,1.7477419
0.6363909,0.17014566
0.75255007,1.6561002
2.800789,1.5232657
0.0005342755,0.030881189
1.3822354,0.4646742
0.0031145834,-0.23978147
1.9111757,1.7132655
2.293763,0.76107514
3.8238852,1.7027856
2.8343606,0.5294489
1.7534729,1.0730971
1.9539033,1.0723691
0.65978134,0.25393817
0.0021412761,0.51361537
0.0021329443,-0.13906854
0.87877303,0.9141551
0.00855104,1.0373319
0.0021002553,-0.11638788
0.94087803,1.2326461
0.61423707,1.2256161
0.007583333,0.06079992
0.0,-0.16064885
0.0016611111,-0.24721566
0.0016737913,-0.13699424
0.0039295102,0.14320134
0.0009894705,0.09358045
2.4289975,1.7339108
0.8814702,1.2767149
0.5170124,0.7101626
2.941227,1.2524072
1.5462868,1.058658
0.0011096491,0.26331508
0.0,-0.1347683
0.004216667,-0.26409286
0.9156875,1.2068052
0.006229167,0.123783916
2.7570834,0.92667675
0.97758156,0.39977887
0.0,0.13998178
0.009451149,0.07619447
0.005094486,0.3295725
0.009516782,0.34657907
1.5535523,1.270261
1.7620673,0.6121542
2.7391896,1.164382
0.014895833,0.17054307
1.8679606,0.4542234
1.7125899,0.7553927
1.3359294,0.62716967
0.0061296592,0.014326267
0.0037891704,-0.22688094
0.012432646,0.32250157
4.158653,2.1948109
0.65771973,1.2081289
1.7492608,1.6637069
0.76674217,0.95131445
1.1749492,0.8083321
4.764441,1.7464018
1.07888,0.6277194
3.2598338,1.5169247
0.5553967,0.07082341
0.7639803,0.2903377
0.7004109,0.58773637
1.3780352,1.5991336
0.6748121,0.9214716
4.2671638,1.3424789
2.2163146,0.51270866
0.007294994,0.42694205
3.1475766,1.6258162
3.680022,0.80952144
4.7277,1.5208951
0.50542355,0.71248746
3.8239543,0.5622286
2.7307673,1.0617205
0.8917497,0.39274344
2.8003454,0.94047135
0.016276423,-0.109850235
0.0027685186,-0.10371425
1.0902629,0.30299827
0.0016763507,0.012135528
0.0020277435,0.30975312
0.0030453703,-0.10594832
0.9492209,0.8464397
0.00060105993,-0.010108247
0.0028207547,-0.06344612
0.005291184,0.1654254
0.52336,0.71498215
4.229563,1.8662789
0.96382296,1.3933185
0.8281009,0.7278346
4.278354,1.5676347
0.56767607,0.5611584
2.0091946,1.3442
2.0546162,1.336917
0.9254197,0.7304185
3.4978704,1.1029011
1.4284837,0.4316407
0.0018560948,0.042295836
2.323747,1.404774
2.0778353,0.6326879
3.7554107,1.3081535
1.936707,0.49207145
2.001622,0.9263701
1.6465265,0.77703524
0.001922043,0.33861265
0.0020711587,0.24642044
0.0019133217,0.11077028
0.00048254107,-0.05463451
0.7582351,0.5119073
2.8069499,1.8587176
0.17682795,0.901724
0.6823143,1.4533869
0.6589591,0.786674
2.4406886,1.295425
1.1114051,1.1671808
0.74633133,1.2748314
1.9101431,1.0373904
0.5654772,0.421124
0.002963063,0.13711977
0.0047805235,0.091331
0.0044931695,0.3365652
0.0,0.076597735
0.0020006082,0.01829296
0.9184973,1.2965884
1.0423472,0.5613994
2.03572,1.2587055
0.0103308335,-0.08651055
1.0058006,0.47000527
0.84886,0.81123644
0.9924271,0.7440564
0.0014735663,-0.14755481
0.0016314484,0.0037165917
0.004956299,0.10927241
0.005123053,-0.022792801
0.0022362245,0.23415318
0.013051587,0.5238631
0.0012181482,0.24220777
3.9118996,2.0353968
0.9617535,1.1649778
2.263832,1.5330366
0.18606257,0.22330454
0.59414196,0.6993573
0.011431215,0.5285774
1.4532161,0.9609325
1.4589018,0.7916122
4.1072445,1.6034225
1.2249485,0.5899726
2.9024649,1.3957146
0.5726681,0.035604246
1.3893335,0.19971085
0.59741837,0.8061621
0.7393417,0.6198228
0.0018805031,0.02335962
0.0029845736,-0.16927785
2.565586,1.5577203
1.413418,0.93989974
4.495275,1.297017
0.12869619,0.24554804
2.11748,0.5532576
0.0046454803,0.018904064
3.044613,1.5954009
3.2699974,0.78552175
4.0920296,1.4992656
0.56295633,0.7855373
3.089531,0.63381916
2.916835,0.97415626
1.0553489,0.31809193
2.3715823,0.88324744
0.0050060884,-0.0076392367
0.6803798,0.4515504
1.1192843,0.31658006
1.1913047,0.9319444
1.1129981,0.63114166
5.6719127,1.6424818
2.566246,0.97353005
0.8311875,1.0826213
2.9728744,0.7071924
2.945936,0.6063831
5.9747186,1.3129529
1.4674,0.79512835
4.352548,0.90577453
0.7522713,0.14376353
1.2380469,0.6741071
0.58540624,0.58914065
0.5134812,0.45154417
0.0,0.36761823
2.076817,1.4690146
1.0111452,1.3110933
0.0077570756,0.23150006
5.013018,0.9888537
1.3450385,0.5349614
3.3451219,1.4687066
3.8589194,0.95654076
5.631268,1.1590481
0.01595194,0.27662224
3.828882,0.5390652
3.1497118,0.72059476
0.9572463,0.42818955
3.8100595,0.42371222
0.7782458,0.2227006
0.0034260417,0.23537895
0.001957738,0.26110977
0.0,-0.00011511892
0.012565425,0.30589318
1.3223319,0.8211912
0.994821,0.2733749
6.9813333,1.6453227
0.84306645,1.0007634
3.4651964,1.1117597
0.008459362,-0.019924901
4.551203,0.74005246
4.312032,0.5932137
4.60396,1.4685193
0.99572045,0.8159559
3.4638462,1.1500887
1.0205998,0.13615003
1.24006,0.5523408
0.51771295,0.6634696
1.12278,0.49480554
0.6982351,1.3260413
2.0387063,1.0183071
0.016314484,0.2935525
1.6365893,1.3259857
1.8015424,0.6922445
0.0024692193,0.1158089
3.8692737,1.1829748
1.9393045,0.46821868
1.578517,0.744885
2.1415045,0.54739106
0.8042773,0.19765794
0.0033424797,0.004199706
0.006423828,0.3844384
0.36857682,0.79347515
1.0448704,0.9165525
0.0022527399,0.09049154
0.026281964,0.44865632
0.0044931695,0.04359913
