y_test,pred_test
0.98238856,0.9316623
0.600373,0.91251826
0.6578,0.93412507
1.7040833,0.93558633
1.2494249,0.9316765
0.58568084,0.92905724
0.5743035,0.8623185
0.6085993,0.8576727
2.925753,0.9408686
2.15209,0.9345425
1.172411,0.92850506
0.50454175,0.9207196
0.6638469,0.91934913
0.7388154,0.9282418
1.0020419,0.9280765
1.3046321,0.93326503
2.4602628,0.94360524
4.073126,0.9455389
0.51766163,0.8869091
0.53241473,0.8971786
0.6230959,0.91540426
1.2814854,0.89432955
0.5078824,0.8801263
0.6189115,0.89106566
0.71070445,0.883289
0.23416829,0.8894695
0.5348796,0.901196
0.6209701,0.9228307
0.7112289,0.92009795
1.9185834,0.94204926
1.1501712,0.93965566
1.732914,0.8638614
0.8600546,0.85346913
1.5202334,0.8477335
1.1630666,0.85715675
0.08809821,0.8639741
3.600576,0.9472961
2.8037984,0.9427981
1.4465996,0.93847734
1.0466158,0.9301963
0.7213437,0.93242955
1.0694145,0.92902064
0.7372842,0.93159777
1.4420679,0.9363901
1.4900869,0.93786335
0.7927333,0.9377585
1.587305,0.9434059
3.1809108,0.9489852
4.1127644,0.9516449
0.016502399,0.8177391
0.0069564297,0.8751608
0.56541896,0.82667094
0.00475289,0.855029
1.3472397,0.9279028
0.8094689,0.91817594
0.53740287,0.9174618
0.50420344,0.9209532
1.3839574,0.9311516
2.4871645,0.93186307
2.5112157,0.95007646
1.5704924,0.94868916
1.5116473,0.86825055
1.4892794,0.8782625
0.840125,0.87571645
0.8745982,0.8519411
0.87680894,0.8614727
0.0,0.8794446
0.013208835,0.88448054
0.505034,0.92694324
3.1674454,0.9568072
0.5395114,0.92750734
2.8676481,0.95056605
1.6436164,0.9443077
1.3680043,0.938039
0.5464933,0.94951355
0.817504,0.94148725
2.286307,0.93584675
0.8770667,0.9399891
1.7450365,0.94592404
2.0586207,0.9453627
0.94182557,0.94583535
1.677969,0.94868207
3.7202783,0.96007156
4.3877454,0.9599492
0.54933435,0.89244455
0.65358335,0.8961851
0.021853266,0.8092005
1.384152,0.91130793
1.3592564,0.89666563
0.61898243,0.8996435
0.50756174,0.8762555
0.7462926,0.887357
0.6491187,0.8899261
0.7819765,0.9003347
1.2492139,0.9188187
2.4545143,0.91540295
2.2602377,0.9433473
1.4342774,0.94757116
1.2161715,0.86399734
1.0213482,0.87323886
0.51787716,0.87092555
0.5600833,0.86902034
0.07581028,0.84718144
0.71761477,0.8571085
0.5019863,0.9219096
4.029066,0.95690614
0.73143363,0.92080986
3.356962,0.94779265
1.7290988,0.94853723
1.2827276,0.93192935
0.63300353,0.95210433
0.8758065,0.9430976
2.0880244,0.9317171
0.7139185,0.9228835
0.90620834,0.93555015
1.7196671,0.9415099
2.2676997,0.93892425
1.1379353,0.93946695
1.7626191,0.951993
4.0459604,0.9619832
5.0752993,0.9609743
0.88327634,0.93120724
0.8067017,0.9317746
0.62843394,0.8511505
0.6580133,0.86177695
0.09404033,0.8407246
0.5240616,0.8780645
0.23160042,0.8649199
2.266508,0.9404144
2.0372946,0.93516034
1.3368436,0.9314332
0.9265599,0.9204861
0.55757964,0.92568326
1.421862,0.91811895
0.6143449,0.92385703
1.3114794,0.9275983
1.3135364,0.92784476
0.6103087,0.9301483
1.2884439,0.93624717
2.350802,0.94483936
2.7993624,0.9447425
0.01749468,0.8280221
0.0026558463,0.88195354
0.08043383,0.88325757
0.5299658,0.915987
1.0740854,0.92011094
1.0339304,0.901845
0.510694,0.8952909
0.57210124,0.9056717
1.3273025,0.9265336
1.9338102,0.92410856
0.5214297,0.89940876
0.5824577,0.90004617
1.3816297,0.9141273
1.331554,0.9011476
0.65459746,0.90197706
0.69899416,0.88859504
0.5947497,0.89542764
0.76515305,0.903563
1.1426334,0.92069423
1.8930023,0.9178708
0.0010905173,0.83056784
0.88098216,0.91412306
0.67487407,0.8933998
0.896845,0.91788614
1.5217373,0.920853
1.1053691,0.89507616
0.9025848,0.89982045
0.0,0.8421024
2.6956902,0.918245
2.0736568,0.90100884
1.3525417,0.90277743
0.6980349,0.8851518
0.8808042,0.88277364
0.5481667,0.88636494
1.0650783,0.8911341
1.1665889,0.8943988
0.5969564,0.9006239
1.2840325,0.90300894
3.25713,0.92326784
3.6861413,0.92387044
1.7515326,0.91982144
2.8002732,0.9306203
1.6210072,0.9277551
0.5654512,0.9102783
0.583696,0.9485768
1.2154024,0.9342145
2.485872,0.9249478
1.1876944,0.896734
0.8347462,0.90344816
0.9703759,0.9133707
0.55813336,0.919728
1.4524724,0.91502225
1.4719291,0.928914
1.4611344,0.92571235
0.92777383,0.9313537
1.6258348,0.92196965
0.858608,0.89098907
0.75624627,0.8981745
0.6977011,0.9086877
0.53555197,0.91500765
4.1579833,0.8603698
1.6411978,0.8706756
2.3678539,0.8501234
0.0049833334,0.8435692
0.85351425,0.87342066
1.502564,0.8650178
0.94606835,0.84390473
3.6871421,0.86732054
1.5759792,0.8787433
1.9185834,0.8584616
1.4995403,0.8592162
2.650867,0.852702
0.523542,0.8529816
0.87249863,0.85599786
3.1452734,0.8490439
0.01713021,0.86213773
1.1184644,0.8506831
0.0051713837,0.8607375
1.1986578,0.85420394
1.0885024,0.84665823
0.0057100696,0.8236661
0.014425439,0.8447151
0.0,0.83103687
1.2924167,0.8529792
1.0486667,0.85058486
0.6852083,0.9081823
0.60882443,0.9058639
1.066862,0.90225184
1.7080747,0.9266291
3.703518,0.94001573
0.69434446,0.8954266
2.8882813,0.93532836
0.81955534,0.91957545
1.5481586,0.9569121
0.020086486,0.9071857
2.664297,0.941739
4.033624,0.9327801
3.094276,0.90481424
0.79629296,0.9104831
0.97468275,0.92022085
0.9717861,0.92442125
0.0029737793,0.9351508
0.6763669,0.9044866
0.75372916,0.90423006
0.77967393,0.90173346
0.68944675,0.8988182
0.03945139,0.90784764
0.53411114,0.9060465
0.07395899,0.9038912
2.7888749,0.92311305
3.1582592,0.9342874
3.0864167,0.9311243
1.5670416,0.91385233
1.2463579,0.95169926
2.4421706,0.93761677
4.77449,0.9287384
1.936348,0.89998686
1.1582232,0.90671265
1.261598,0.91663563
1.3481334,0.9228836
1.9298059,0.9104735
1.9539315,0.9243187
0.9283129,0.92149496
0.62064064,0.9029838
0.54719126,0.94374096
0.7598976,0.9270819
0.927354,0.916806
1.0977083,0.88713
0.93633384,0.89302623
0.8712701,0.90356874
1.6874105,0.90694743
1.8587445,0.918091
1.318551,0.91580665
0.59446955,0.8981788
0.70259994,0.92127377
1.7846508,0.91232866
0.8462059,0.891461
0.68410695,0.9009792
0.7062014,0.9182496
0.84096086,0.9321794
0.7047857,0.924631
0.93996733,0.9069777
1.1327391,0.9205252
0.9059362,0.91717243
0.59892285,0.9228606
1.761405,0.9137723
2.6980803,0.90479875
2.8338556,0.9163307
1.7782108,0.9139706
0.8215381,0.895928
0.87875944,0.919472
1.7159309,0.910606
0.6427359,0.88278663
1.1127543,0.8894745
0.92690295,0.89934474
0.8680537,0.9047644
0.79910976,0.90074384
1.7121309,0.9119524
0.9442871,0.9106156
1.0446944,0.9218662
1.141042,0.9193281
0.5942694,0.9252479
1.6360013,0.9162178
0.40401435,0.9042121
2.1890144,0.9145268
2.2693877,0.9259582
0.07060564,0.8878957
1.9100349,0.9234306
0.86030453,0.9057303
0.95707923,0.92918766
2.373537,0.9197124
0.5654074,0.8898202
1.1833682,0.8974841
0.9405844,0.90798765
0.57285887,0.9132786
0.15569231,0.9422608
2.0872693,0.9167292
2.770228,0.92707556
1.9346161,0.9245308
0.6082565,0.9073052
0.58446234,0.94521093
1.2409388,0.93059003
2.4815865,0.92188996
1.0878814,0.89382875
0.99315524,0.90072757
0.96193594,0.91084284
0.7014065,0.91705906
0.6366148,0.9192509
1.2771322,0.92950577
1.04742,0.92640966
0.6172301,0.9327421
1.0453178,0.92425966
0.56925,0.8966942
0.5060981,0.9192778
0.004050493,0.92489624
1.7614352,0.9158596
1.9718773,0.92910165
1.439445,0.9265312
0.59583336,0.90699947
0.59336126,0.9485913
0.97212636,0.93230677
1.3077275,0.92234933
1.1197909,0.89111435
0.232875,0.8933652
0.9513,0.89774734
0.92154056,0.90891886
2.013522,0.9292633
4.239156,0.94264144
5.3907323,0.93810236
1.0438007,0.92226744
0.5471808,0.9233993
1.9262271,0.96016365
3.6592414,0.944991
5.0028086,0.9352311
2.424272,0.9065615
0.6312482,0.9096979
1.1151257,0.91287434
1.0972006,0.92305624
2.3574529,0.92768574
0.75426036,0.933665
0.5223472,0.9430356
2.4059975,0.9306412
4.026444,0.9436398
3.2983704,0.93933254
1.266004,0.9226002
2.3962872,0.9613821
3.323819,0.94618183
3.608567,0.9373722
3.9106638,0.90765125
0.7179013,0.91081226
1.287983,0.9139119
1.4474714,0.9242038
1.1568452,0.92880857
0.8360446,0.8818201
2.5527532,0.87281597
0.0056130355,0.87807107
0.8190921,0.8379834
0.68107396,0.8468233
2.0869832,0.8723459
0.7098405,0.87405473
0.005431661,0.873374
0.72373265,0.9394299
0.6867077,0.9385031
1.0236531,0.8758481
1.0914966,0.8602121
0.8359864,0.84436035
0.0044798166,0.8766201
1.4159867,0.9451199
0.9630438,0.939843
0.69913036,0.93710923
0.69087124,0.9365218
0.55275434,0.9345592
0.73648244,0.94254214
1.8807497,0.9460516
2.4030876,0.9490606
1.2425112,0.86150444
1.8863382,0.8592677
1.9551278,0.85366035
0.75372916,0.8736536
1.233375,0.87114555
0.5481667,0.87641746
1.3156,0.86704427
1.9396666,0.8109915
1.3704166,0.8120299
0.0,0.8361439
0.83367014,0.816241
0.0,0.8086229
0.013704167,0.86797124
1.717216,0.89340055
2.9749463,0.89060885
1.642994,0.89697677
3.2775798,0.8878646
1.1115602,0.8600552
0.1796357,0.86535364
1.3789818,0.881164
1.233375,0.86387086
2.76575,0.8733587
1.032593,0.8787647
3.3388333,0.8701026
0.5600833,0.8786192
0.020302469,0.83921087
0.5835323,0.87722844
0.6924211,0.87230563
0.69377345,0.8586921
0.9754142,0.8570227
1.0049722,0.8523495
0.0,0.8731984
0.71566206,0.8651471
0.60121506,0.8634093
0.8770667,0.8587023
0.5824271,0.852703
1.3623554,0.8503932
0.14211729,0.87194973
1.0134709,0.84594387
0.0,0.8485067
0.021083333,0.8768783
0.8655263,0.8666559
1.4988933,0.8651932
1.562275,0.85990477
0.49833333,0.8950343
1.0682223,0.86357725
1.2473588,0.8620169
1.9326389,0.85720474
0.0018902299,0.83638465
0.76743335,0.8698442
0.58813715,0.8788835
0.9414167,0.87723583
0.91543835,0.872252
2.1265087,0.89960855
2.1584063,0.89731866
3.8763216,0.8947741
0.5329398,0.8788685
1.20175,0.9159145
2.0475638,0.9014449
4.202611,0.8925287
1.3704166,0.8635381
0.9935521,0.86767054
0.78485346,0.8992149
0.5667137,0.88437504
1.7181343,0.8949056
1.1329165,0.8920708
0.9156663,0.8984465
1.9087752,0.8898962
0.2701491,0.88837796
0.60448515,0.8851688
2.2298636,0.83028805
0.6166875,0.8354543
0.5091081,0.83435225
0.5265722,0.8449801
0.9978762,0.82535654
2.1533601,0.8188515
0.6833237,0.81960356
0.005220635,0.82455796
0.007407658,0.8320865
0.0027967687,0.8103022
0.004090796,0.84828466
1.9168292,0.81733155
0.61908627,0.81986403
0.89176387,0.82471144
0.95868796,0.81595236
0.16736062,0.8136537
0.0069388184,0.80323416
0.008141089,0.83014965
0.023627874,0.8103979
0.0037804598,0.7988114
0.50079423,0.81585836
2.6877115,0.90373117
2.3124902,0.9003503
1.5233263,0.9207584
0.85056275,0.8716486
2.3042848,0.9067782
2.2993793,0.8976153
1.8966206,0.86923826
0.82262856,0.88985413
0.01367444,0.8827072
0.56851345,0.8994795
1.1155556,0.8874307
2.044205,0.89781284
1.795492,0.8951037
0.91211337,0.9156238
0.567069,0.8681072
1.7604789,0.90194744
2.3588805,0.8937215
0.95057803,0.8646093
0.6964111,0.88082254
1.2104313,0.88674295
0.012814286,0.9033069
0.873602,0.8927982
0.51425296,0.87655675
1.1372923,0.8906144
0.55315,0.88831025
0.5718118,0.893385
0.88770753,0.8838439
0.85371,0.88351893
0.5762778,0.8808804
1.1475555,0.8788451
0.02514526,0.8538088
0.003729025,0.88474977
0.51684284,0.8863236
0.8040452,0.8810199
0.55315,0.8894634
0.59707123,0.8710623
1.1711413,0.8822435
0.9002822,0.8799505
0.58390665,0.8860028
1.2873333,0.877589
0.006406623,0.883943
0.49126357,0.8852303
0.82771343,0.88086754
0.00978869,0.8544272
0.62074625,0.89270896
0.6134137,0.87875664
1.1477975,0.8902058
0.8590538,0.88781637
0.5516649,0.89324415
1.3491678,0.88462216
0.9344511,0.8955009
0.5371791,0.8806776
1.4557682,0.8910168
0.9923946,0.88852334
0.75102556,0.89468706
1.5895643,0.8864796
0.6071947,0.8920898
0.5201193,0.8894929
0.5708808,0.88819206
0.9858079,0.8983569
0.57907593,0.88184494
1.3255197,0.895326
0.7192317,0.8931775
0.6545698,0.8983265
1.1073146,0.88915193
1.0303296,0.9046196
2.7060905,0.90584517
4.087757,0.90274864
2.0047238,0.9232295
0.9927428,0.87272865
2.9994442,0.9095216
3.9946623,0.8999419
1.4706528,0.87038195
1.0684967,0.89333904
0.013435458,0.9024781
0.6902068,0.89592713
3.5684752,0.90789956
2.853691,0.9049437
0.6472052,0.8888278
2.5800378,0.9257546
1.0018219,0.8768252
3.416768,0.911889
3.476865,0.90309894
3.1896677,0.8733075
0.7596589,0.8772735
0.54190403,0.8794327
0.82225,0.8895341
1.3815784,0.8955102
0.83391315,0.8331573
0.050992247,0.866286
0.577744,0.85211086
1.1710833,0.8419341
0.022465847,0.81523234
0.0,0.7717826
0.0,0.7349317
0.0066849594,0.79620564
0.51654166,0.80895144
0.0,0.83065593
1.3517896,0.8737919
2.8921678,0.8640704
0.004216667,0.83851564
0.0,0.81857955
0.598,0.8506149
0.0,0.81945854
1.3319938,0.85331964
3.2280927,0.84383404
0.0,0.8471267
0.0,0.86502075
0.0018902299,0.82537425
0.81190723,0.82715446
0.0,0.8563526
0.0,0.80277723
0.0,0.83279216
0.0014425438,0.8107895
0.0064871795,0.8195794
0.0,0.8617098
0.89077085,0.8256755
0.0,0.8500619
0.0,0.85568446
0.7619517,0.8388367
1.201433,0.8274319
0.003806713,0.85355353
0.24311994,0.861205
0.007027778,0.8222096
2.646862,0.88079077
1.8757578,0.86985755
0.010541666,0.8353903
0.36727166,0.8721011
0.5481667,0.89209294
2.0287676,0.8786925
3.4896681,0.8691027
1.9003111,0.84918886
0.99970734,0.8514452
1.2190824,0.84179413
1.0430393,0.85812616
0.9749536,0.86122733
1.1525556,0.8517481
0.014425439,0.86816734
0.6817958,0.7895458
0.0047351797,0.77320194
2.9946892,0.799171
1.1454229,0.78847706
0.6693404,0.80543995
0.0,0.77921337
0.7254345,0.7858443
0.0031503832,0.79259586
0.0026354166,0.7602258
2.174151,0.7942209
2.9921901,0.7845526
1.0214578,0.78913033
0.61808586,0.77527934
0.0020006082,0.76567316
0.004134878,0.7621448
0.0,0.77918375
1.00264,0.781305
0.0,0.8226178
0.7772722,0.8274008
0.5187197,0.81906986
1.6973933,0.87714076
0.98052347,0.87485707
0.62029386,0.89482486
2.11192,0.880952
2.0830333,0.87174857
0.014425439,0.8808143
0.0031870154,0.8505287
3.5429301,0.8579882
1.1000879,0.8552637
0.8983843,0.8749265
2.067456,0.86062795
2.7206378,0.85190856
1.3115395,0.86088884
0.5481667,0.8652804
0.61095667,0.855282
1.774329,0.841519
0.8539392,0.8444001
1.4789646,0.83478844
0.050816886,0.8241014
0.005270833,0.8604428
0.83576113,0.85235417
0.56495833,0.8557227
0.6667417,0.8465332
0.00291578,0.8624107
1.1896561,0.831538
0.7065838,0.8342135
0.58194906,0.8245144
0.024707722,0.8470892
1.3257985,0.84323144
0.5930344,0.8453467
0.755893,0.83564657
1.9974424,0.852322
1.0174605,0.8556055
1.3943508,0.84568965
0.0048596337,0.8676281
1.899801,0.845397
0.552416,0.8433789
1.0361873,0.84764904
1.4807619,0.83875734
0.023032213,0.8742302
0.8422269,0.85219413
0.50904226,0.8549892
0.55656475,0.8460672
2.1161783,0.8619192
0.52489096,0.8812725
0.8437833,0.86535925
0.99018544,0.8556433
2.809354,0.8839899
1.7387161,0.8819652
1.27075,0.9017249
2.354356,0.8883547
4.056433,0.8780812
0.014425439,0.8818247
2.310131,0.8817639
1.6361945,0.87945914
1.2419401,0.8994987
2.1510816,0.8860897
2.0123487,0.8768666
1.4739166,0.90592134
4.54135,0.89776534
2.5464833,0.9060341
1.0425915,0.9020846
2.0037713,0.8876602
0.7511489,0.90985894
1.5411571,0.9015516
1.4269736,0.87502944
3.993242,0.8807629
3.3817046,0.88998646
1.9396666,0.90007704
2.5804853,0.89175826
1.5941582,0.9031265
0.66948223,0.89924526
0.8793507,0.88437223
0.82225,0.9054683
1.2570028,0.89675707
0.6602917,0.8686061
2.59831,0.8747735
2.1076064,0.88458955
2.4753826,0.8391353
0.005481667,0.8449161
1.0062774,0.8284966
2.2678185,0.84396136
0.68322223,0.8342806
0.004216667,0.8096838
0.9728028,0.83264464
1.6445,0.8261613
1.2719299,0.831547
1.0415167,0.8432737
2.5773177,0.8238522
1.1566156,0.8251268
1.1619991,0.83070076
0.9065833,0.8230946
0.0,0.81023073
0.006159176,0.84513164
0.572,0.88308144
1.0043054,0.8759373
0.7582972,0.884633
1.1101362,0.859163
0.73496234,0.8688266
0.5841324,0.90705323
4.4226756,0.90144676
4.3661475,0.91232675
1.8458408,0.9073696
1.5917584,0.8935932
0.649679,0.9271464
1.7659874,0.91407853
2.102462,0.9062067
4.503279,0.88037646
4.319824,0.88536155
3.559759,0.8946632
1.498415,0.89879125
0.0021581366,0.9039259
0.945469,0.87350756
0.7786458,0.88226056
0.8672835,0.8580806
1.3628032,0.90513873
4.147721,0.89868915
3.9783611,0.9071754
1.2901971,0.9034345
2.1926668,0.88881975
1.2342591,0.9112413
2.3421667,0.9030864
2.8550348,0.8758007
3.740375,0.88178396
3.6718466,0.89113855
0.8614048,0.8969063
0.7879896,0.90398765
2.7932317,0.8978213
3.1779113,0.8909136
1.7612692,0.9020652
0.71566206,0.89867985
1.3380355,0.88325393
0.6366208,0.9045291
1.2698038,0.8956856
1.0180238,0.8690071
0.54111105,0.87385726
3.095861,0.87416774
2.9787853,0.8838963
1.40875,0.8897736
1.3159405,0.8907622
2.8141909,0.88384956
1.2224602,0.89319634
0.9576794,0.8752707
0.51059073,0.89713246
1.0000337,0.88849914
2.9761233,0.867756
2.0010197,0.87683266
0.5818464,0.8861263
0.6304836,0.90202713
1.5473566,0.8947433
0.8278819,0.9059831
0.012478591,0.88798434
0.5102549,0.8994545
1.4409745,0.87844765
1.2632395,0.8880004
0.020963881,0.90018594
0.0,0.89651084
0.6636894,0.8957162
1.979971,0.88443613
1.3325115,0.8957963
0.6465019,0.8764384
0.72004944,0.8900121
1.7474748,0.86806244
1.2990487,0.87800723
0.9645625,0.89401066
3.261539,0.8829899
1.4368612,0.8923671
0.6016986,0.88935953
1.2395785,0.8736506
0.5537088,0.89608866
1.0981016,0.88792044
0.56742656,0.8617476
0.0069789737,0.8631744
3.148759,0.8670974
2.7168102,0.87652934
0.001539794,0.8845846
1.6269772,0.8770509
0.34118256,0.8865882
1.0795528,0.89248925
1.764604,0.88600415
1.1019269,0.8951184
0.6058684,0.87646055
0.6473032,0.8908478
1.8530416,0.8695301
1.3302369,0.8786526
0.29460293,0.8871614
2.1690238,0.8967972
3.6290474,0.8894582
2.0450833,0.89926505
0.7120366,0.8961348
1.2280104,0.88115156
0.75967026,0.9023798
1.6154795,0.89367867
0.6407624,0.8653843
3.1980379,0.872355
2.956833,0.882048
0.94655544,0.8912007
1.7448006,0.90143204
3.5166464,0.89309865
2.0517464,0.9013438
0.62312007,0.8977801
1.473601,0.88307214
0.010246106,0.8735211
0.55126363,0.9053704
1.4019483,0.8972038
0.8134934,0.87034965
3.3580234,0.8763442
2.9394495,0.88571596
0.66876334,0.8957244
2.053639,0.89411503
1.048115,0.90203065
0.5056731,0.89799404
0.5776833,0.87180984
2.1351976,0.87769836
1.7126423,0.8868718
0.0044566398,0.89570236
0.5162183,0.9102559
2.3511338,0.9029573
2.9470246,0.8959235
2.0491934,0.9071155
0.62633115,0.90384114
1.4174024,0.8875187
0.7171013,0.9099796
1.2524568,0.9011347
0.998345,0.87271297
3.1086676,0.8784867
2.8606992,0.88874507
1.0212142,0.8949782
0.5481667,0.9201866
2.6838458,0.9063243
4.952273,0.9024938
3.4402184,0.91250587
4.755346,0.90805113
2.6951528,0.89425373
1.0298889,0.9284994
2.2724,0.91565156
3.3575208,0.9070519
4.7217083,0.8804191
0.50171185,0.8877565
5.3802934,0.8859531
3.6498764,0.8957615
1.866377,0.9001366
1.0365334,0.9016663
0.53960156,0.9032895
0.7773183,0.91999686
0.5121031,0.9205232
0.82225,0.90708923
5.4406147,0.9062499
4.3652782,0.9162773
2.8201733,0.911777
1.9555628,0.8975694
0.5160931,0.8988834
0.9980208,0.9316834
2.535,0.91874826
2.6325536,0.91100204
5.4948754,0.88401824
0.8153287,0.8902585
0.39363033,0.88855225
5.29818,0.88987845
4.4573274,0.89944077
2.316273,0.90420085
0.0020006082,0.8261506
0.008018396,0.8690767
0.0,0.7768884
0.0,0.77485454
0.00042559524,0.8020334
0.0016122549,0.8085747
0.54417515,0.8765018
0.52823335,0.85634136
1.3180916,0.8509706
0.0016217949,0.8749667
0.0012235863,0.8733692
0.0016009541,0.87510633
0.005107143,0.86243564
0.0006801075,0.84255606
0.007830952,0.8650727
0.004121554,0.8701275
0.008324961,0.8695104
0.5152767,0.879988
0.7491611,0.8817017
0.8580354,0.88101304
1.1628226,0.87557656
1.6138363,0.8544098
1.1284467,0.8643561
0.80961496,0.87811154
0.59974974,0.8811997
1.0784894,0.8717684
0.00843781,0.84885657
1.0467851,0.8487282
0.77566665,0.8591713
0.8360632,0.8225137
0.0038244186,0.8264252
2.263398,0.828809
0.7077077,0.8183185
0.7023385,0.81361324
0.0167124,0.8476814
0.0033022088,0.8292139
1.5646904,0.8133429
0.0,0.84752893
0.0,0.79820526
0.0,0.78596795
0.0083562,0.8199879
0.008701058,0.8268556
0.0031145834,0.86256826
2.3792858,0.89098656
1.4554914,0.88714373
1.2879313,0.8944897
1.861347,0.88555396
2.0880392,0.85775787
1.7838799,0.8632706
0.9586967,0.8729662
0.82225,0.87948334
0.0075609195,0.8553933
0.9579303,0.8694207
1.817451,0.8818961
1.0160205,0.87849903
0.953855,0.88529086
1.7859154,0.8761365
0.83160895,0.84817123
1.9321369,0.854487
1.6367601,0.8645063
0.5763259,0.8707491
0.13404949,0.87449366
0.6924592,0.88509405
0.73076105,0.86608255
1.1647152,0.87956595
0.59250367,0.8772167
1.0504515,0.8737222
0.51730615,0.8446015
1.7449034,0.8500768
1.2059325,0.86062276
0.6081731,0.8700703
1.0003221,0.86466634
1.0588809,0.84371334
0.78955704,0.85302424
0.0,0.868572
0.005339286,0.8856712
0.5997204,0.86548793
0.51101565,0.8421453
0.016170109,0.8587476
0.72591007,0.8670883
0.8706991,0.8611024
1.2342707,0.8404883
1.0174817,0.85027987
0.5021667,0.8721713
0.5405107,0.86648965
0.63379014,0.8454206
0.0018902299,0.8731535
1.0254261,0.8754601
0.5193098,0.8788115
1.2826306,0.8691897
1.5428308,0.8475846
1.1207635,0.857704
0.78756374,0.8779775
1.0801579,0.87279713
1.4744363,0.85210896
1.0237434,0.8620564
0.76797277,0.85801053
0.7639926,0.89132977
0.5880165,0.8698785
1.0878717,0.88301677
0.5620695,0.8808095
0.19472587,0.9024391
1.0427642,0.87758476
1.6269841,0.8534537
1.2544329,0.86467004
0.05083587,0.87617964
0.0023833334,0.8965819
0.6565819,0.89812547
2.6237037,0.8932568
0.016445,0.85868335
2.1983767,0.8900362
2.035512,0.8979726
2.742856,0.88808894
1.3755493,0.8589646
2.0213647,0.8648876
0.8093215,0.87505674
0.7912415,0.8825991
3.3692565,0.8943972
2.4098074,0.8910042
0.6376343,0.9124869
1.917184,0.8988161
2.639078,0.88982046
2.9538586,0.86061156
2.658986,0.8670383
1.6814975,0.8769904
1.1930686,0.88357913
2.1073534,0.9048386
2.6217124,0.91413623
2.2344317,0.91113365
0.6511842,0.89509046
0.91151565,0.9307307
1.3873146,0.91753685
2.3075602,0.90895844
0.8838912,0.88196605
1.4331723,0.8879734
1.4988933,0.8974478
0.18029056,0.90687954
1.6382858,0.8992512
1.7734804,0.91166663
1.6672219,0.90832067
0.60814613,0.92894095
1.0373163,0.9137149
1.6546263,0.904681
0.59230477,0.8757214
0.026764946,0.87767303
1.0607886,0.8824772
1.1321356,0.89215595
0.02895975,0.90556943
3.9312348,0.8437177
2.4544775,0.85272145
2.5763834,0.83315384
0.6626247,0.85600835
1.0613002,0.8475518
1.3841208,0.8270726
4.130152,0.84912896
1.7916929,0.85949904
2.3639688,0.8394902
0.002875,0.8039764
0.0042825523,0.8113957
1.2562153,0.8393521
0.008243108,0.8183274
1.8252275,0.8328829
0.007720657,0.8439617
0.6497387,0.83704245
2.2351968,0.8295631
0.0158125,0.8320167
0.5818424,0.83071506
0.75290364,0.83538723
0.54582405,0.82772076
0.0024042397,0.8142775
0.0071190475,0.8226137
0.0,0.8127018
1.3771485,0.83713293
1.0250716,0.83035517
0.056222223,0.8966963
0.61296356,0.8811351
0.7300229,0.89074796
0.7476993,0.88817537
0.86658704,0.88532114
0.0,0.88467896
0.0,0.88921297
1.4715453,0.90840995
3.1709714,0.92092794
0.5804118,0.8781851
2.8981287,0.91622686
0.59737957,0.9020282
1.8026342,0.9369904
2.5570226,0.9225382
3.5089371,0.91395307
2.8640027,0.8870626
0.632361,0.8896388
0.8172539,0.8927774
1.182702,0.9016163
0.52445704,0.9070147
1.2370788,0.88906324
0.7647414,0.8916556
0.5894122,0.8889326
0.6208306,0.88675535
0.08189741,0.86023855
1.4534723,0.8923462
0.65487087,0.89827293
2.4293585,0.9046851
3.108682,0.9145975
2.8418725,0.91159934
0.97804475,0.89564216
1.3585935,0.93136793
2.2633154,0.91787505
3.7386198,0.90929365
1.8311327,0.8816336
1.5399675,0.8879702
1.6224028,0.89739054
0.525179,0.9049075
2.0902097,0.89397246
1.8273365,0.90685856
1.1382927,0.90367556
0.5190347,0.8876243
0.51472414,0.9252175
0.6562533,0.9089513
0.9384778,0.89956576
0.6265246,0.8712301
1.2367918,0.87698424
1.3725045,0.88686085
2.0137477,0.8910444
1.9677876,0.90134394
1.5092438,0.89897406
0.51457804,0.8821848
0.69442123,0.90425956
1.7533951,0.89582515
0.2028283,0.8674645
1.1623012,0.87474823
1.207906,0.8838934
0.71826994,0.8998635
0.77262837,0.9126688
0.51261526,0.909221
0.5657033,0.905406
0.9716488,0.89120984
1.0394757,0.9038606
0.9521801,0.90008885
1.1417791,0.89716125
0.5627396,0.88447803
2.8314722,0.889002
2.986257,0.8995728
1.844929,0.8972042
0.78565365,0.8799729
0.81982243,0.902735
1.5768577,0.8943573
0.5248254,0.86677885
1.7221061,0.8728376
1.7184691,0.8823941
0.50964004,0.88512874
1.4743793,0.895196
1.2701529,0.8933209
1.2392763,0.90339595
1.2181481,0.9009566
0.56399214,0.906523
1.4425439,0.89813006
0.76578647,0.8767272
0.786127,0.88598657
2.5278585,0.8975496
2.6047544,0.90808547
1.8736677,0.9055689
0.7584667,0.88953507
0.5221347,0.9259069
1.0001186,0.9112411
2.01825,0.9021977
1.6390928,0.8806487
1.7170483,0.89034224
1.9995311,0.89942765
2.7584195,0.9088277
2.0212414,0.9063597
0.5449657,0.89001006
0.6670343,0.9258677
1.1885617,0.91209805
2.2111886,0.9037245
0.8103797,0.87656516
1.2581962,0.88279724
1.4355898,0.8924402
0.0026870915,0.89872897
0.6695042,0.9008631
1.0329567,0.9103224
1.163302,0.90716904
0.65939754,0.91334397
0.8565634,0.90535843
0.6157396,0.89405066
1.9129678,0.89913154
2.0485036,0.91142505
1.562837,0.908612
0.52448046,0.8917582
0.5978597,0.9298614
0.8083004,0.91408795
1.13308,0.904933
0.63599735,0.87561995
1.1621364,0.88174313
1.35746,0.89199555
2.3459318,0.9104617
3.9508731,0.92249894
5.7720323,0.91843474
0.9638381,0.90341866
2.9633648,0.93991613
3.916937,0.92536294
5.229246,0.9160143
3.226153,0.88771135
0.9305391,0.8915454
1.6418988,0.8934908
1.6618975,0.9033054
1.0772667,0.9089301
0.5086516,0.9139437
0.0048367647,0.89918923
2.4352183,0.9117229
4.4857497,0.9237202
3.3642476,0.9193163
1.126352,0.9044565
0.50012434,0.9050107
3.0413234,0.9404959
0.014630783,0.8922666
3.708004,0.9259635
3.7742147,0.91749966
3.671613,0.88932
1.1750466,0.8929597
1.3860629,0.8954768
1.802314,0.9046974
0.6757451,0.91034514
1.3445694,0.85444427
0.003493219,0.8213098
0.83820665,0.8582489
1.9320117,0.8486713
0.73376644,0.85699785
0.56838596,0.8536713
1.0296464,0.8602822
1.7181343,0.8509541
2.3834207,0.81097865
0.6291606,0.8004298
0.0038244186,0.7904202
0.7804371,0.7949744
0.0045079496,0.79324996
0.0023336513,0.80330575
0.002750657,0.8054396
0.2457574,0.8436917
0.77008075,0.8346306
0.00225583,0.8854763
1.5270357,0.8724099
1.5567317,0.86985725
0.8457824,0.89113843
2.1563368,0.8764397
4.169982,0.8671042
0.5167145,0.8405073
2.2692835,0.8598702
1.4423635,0.8571392
0.66891664,0.8778595
1.8559953,0.8634371
2.889402,0.85443395
0.6951389,0.8480979
0.003011905,0.8658124
1.1862246,0.8592957
0.5471993,0.85811317
0.7330672,0.8641583
1.28271,0.8540776
0.1142704,0.86658764
0.004170833,0.8440493
0.059050474,0.865246
1.2628518,0.8380481
0.76783013,0.84145683
1.6615211,0.8318652
0.6074103,0.8559834
0.6482713,0.849123
0.60600233,0.8528684
1.1623574,0.84374726
0.88100976,0.8386513
0.66761553,0.8424492
1.4507514,0.8328446
0.0013663177,0.8558347
0.808099,0.84648776
0.589365,0.84967667
1.2759283,0.8402554
0.0059215534,0.8193441
1.5250487,0.8483474
0.64752185,0.84668344
0.51641464,0.8677556
1.158236,0.8522517
1.9068159,0.84190655
1.2590775,0.8520432
0.57885283,0.85013825
0.852774,0.85573
1.742789,0.8468013
0.0032203002,0.8758491
0.75016695,0.8580221
0.8857194,0.85320413
1.4882494,0.86077714
0.7566227,0.8591746
0.5072843,0.88126457
0.87601876,0.8652388
1.600586,0.8553973
1.8284243,0.8796665
3.2372286,0.8771204
1.1761634,0.89833
3.4216835,0.8842772
4.574229,0.8740396
0.52939385,0.8478731
0.003383745,0.8827288
2.1219356,0.8764997
2.2127829,0.8741
1.3883474,0.8955243
2.6651275,0.88116753
4.1960855,0.8717114
1.1750594,0.8404926
0.89077085,0.8450918
0.5828839,0.9212937
1.0747468,0.91015375
2.2190173,0.8983964
2.1329706,0.90689707
0.89537394,0.9042362
0.9035614,0.9241146
0.85879445,0.9114739
1.8562917,0.9024137
0.6396819,0.8815897
1.4455056,0.89093494
1.3403802,0.90786886
1.5277733,0.8997698
1.1378611,0.9104954
0.7513948,0.90761673
0.64069164,0.92787635
0.93995845,0.9137404
1.658616,0.90450764
0.63593495,0.8828866
1.0853875,0.89278144
0.5639112,0.9058238
3.0900042,0.8397136
2.0334282,0.8485651
1.1583786,0.8286455
0.006909664,0.84019196
4.163581,0.84614515
1.363009,0.8552608
2.0969172,0.8357056
0.81389844,0.82948565
0.95526665,0.8372339
1.7342975,0.8301751
2.734903,0.835866
1.1152357,0.8463768
3.1898634,0.82753813
2.272661,0.8293094
2.473713,0.8345152
0.748291,0.8460137
1.8139989,0.8259859
0.5316113,0.8192916
0.98889613,0.83183366
0.01969353,0.8272542
0.012080808,0.8222338
0.7876131,0.826582
0.5041397,0.8766262
0.5739965,0.8852453
0.59055066,0.88081205
2.473699,0.9107644
3.3588483,0.92144907
1.7492107,0.9171521
0.67582005,0.9026923
1.5428239,0.9369262
1.8746964,0.92414284
2.8657038,0.91562235
2.3088098,0.8896361
0.6206041,0.8930542
1.2684351,0.8950174
1.7370049,0.90402335
1.341912,0.9093014
0.0041332077,0.90346396
0.6620167,0.88464975
0.5371112,0.88030314
0.6772324,0.9218843
0.9695082,0.912021
3.310822,0.90268767
2.673283,0.9115523
1.0395205,0.90893596
0.78185225,0.8927007
1.2074285,0.9288592
1.5675559,0.9161694
2.8155835,0.90726966
0.96878964,0.87987727
1.3923131,0.88586915
2.0468347,0.8955147
0.51586026,0.90210044
0.0024471725,0.90791667
1.299732,0.91330945
2.0829203,0.9061402
1.8865716,0.9015503
1.7576265,0.91181827
0.7386263,0.9088638
0.673214,0.9292264
0.6772704,0.91483426
1.4534117,0.90591
0.84545636,0.8856013
1.2101002,0.89479476
1.2607397,0.9003891
0.7142014,0.90770054
0.85427445,0.89687276
1.8068745,0.885982
1.7098075,0.8947264
0.584302,0.8929968
0.5487198,0.9126855
0.65122277,0.8993355
1.5661448,0.89044213
1.278807,0.8785519
0.5935535,0.89511746
0.83302414,0.9050431
0.69271314,0.91567373
0.67309654,0.90968704
0.0021288027,0.91532105
0.991031,0.895538
0.9406895,0.90594697
0.5087396,0.90923154
1.0989159,0.90055215
0.624762,0.8886664
0.7271851,0.9103968
0.75163466,0.90057343
2.5532234,0.8858547
2.156736,0.89504486
0.9051713,0.89295834
0.9993248,0.9126921
0.7810306,0.8993909
1.6241975,0.8908459
0.9017847,0.8695985
1.6899775,0.87899625
0.5814086,0.90214384
0.66467595,0.88677144
0.69881296,0.899747
1.0254327,0.8896224
0.99685127,0.8984452
0.5229011,0.9030151
1.3396784,0.894155
0.7365772,0.88221395
1.0876323,0.91704464
0.0018740741,0.8986667
1.3538713,0.9045377
2.393639,0.8945378
2.0282166,0.90368605
0.96671873,0.90164906
0.8265359,0.9218514
1.0045437,0.90781856
1.9528438,0.8985917
0.6812909,0.8775694
1.6255456,0.88713443
1.0148491,0.90255624
0.5796686,0.91863
1.5132418,0.90675753
2.1257274,0.8937838
2.1540656,0.9021712
0.9232196,0.89998853
0.90866756,0.91974497
0.8421457,0.9067578
1.8558745,0.8978529
0.6013456,0.87698716
1.3434739,0.886497
0.5646777,0.89592004
0.54138523,0.9008689
0.81682366,0.89523476
1.0054098,0.9034411
0.50276846,0.900722
0.8190562,0.89935195
0.7256829,0.8880813
0.9600446,0.91885436
1.906697,0.9116858
1.8253759,0.9044558
1.8377435,0.9150089
0.68740016,0.9121656
0.73702776,0.932706
0.77927244,0.9184259
1.5899323,0.90948075
0.8102324,0.88780886
1.2071002,0.89769363
0.0017703562,0.8982687
1.0090721,0.905819
1.0015998,0.9315995
0.0027408334,0.9261323
2.0377314,0.9170901
2.7470677,0.91529
3.5038981,0.92553544
2.8263273,0.92155
0.64924705,0.90680057
2.3884404,0.94184697
2.9061117,0.9291912
4.0708,0.9200089
1.7778041,0.89301336
0.5189467,0.8979081
1.396032,0.8987495
2.0801961,0.90841633
1.4913614,0.9137088
1.3581239,0.9148942
0.7592993,0.9299278
0.72764707,0.9301894
0.6498283,0.91616213
3.484234,0.91498363
4.3356433,0.92521846
0.5090119,0.8851293
2.7698267,0.92131037
1.1793152,0.9065789
2.4042118,0.9414369
2.6161914,0.92845654
3.7187595,0.9199112
3.3173308,0.89278704
1.1621004,0.8973235
1.9707068,0.8988739
2.6856017,0.9080977
2.1078062,0.91376436
0.33026662,0.91287374
0.5555743,0.9121239
0.7972942,0.9032575
0.96788234,0.8849622
1.4423982,0.8951019
0.5184212,0.8919138
0.6925172,0.9123518
0.58512175,0.89850485
0.96968794,0.8901227
0.5935862,0.8687137
0.71199554,0.8784441
0.86647266,0.8991085
0.8543351,0.88157165
0.6646125,0.8948965
0.53563714,0.891342
0.6115433,0.912358
0.6724346,0.8969412
0.89406866,0.88863695
0.020257272,0.86532885
0.5659097,0.8654736
0.6900518,0.8755766
0.01612255,0.8925913
2.4207323,0.82976747
1.6125861,0.839238
0.8056389,0.8183787
0.5558428,0.81350577
3.294147,0.8368898
1.4791799,0.84676427
1.6214463,0.82589185
0.9489619,0.8201617
0.0021329443,0.7991842
0.59064287,0.82832974
0.086035125,0.8398151
1.2553368,0.8213401
0.0018151214,0.8257494
0.0,0.7989141
1.2527916,0.8287704
0.5719206,0.8400415
2.2909436,0.81984496
1.0712681,0.82219905
0.0055935374,0.83263975
1.5393903,0.8250854
0.9935521,0.8156991
0.0025856919,0.80782616
0.72465354,0.8128136
0.004350529,0.82946616
0.010718343,0.81305707
0.7617186,0.8207307
0.0060523134,0.7998127
0.002641767,0.8276819
0.508756,0.81721234
0.0028256015,0.85221255
0.0017660009,0.8446416
0.8847439,0.8920257
2.4846506,0.90438306
1.331509,0.9002698
1.5373354,0.92056924
1.8277017,0.90668154
2.2491786,0.89842695
2.1098936,0.8710623
0.6814729,0.87668556
0.6912666,0.88614744
0.7478919,0.8906462
0.47216037,0.9131095
0.69682205,0.9040049
1.7552997,0.8888798
1.9472531,0.8992237
1.3879113,0.89613676
1.2648273,0.9164733
1.5746024,0.90286505
2.2042313,0.89453065
0.8796866,0.86616063
1.0490776,0.8726381
1.0691878,0.88246346
0.8118087,0.9001711
1.1758646,0.8961628
1.2184613,0.8818026
1.3669385,0.8943399
0.55127245,0.8916614
0.6974327,0.91279894
0.613196,0.89681125
0.92887145,0.8880124
0.76714,0.8658153
0.7957044,0.8758377
0.59934044,0.89003265
0.5661799,0.89926374
1.1011418,0.87277585
1.0595554,0.88364804
0.024916667,0.8415928
0.59473425,0.90136456
0.54831904,0.88700294
1.0264608,0.8787763
0.52803904,0.85759705
0.7983221,0.8664546
0.02957454,0.8790915
0.21556555,0.9161719
0.50747645,0.87552667
0.68983424,0.88801515
0.8228071,0.88222426
0.014066486,0.89298046
0.57189685,0.9014962
0.52704054,0.89296526
1.5567205,0.87097985
1.5053741,0.8816376
0.7689399,0.8790791
1.209248,0.8995436
0.71593237,0.88532925
1.2034192,0.8769704
0.9255751,0.85585296
1.0538595,0.86532533
0.0027825718,0.89327914
0.6204624,0.8769361
0.64986277,0.887473
0.7282131,0.8825628
0.9566417,0.906965
0.74967396,0.8968183
1.6613004,0.87930053
1.4900694,0.89035434
0.7963115,0.8880213
0.87402993,0.9082467
0.8223868,0.89326084
1.32925,0.88461107
0.87213933,0.8629415
1.1252799,0.8729375
0.5214337,0.9103768
1.1000458,0.9003603
1.2611545,0.8817177
1.5910441,0.8917378
0.7745972,0.8888464
0.85861355,0.9090651
0.8071078,0.89524394
1.3203492,0.88709503
0.7250008,0.86571425
0.85138273,0.87531465
0.6852083,0.8943541
0.6277083,0.89007586
0.0023129396,0.8925475
0.7936608,0.9073719
0.0011712963,0.8923642
1.2722241,0.9022982
1.0715803,0.88640165
1.3085269,0.8988162
0.5415711,0.8960891
0.7601713,0.9171875
0.75514406,0.90137225
1.1473744,0.8927475
0.731408,0.8696956
0.8333969,0.8803058
0.6227241,0.917765
1.4056579,0.9063836
1.0620977,0.89574623
2.84714,0.90777266
2.4429166,0.90425247
0.5890616,0.88889706
2.0381246,0.9248089
2.6019568,0.91121244
2.923145,0.9022973
1.562573,0.87335336
0.9324989,0.8793498
0.67892563,0.88925827
0.989374,0.8951963
0.53324765,0.90566695
1.3819195,0.8965085
3.1523411,0.9083887
2.0248291,0.904607
0.6906104,0.88921297
2.3474307,0.9253094
2.463979,0.9115372
2.5698423,0.90324175
2.5667782,0.87434626
0.85292125,0.8781705
1.0204495,0.8808463
1.0739248,0.8905112
1.1089022,0.8956444
0.0013960102,0.9100621
0.5402386,0.84195364
0.755893,0.8330138
0.012371818,0.80579627
0.7433472,0.84159166
0.0057100696,0.85375136
1.1152357,0.79914904
0.28102216,0.7893472
0.0,0.7833052
0.0,0.7649466
0.006159176,0.82700497
0.0029791666,0.772099
0.0,0.80828816
0.0,0.74821174
0.0042825523,0.7799865
0.0,0.75882244
0.00676749,0.78157437
0.0027003284,0.73607266
0.0029954463,0.7437382
0.0021496732,0.7608463
0.0037545662,0.7531607
1.2726641,0.87575585
1.7300047,0.8652843
0.0,0.854606
0.8866,0.8509032
0.9854542,0.8538121
1.8610028,0.8430294
0.6420656,0.8387153
0.5023302,0.85740995
0.04770182,0.82064074
0.0024042397,0.8586937
0.0068276986,0.8230396
0.0139579475,0.82024145
0.0,0.77257586
0.6136194,0.8356164
0.72946453,0.8266741
0.0005906968,0.8396616
0.51217157,0.8569813
0.13488692,0.85572565
0.5677116,0.8498961
0.04287337,0.86283976
0.9592917,0.875444
2.15037,0.88295466
3.0613716,0.87113523
0.8385092,0.8765387
1.1124558,0.8741426
1.954973,0.8813697
2.7163615,0.87075675
0.6054378,0.8396927
0.002806314,0.8590486
0.0060907407,0.8478186
0.004894345,0.79911685
0.0,0.79587734
0.01957738,0.7538607
0.0,0.7812472
0.018272223,0.7703186
0.0,0.7520888
0.0,0.75475335
0.001978941,0.7590192
0.0023032213,0.7841014
0.0057701753,0.7787192
0.005143655,0.7908005
0.0020816457,0.79003966
0.01957738,0.82415086
0.013177084,0.8522788
0.003943645,0.8423157
0.0021752645,0.8329986
0.0009912598,0.8356185
0.004953313,0.79152846
0.0023922485,0.8417924
0.0026870915,0.8460839
0.0048084795,0.84227765
0.01070638,0.8189605
0.0043923613,0.83301365
0.004389235,0.8522463
0.0026354166,0.83602
0.00079675385,0.8428154
1.381191,0.8605544
0.19791509,0.8790407
0.533997,0.8637601
1.7440139,0.8544072
0.93481994,0.8647964
0.65132034,0.8673527
1.413531,0.8582279
0.013741305,0.82937276
0.66989285,0.8057965
2.6430383,0.8149526
1.1576512,0.8045761
0.0042275065,0.7684402
0.19359155,0.8100774
0.9056932,0.80309373
1.6005433,0.80092293
0.671389,0.80418706
0.0027034017,0.81852067
0.5037207,0.799378
0.60737145,0.83771425
0.013441886,0.810315
1.7117751,0.88210607
1.2268817,0.8793057
0.6195363,0.9000371
1.5009773,0.88596094
2.580506,0.87681514
0.5792971,0.84894645
0.0023425927,0.85389453
0.003566247,0.8369391
0.59027225,0.8532349
2.0590856,0.8657651
0.9299256,0.8630311
0.06729286,0.84458506
1.2354833,0.86874366
2.852524,0.85987246
0.51644784,0.8544202
1.1482923,0.866017
1.0102686,0.8600712
0.0010561978,0.86675495
1.1521567,0.84900117
1.6947323,0.8427001
0.019644199,0.8630811
0.50675493,0.8653347
0.64198595,0.8569668
1.0030284,0.8515596
0.001360215,0.8657954
0.9089196,0.84496486
1.176497,0.83844256
0.8328426,0.8499354
1.2527614,0.84243584
0.0048040436,0.82269835
1.3017989,0.85525864
0.5991446,0.85831195
1.7249197,0.848321
0.57446086,0.88316923
1.266989,0.8583356
0.45394516,0.8559905
0.2091851,0.87659603
0.56229955,0.86096656
1.5858176,0.85260576
0.6337139,0.86399686
0.65759,0.8590803
0.52543944,0.8800235
1.4660113,0.8669735
0.5628746,0.87106556
1.3732668,0.8611791
2.556023,0.8878715
2.162213,0.88543683
0.9900808,0.90607053
2.61327,0.8923817
3.5430982,0.88226974
0.52223986,0.8578384
2.979107,0.88598776
1.961193,0.8835068
0.6015981,0.8671566
1.1416267,0.9045056
2.268609,0.8905822
3.289,0.8815445
1.0385098,0.8519164
0.94920635,0.8564201
0.20291252,0.8751093
1.186362,0.8625594
0.7764511,0.8657011
1.7373385,0.85663795
0.6610245,0.86228156
0.91551673,0.8646202
1.6460752,0.85536647
1.6070694,0.81390536
0.0025683846,0.76999754
0.0057100696,0.80274594
0.0016903818,0.7951991
0.005958333,0.8086472
0.0022993567,0.7868794
0.0028329026,0.775721
0.003761928,0.77307355
0.0,0.7674573
0.0022326761,0.78470576
0.71997595,0.8427713
1.6742498,0.87577903
1.5503998,0.87279314
1.067605,0.89378166
2.0682242,0.87963647
3.2940652,0.86988133
0.59967226,0.84261996
0.5142325,0.84592474
0.0009418671,0.8771906
2.3247132,0.86479884
1.0948274,0.86165535
0.79676247,0.8821487
1.8046819,0.86812663
3.0007465,0.8591738
0.6967964,0.85353726
1.2506856,0.86358416
0.72481513,0.86743313
1.3076719,0.8571849
1.1406438,0.84742725
0.6785484,0.8501594
1.6033183,0.84077394
0.027563546,0.8195845
0.0056693414,0.83494914
0.66396713,0.86001587
0.66560465,0.85455996
0.57937235,0.85859346
1.2008929,0.8488163
0.79894185,0.8460638
0.6295473,0.8492389
1.3118011,0.83997375
0.0044704257,0.8177246
0.8512861,0.85141635
0.5315424,0.8542267
1.3113958,0.8449195
1.3739097,0.850533
0.52012444,0.8689946
1.0303912,0.85342854
1.8688912,0.8431541
0.0023997058,0.86486846
1.2674787,0.85888743
0.7525822,0.8617604
1.7042124,0.8532895
0.6051701,0.86210316
0.0026541317,0.82871675
0.8156021,0.85711193
1.4116471,0.86500674
0.5755362,0.8629533
0.5456961,0.8845802
0.8220116,0.869176
1.671931,0.85909855
1.829404,0.88188785
0.0021137532,0.84595835
3.2602289,0.87921965
1.457044,0.9000631
3.122508,0.88635534
3.982795,0.87592614
0.58067423,0.85153157
2.338607,0.8791341
1.9406291,0.87663156
0.53665775,0.8596451
1.3682628,0.8978954
2.4325573,0.88388735
3.4790802,0.8741149
0.9389495,0.8446809
0.9506591,0.848996
0.16533177,0.8684797
0.12236215,0.83105004
0.7352215,0.8460619
0.5348083,0.8474816
1.4508072,0.8374262
0.5325234,0.85653776
1.0530571,0.84700274
0.00874734,0.8587484
2.2322402,0.79798734
0.5767798,0.78667194
0.00583156,0.75256836
0.0,0.7245731
0.0066044177,0.7729844
0.0034915074,0.8053125
0.0013501642,0.81878304
1.364032,0.8751835
1.6599475,0.8723916
1.5215743,0.8555562
0.64945835,0.8933161
1.8593813,0.87880397
2.930008,0.8693396
1.133621,0.8406764
0.0016353421,0.8329265
1.6247084,0.8564224
0.024166487,0.818262
1.3438925,0.85359854
0.942763,0.8358292
1.545923,0.8589692
2.867071,0.84967375
0.53018713,0.8385583
1.8072889,0.8443376
0.0053048385,0.87948895
0.54278004,0.8596014
0.5206973,0.8529471
0.5256879,0.83710104
0.87494373,0.82952005
0.3386825,0.8185625
0.10797117,0.8655299
0.034459837,0.8657717
0.61612433,0.8391093
0.7501972,0.82242405
0.0024233717,0.8668047
0.7548119,0.8297514
0.008361298,0.8725609
0.75420666,0.8436847
1.0180808,0.8360528
0.6528451,0.8393196
1.3289808,0.8311142
0.005964817,0.8751315
0.001145195,0.8684117
0.60814846,0.86057425
0.7944356,0.85376173
0.517923,0.8305857
1.3307346,0.8787925
3.6313531,0.87595886
1.7356344,0.8593215
0.79133207,0.8968395
2.8312068,0.8825231
4.3990374,0.8722019
0.7077357,0.84225917
0.53714454,0.846534
1.8843229,0.8713676
2.0604904,0.88164043
2.4047832,0.87897336
2.62405,0.86239994
1.1470308,0.9002242
2.6773949,0.8859184
3.6332357,0.87659943
1.8569915,0.8464236
1.0488544,0.85108525
0.6395278,0.874814
1.6036791,0.855472
0.5824271,0.87556607
0.88469934,0.8585881
1.7293353,0.84885055
0.51771295,0.85995805
1.133879,0.8626262
1.196,0.8533483
0.5143292,0.8301285
1.2242389,0.8060249
0.08186905,0.8213477
2.46675,0.816445
0.7194688,0.80552685
0.0,0.7700794
0.69766665,0.8045325
0.013704167,0.81336725
0.0,0.8049154
0.0,0.81563234
0.0,0.79586244
0.9710381,0.80353457
0.054816667,0.8079704
0.007830952,0.81866705
0.0,0.76523644
0.010963334,0.8014865
0.0,0.8243315
0.5090119,0.8403089
0.68048275,0.83384824
2.747359,0.8790562
1.7458417,0.87606955
0.81394446,0.86021066
1.3877882,0.8975241
2.6602552,0.88266987
4.062581,0.87377083
1.7456181,0.84564126
0.02055625,0.86287427
1.1087917,0.8507608
3.3061302,0.8633716
1.6546513,0.8606284
0.7519722,0.8435309
1.0714166,0.8818329
2.2847586,0.8667543
2.5658865,0.85770124
0.79261935,0.8292346
0.52947915,0.8364066
1.0501025,0.84651273
1.4693912,0.85135996
1.4681097,0.86236924
0.6077999,0.8667949
0.68919986,0.85651183
1.12097,0.8459719
0.64295053,0.84917796
1.5644307,0.83998704
0.5305735,0.82887954
0.004238402,0.85572064
0.6075043,0.8506968
0.51508766,0.8539682
1.0481429,0.84463793
0.65887135,0.83038324
1.341974,0.8441012
0.6446654,0.8475162
1.0916481,0.83779585
1.000703,0.816633
1.0543643,0.8267995
0.63430715,0.8474269
0.5824271,0.8506912
1.7089902,0.8409888
0.650022,0.8378145
1.4475026,0.85137326
0.9894873,0.85488105
1.5754561,0.8447796
0.7387978,0.8333456
1.7412353,0.8553853
0.61308116,0.8534485
1.0569594,0.85860276
1.9730246,0.8498145
0.0021752645,0.86855125
0.72750515,0.86185205
0.51693213,0.86534804
0.5721157,0.8564968
0.16728535,0.8360448
1.4229493,0.86321414
0.84861475,0.8672605
1.1441094,0.85732955
2.1505,0.8838599
4.522375,0.88074625
0.9690804,0.8653325
1.8856933,0.90214086
3.356751,0.88777614
4.323042,0.87792027
0.86441666,0.84881663
0.82225,0.8535197
0.8496583,0.87654555
3.4260416,0.884461
3.177885,0.88150847
2.3913772,0.8655955
2.6551824,0.903301
3.9865174,0.8886631
5.242722,0.8796091
2.7475183,0.8504336
0.9193212,0.8550507
0.51147836,0.8668015
6.2011356,0.89233136
2.7050834,0.90367573
2.4827383,0.8828601
0.0024692193,0.8846915
0.0034694092,0.87428683
0.93756557,0.90609217
1.600054,0.89753455
0.78008336,0.8756102
5.7267466,0.8966458
1.562684,0.9095961
2.2187698,0.888628
0.011690758,0.8812678
2.719223,0.8882141
0.5917708,0.9002913
4.4909434,0.88236177
1.9614089,0.881636
0.005958333,0.88223594
0.0033424797,0.87013185
1.6956003,0.8837238
4.175363,0.87722826
2.5279222,0.87846625
1.9368556,0.8840821
1.4906777,0.8765923
0.0024148312,0.8569443
1.6087755,0.8846412
0.0040306374,0.8623483
0.5173323,0.869682
0.6996338,0.89098686
2.3705804,0.8841884
4.0812287,0.88309216
1.0771475,0.89724773
2.680268,0.87453973
0.8874673,0.8983369
1.303715,0.8898786
1.0777756,0.8657273
2.4165363,0.886345
1.517365,0.9018085
1.2196709,0.8782916
0.54263586,0.90105414
0.008589506,0.85232043
0.0,0.9013926
2.0592892,0.878383
0.030276647,0.88606596
3.9428375,0.8741158
0.034299392,0.8911984
0.025695313,0.86073935
1.7054943,0.8729264
0.020219263,0.85339725
0.016372235,0.8478308
1.2816035,0.87383765
3.2290225,0.86843157
1.9824322,0.8688272
1.6463838,0.8721547
1.5255963,0.8658368
0.0031145834,0.8810519
0.024729323,0.85954833
0.01028731,0.8506773
0.024916667,0.8635477
1.213945,0.8731631
0.5777837,0.8591407
0.5063423,0.8796627
2.243957,0.8743926
2.0248785,0.8665985
0.89762294,0.8776854
1.1378611,0.85666746
0.0016028265,0.86002374
0.7797864,0.87123567
1.6970639,0.8722725
0.7042901,0.8638321
0.0,0.8391397
0.5749792,0.8632357
1.8205668,0.8574732
0.0,0.86539817
1.3146298,0.8516302
0.010246106,0.8686112
0.0021581366,0.8425398
0.0,0.8644275
0.6245505,0.8572195
4.293554,0.88767165
2.1124055,0.9033426
3.276749,0.87954736
0.97857827,0.9036756
0.9233132,0.89502156
1.1186186,0.8697168
4.0408697,0.8882332
1.5154096,0.9049559
3.5511668,0.880275
0.043657005,0.9038627
1.276482,0.87799275
1.5266548,0.86915624
0.6648972,0.868348
0.008061275,0.8685723
0.0,0.8578497
0.0024581465,0.8695089
0.0030318953,0.8986864
0.009451149,0.8347596
0.024564702,0.86072457
3.3524377,0.8739686
0.49878228,0.8841584
1.361356,0.86506385
0.0474375,0.90128756
3.1980913,0.8781645
0.6395278,0.8899854
1.4308763,0.87033117
0.016511044,0.8563851
0.0055651437,0.85818857
0.031028302,0.86214423
1.7313215,0.8682447
0.0,0.83381677
2.23668,0.8661679
0.52075833,0.8697381
0.0012458334,0.8455695
0.62796307,0.86536396
0.0041527776,0.8844196
5.1106234,0.89186674
3.282576,0.90375566
4.169039,0.88211143
1.0899186,0.9056893
1.6026907,0.8975724
0.004517857,0.87292814
1.7663865,0.8744445
0.77451175,0.88544667
5.0635734,0.8947446
2.1888063,0.9083447
3.4200833,0.8863578
0.011285785,0.87474024
0.70255536,0.878286
2.664965,0.8859395
0.78154457,0.8982013
4.172296,0.88053036
1.9805231,0.8802388
0.010151234,0.8909848
0.0,0.9004594
1.3357333,0.8824356
3.7222285,0.87579525
1.4829541,0.8775545
2.0498111,0.8815949
1.8677225,0.87412524
0.0031870154,0.8844985
2.328532,0.88621044
0.0,0.862661
0.6639648,0.8666288
0.7088362,0.8879555
2.0933611,0.88143504
4.682612,0.87212825
3.1829612,0.8863561
3.0655255,0.8633278
1.2344635,0.8881705
2.4046755,0.8787993
2.570965,0.854191
0.8019166,0.865481
3.9765224,0.87317806
2.1555028,0.88913476
0.004894345,0.8840787
2.4114914,0.86383957
0.57050383,0.8549595
0.529763,0.8659024
0.0,0.8421062
1.2207624,0.87360245
3.6062417,0.8688942
1.0785934,0.8679126
0.007613426,0.87564456
0.8616531,0.8644758
3.0959835,0.8582964
0.002514526,0.84487456
1.606332,0.85884434
1.2062625,0.8591785
1.1977657,0.85222006
0.0024042397,0.84180224
0.010963334,0.8793359
1.9306289,0.86726964
0.0,0.8599639
1.3868617,0.8603781
4.6164694,0.87615705
2.556068,0.88773483
2.8113577,0.8671237
0.83947086,0.8902642
1.5876999,0.88214916
1.1538733,0.8601762
3.9971056,0.8796237
1.1260257,0.8933114
1.8906869,0.8712083
0.0014275174,0.8317964
0.8481552,0.8694881
2.7206306,0.86479026
0.7476993,0.8646029
0.0014656862,0.8821413
0.69254464,0.8666957
2.4872522,0.8597886
0.013983844,0.8471053
1.4122778,0.86211747
1.0559267,0.8673649
0.9683673,0.8598846
0.024285866,0.8982072
0.0017797619,0.8588294
0.009116506,0.8545613
1.6004763,0.8698183
0.034049712,0.8678436
0.0028337163,0.87284225
0.78241783,0.86468256
0.0017457537,0.8773391
2.6984668,0.8797851
1.131196,0.89534396
1.418795,0.8722814
0.69268817,0.88724613
2.4580348,0.88012815
0.7453463,0.89634657
0.049833335,0.8490261
1.5459472,0.87234193
1.8465784,0.87447
0.0012021199,0.85515773
0.0030397412,0.87076837
0.10914171,0.8866555
1.7914968,0.8660071
0.7244805,0.86533517
0.60167193,0.8618076
0.0021513605,0.849787
0.008495242,0.8832742
0.0023161971,0.87491393
0.0078123515,0.91169244
0.5078254,0.86750937
0.0032684554,0.8572625
2.898621,0.87528443
1.2568326,0.88990396
1.3360299,0.86601377
0.67652696,0.8828656
0.006992913,0.85688365
0.5840677,0.857359
2.134243,0.8808939
0.97436273,0.87219924
0.004911888,0.8823993
1.2223155,0.8698855
0.030188259,0.8604456
0.0,0.8752883
1.2883414,0.8645687
0.5521752,0.86519843
0.0,0.8691955
0.007330609,0.8653116
0.59394604,0.86747634
0.005647321,0.88335955
5.3997498,0.8802301
2.9753854,0.8910824
3.8542573,0.8709095
1.220553,0.8948345
2.3091798,0.8860789
1.7692837,0.8641985
5.4303794,0.8848026
1.8176938,0.89746314
4.196643,0.87620217
0.667687,0.8684866
0.0062767174,0.86971265
1.7462106,0.875233
3.8753958,0.870329
1.7122623,0.8692024
1.4407147,0.8757012
4.6495986,0.86808294
2.3660486,0.86932564
2.0105834,0.87219644
1.8414603,0.86474717
0.008751572,0.8475938
2.2684278,0.87108433
0.027689556,0.867249
0.62491,0.8597366
0.0033343472,0.8669128
0.0023129396,0.8907614
0.0,0.8570571
0.009290961,0.88028544
1.4941963,0.86897576
0.0015059524,0.85836875
2.2426195,0.88076776
3.2932296,0.88480306
0.9226905,0.87714076
0.60211325,0.87664056
1.1669734,0.8706962
0.0,0.8512745
0.004249354,0.87747854
0.95365983,0.8673478
0.0,0.8996407
0.0026103174,0.8660165
3.555951,0.87738323
1.7849677,0.8896938
1.8070598,0.86820215
0.6073869,0.89178723
1.3317639,0.8833379
1.0097808,0.8609483
3.3594067,0.8818539
0.8742911,0.8960305
1.3243523,0.8735026
0.8764559,0.87214714
2.626632,0.8673816
0.8362844,0.8668752
0.51314,0.8683258
1.8024464,0.8617868
1.206161,0.8637983
0.7187074,0.8674505
0.0,0.84326863
0.5860718,0.8603866
0.0,0.8578252
0.0,0.8590083
0.9851486,0.870394
0.0,0.8443686
0.0,0.8696102
0.87243426,0.8676727
5.33546,0.8816054
3.3262396,0.893773
3.68068,0.87242526
1.279615,0.8958535
2.209083,0.8873495
1.7188802,0.8642131
0.5246805,0.8756063
4.797627,0.8872511
1.71925,0.90087104
0.008663554,0.86324364
2.7201762,0.8782707
0.05182986,0.90070635
0.0027685186,0.87313175
1.2490239,0.8782928
3.445666,0.8731963
1.3663723,0.8728539
0.028256014,0.86396825
0.0,0.8665677
1.1830387,0.8734406
3.6822054,0.86683774
0.34037483,0.85843277
2.3359292,0.86875117
1.6390691,0.8730346
0.006229167,0.8809531
1.7571468,0.8658258
0.0,0.85466206
0.00291578,0.8633806
0.017682796,0.85908943
2.5034168,0.8753729
0.006219071,0.85365033
0.0017607067,0.8573097
0.0055935374,0.8720683
0.0,0.8840668
0.008170506,0.8620701
1.4814378,0.87424654
0.0016789178,0.8638762
0.0022014726,0.8856312
5.44604,0.88872945
2.958375,0.8999889
3.38536,0.8791412
1.4220556,0.9031554
2.2709763,0.8945558
1.1385225,0.87187296
5.3981347,0.8919209
2.1010613,0.9051003
0.018740742,0.8998319
2.8305576,0.88330555
0.00083055557,0.8579704
2.342187,0.8811523
3.7831187,0.87591636
0.02995222,0.90987635
1.5648979,0.8756939
0.027408333,0.8415371
0.0023750723,0.8505173
0.0027408334,0.8698712
1.9556496,0.87938374
0.51442695,0.8921985
4.042378,0.8720789
0.045046102,0.87364805
2.2671227,0.8741189
2.203136,0.8795874
1.9103163,0.87174416
0.0019033565,0.85496545
2.0554435,0.88039017
0.0024285866,0.8827704
0.64272857,0.8633165
1.9283515,0.87745875
2.6989834,0.884752
1.2465016,0.896093
1.389994,0.87536854
0.7643137,0.89049155
0.5428704,0.8686084
2.6037917,0.88571876
0.84509027,0.8999058
1.489683,0.87853956
0.72120345,0.87440217
1.8109077,0.8702547
0.0,0.86386997
1.5488625,0.86408335
0.56336164,0.8673682
0.513084,0.8738343
0.53973335,0.86666465
0.01265,0.8718883
0.6882212,0.8817487
0.0025675255,0.8638972
0.69671565,0.8723537
0.0014201209,0.88385916
4.502731,0.88165283
2.5622172,0.89507943
3.2305,0.87214327
0.98288226,0.89663994
2.0130415,0.8880286
2.0834236,0.8634636
0.6336481,0.8754629
3.3369935,0.8830679
1.4549085,0.8984392
2.1013055,0.8742705
0.005639575,0.8628862
0.0054453644,0.88846844
1.4671189,0.88352996
3.2434182,0.8784517
1.2203438,0.87847775
0.9306159,0.8748633
2.6402128,0.86874974
1.51276,0.87038577
1.2409738,0.8710778
1.2951983,0.8637918
0.0,0.86960864
1.8149967,0.87274575
0.0012021199,0.84370416
0.5499738,0.85795146
1.3782032,0.8716596
6.1238046,0.8869942
2.5927653,0.90234315
4.8443403,0.87783635
2.3070538,0.90348536
3.1909945,0.89430684
1.805451,0.86721396
5.3599424,0.8921877
1.8834791,0.9080863
5.1836143,0.88304687
0.55752563,0.89850247
0.5202732,0.8728152
2.6598907,0.8848488
4.8381143,0.8792848
1.3802679,0.8773674
0.003945829,0.8785279
1.3353565,0.87868655
4.3748617,0.87140805
1.4841231,0.87087613
1.4102614,0.8769287
0.01147993,0.8496832
2.5243201,0.86944354
0.0047833044,0.8804071
0.010578655,0.87614536
1.2087646,0.8622649
0.62139916,0.8869812
2.1556737,0.8811617
5.1569185,0.88983226
2.9787376,0.9048095
4.2290926,0.8806877
0.5521679,0.9228137
1.4740072,0.90542305
1.2527893,0.897377
1.712105,0.8711896
5.3600535,0.8929379
1.8721014,0.90907574
0.0072127194,0.8670856
4.463643,0.88461673
0.0035595237,0.8815435
1.7054074,0.880174
2.26941,0.87115896
1.2460427,0.8700731
0.03915476,0.90183806
1.0772265,0.86286086
1.1094948,0.908052
4.8809805,0.89738333
1.823901,0.88702327
1.0081769,0.8954375
0.71452737,0.89162135
0.8147127,0.8759445
0.6490915,0.8996767
1.1051606,0.89152473
1.4560572,0.87034476
1.2963041,0.8791074
2.7270608,0.8946273
0.9362183,0.8984982
0.51801753,0.9071797
4.0956144,0.89615023
1.3068584,0.88636285
0.87595016,0.89674294
0.5523027,0.89261985
0.58944,0.8777842
0.76936924,0.89996
1.1079372,0.89150774
0.052393597,0.87105
0.09795184,0.86863345
1.3952602,0.8698517
1.1929021,0.87912196
2.3167088,0.8930021
0.76143515,0.89545995
1.4695616,0.8299692
3.3474925,0.83769476
0.9502758,0.8472549
1.8164443,0.82703775
0.8226224,0.86178184
0.6847774,0.8425584
2.893647,0.82665664
1.4929659,0.8376112
2.723474,0.81912386
1.7133008,0.819459
0.0015484934,0.801996
3.1097007,0.82658875
2.8070314,0.8378936
3.087516,0.81746334
2.5380745,0.8194951
2.3441632,0.82688063
1.0337634,0.8386589
1.6004244,0.8174759
0.6453785,0.8538619
0.8172188,0.82039857
0.00078309525,0.822598
0.0013219453,0.78900015
0.63402146,0.82222164
0.0119617125,0.81184644
0.24090232,0.8270359
0.14677595,0.8117412
0.0019775133,0.80489916
0.9907056,0.829561
0.017887544,0.8479545
2.0976202,0.87739414
1.1729206,0.8739373
1.0888283,0.91249895
2.7643712,0.9037531
1.4859946,0.8943044
1.5622451,0.9049226
1.5660393,0.8997363
0.59558433,0.88541925
0.57217324,0.8873204
1.6386541,0.9074882
1.9711056,0.8995101
1.533841,0.873306
0.69373196,0.878388
0.5464916,0.8873681
2.5019808,0.8921415
0.7832865,0.89629865
2.0147426,0.8987358
1.0324117,0.90224093
1.5010374,0.9081989
4.137547,0.898391
2.0072575,0.8897178
1.3281227,0.89854306
1.0463945,0.8947427
0.85719836,0.87922776
1.3165417,0.9027593
1.848087,0.8948284
0.5285607,0.8677308
1.3238478,0.8732386
1.0944448,0.88222104
1.3283811,0.88835
0.62342346,0.8916379
2.7972274,0.8953835
1.3828124,0.898967
1.2645087,0.90098995
4.9270954,0.8951675
1.2265606,0.8859803
1.044412,0.8962305
0.54493034,0.8771341
0.006717141,0.8693769
0.5950035,0.8989786
0.9140487,0.89065737
2.1800332,0.87030286
2.1947317,0.87952745
3.6523938,0.88908064
1.2699659,0.8910509
0.6033328,0.89297104
0.5073537,0.8935201
1.2078762,0.8958941
4.4904428,0.8860849
1.1554971,0.87496984
0.8320016,0.8843023
0.8306862,0.8803606
1.3192332,0.8591347
1.2966224,0.8678504
2.959163,0.8829496
1.1703275,0.88652796
0.59707457,0.9075506
2.8424633,0.8997847
0.0063048685,0.8763072
0.537207,0.87468135
1.6362474,0.89578056
0.0049726395,0.89890313
2.1545272,0.89231724
0.625791,0.8808274
0.58074266,0.8862064
0.6239193,0.86462516
0.5400904,0.8740561
1.5586663,0.88904405
1.3610103,0.90031284
3.9886508,0.8900693
0.97695374,0.8740994
0.9971449,0.8832598
0.6326757,0.8803042
0.5385964,0.88758516
0.8432984,0.87966686
0.013006426,0.86054206
1.5600648,0.85842353
1.4660459,0.8673107
3.2131934,0.8908203
1.3047467,0.8915099
0.001296138,0.89307815
0.0022020622,0.8836138
0.8851706,0.8979006
3.2300766,0.88813305
0.89070684,0.8784735
0.59866136,0.8839356
0.8809724,0.8622484
0.8495065,0.870912
2.0473156,0.88385224
0.7268413,0.88794184
2.0404298,0.90307003
5.593379,0.8922803
1.6398681,0.88328093
1.1987582,0.8929739
0.705574,0.88948494
0.6857567,0.8734239
0.77364206,0.89661366
1.2051517,0.8881018
1.875533,0.86638445
1.859114,0.8759453
4.118534,0.88841105
1.7962466,0.8911739
0.8471172,0.9056033
5.2674055,0.89429015
1.5884292,0.8827518
0.9026536,0.8908589
0.6634621,0.8873001
0.65823066,0.8719655
0.60904545,0.8951478
1.094695,0.8873152
0.023434075,0.86598516
1.4434493,0.8663227
1.2407655,0.87504697
2.3735058,0.8927011
0.64627606,0.89625454
0.5298806,0.8954009
2.937379,0.887916
0.6019207,0.8821669
0.75138783,0.86636925
0.66531897,0.87506205
1.3319668,0.8839471
1.3076264,0.90501404
4.95296,0.8984594
1.4079434,0.88991463
0.97358555,0.9003512
0.021926668,0.86059856
0.5638147,0.89636457
0.62893856,0.88029563
0.10573754,0.88256234
0.64289445,0.90373254
0.91280055,0.89519393
1.9413313,0.87342286
1.9431126,0.883306
3.239967,0.8918995
1.420474,0.89559186
0.69057435,0.8967459
0.54915553,0.8969482
2.7873337,0.91712916
6.2749467,0.903534
2.608237,0.8959336
2.2967675,0.9062787
3.0542798,0.90140796
1.2801889,0.88585025
0.83470833,0.8885415
2.80032,0.90960896
3.4116507,0.90125954
1.2636516,0.87379175
1.2591828,0.87896746
1.0666678,0.8886363
2.6638978,0.89386064
0.8621685,0.8973868
5.2648444,0.9017998
2.3182144,0.90274626
0.6911395,0.9049736
1.7281405,0.9155703
3.3917813,0.90413606
2.2845972,0.8991189
2.2430146,0.90907073
2.4247785,0.9045664
0.95938236,0.8896195
1.1921493,0.89171803
2.5025902,0.9124466
2.627724,0.90459895
2.2693672,0.87744623
0.7033424,0.8824829
0.8978108,0.8831005
0.7844492,0.8925073
3.4564333,0.8974743
1.3152096,0.9011997
2.3654547,0.89877516
1.4409178,0.9017943
0.0031870154,0.91068417
2.3145735,0.9034625
3.479793,0.8961946
2.0006373,0.9037126
0.77384806,0.8995554
0.70528555,0.9081718
1.7974768,0.90044487
2.8836317,0.87901115
1.699978,0.8884766
2.2753267,0.89945537
2.5619824,0.8915112
1.4688969,0.90183353
0.55989784,0.8978454
0.78636193,0.9052733
1.3857437,0.8970402
2.2728646,0.87446195
1.293038,0.88469857
0.6728781,0.89389384
1.9789746,0.83492124
3.2838006,0.8407159
1.0863667,0.82983756
0.002514526,0.8138313
0.97140735,0.8302993
1.9041579,0.8225992
0.59369695,0.8235593
0.0057701753,0.81870973
1.5601667,0.83010674
1.5086364,0.8416256
2.5305989,0.8212841
1.4994895,0.82368654
1.2864633,0.82938504
0.22808333,0.84141755
1.0599506,0.8206215
0.24091925,0.82843494
0.0029025467,0.8148515
0.91195,0.88106537
1.0906738,0.87222207
0.5858203,0.8805192
0.78565073,0.8557803
0.9545061,0.9054175
2.4353426,0.90004563
3.3099654,0.91008604
1.8037102,0.90501535
0.2748241,0.8927143
1.6024433,0.9126819
2.593097,0.90515065
1.1756341,0.87896323
2.3774705,0.88416857
0.6022507,0.8935067
1.8226541,0.8978766
0.0038173166,0.88996804
0.004050493,0.86126536
0.027761664,0.89502585
0.76454824,0.9133323
2.5470254,0.90318483
3.880642,0.89657813
2.6136343,0.9045706
1.2258083,0.90058446
1.1609328,0.9090402
2.220299,0.9014703
0.8064981,0.87354726
3.2935166,0.879605
1.7380384,0.8891814
1.0742917,0.8949132
0.72976273,0.8989615
1.5991344,0.9031884
3.6438518,0.8970608
3.3628137,0.8901829
1.9557984,0.9011922
0.7579588,0.89737695
0.54988503,0.8807249
0.70623404,0.90424395
1.5911126,0.8958591
0.52986795,0.8683777
3.0093672,0.8734564
2.0175772,0.88408697
0.501955,0.88921094
1.9105879,0.88902116
0.0036063597,0.89079773
0.64398444,0.89065355
0.66899914,0.8990733
2.1153045,0.88888854
2.5185597,0.8820208
1.3036528,0.8910707
0.044873998,0.87400734
1.4021337,0.8872
1.8471048,0.8657258
1.1717265,0.87495506
0.9024779,0.88436794
1.4246594,0.90133476
1.489304,0.8945478
0.7512551,0.9049053
0.026765438,0.8876532
0.68268955,0.8996597
1.0798675,0.8783457
1.0816939,0.8945965
1.4989126,0.8832345
0.7892279,0.894118
0.89553124,0.88921607
1.0653658,0.8671647
0.57253426,0.8775581
0.004350529,0.8841037
2.0351934,0.8927663
2.6513326,0.8802315
1.5258669,0.8892742
0.5871645,0.8857091
0.5181059,0.8938552
1.1581267,0.8859219
2.1408176,0.8644083
1.2148507,0.8740336
0.0049833334,0.8898894
0.57586277,0.8935896
0.001539794,0.8889621
0.6719345,0.87523097
1.5117558,0.8910153
1.9328533,0.88477933
0.94901353,0.893086
0.87445635,0.8898847
1.4335414,0.8682385
0.8093948,0.87731224
0.517923,0.88682497
1.0550668,0.9084251
0.0018394855,0.89417756
3.0341783,0.8974648
3.198734,0.8910034
1.7448443,0.89990723
0.8068397,0.8962813
0.83583206,0.90372574
1.8567678,0.89553744
2.6261208,0.87387186
1.5713524,0.88381183
1.4082037,0.8919743
0.5733412,0.8979173
2.5229568,0.8992799
3.0687807,0.89089817
1.4830351,0.898357
0.64925855,0.89454114
0.58307165,0.90298235
1.4341279,0.89526975
2.4368272,0.8739536
1.4019412,0.88345146
1.0803347,0.89370996
1.5942167,0.8921182
0.90231454,0.8992983
0.66877687,0.8963826
1.3618804,0.8758127
0.59198016,0.884822
1.1605289,0.9094926
0.0011018425,0.89707685
3.3919265,0.90274894
3.0885365,0.89584
1.8881538,0.9065435
0.694446,0.9029847
0.5414444,0.88567245
0.6911173,0.910223
1.4783448,0.90161985
2.875084,0.87867534
2.0114172,0.88959765
1.4590999,0.89440364
0.0011232924,0.90164995
0.6326625,0.89824265
0.69178635,0.91900545
3.380361,0.9065415
1.9586279,0.90040386
3.7556825,0.9101435
2.759444,0.90515935
0.68822026,0.92578024
2.4325533,0.9136012
3.1673653,0.90526354
0.60140586,0.8785463
2.1955068,0.8843311
1.558849,0.8983686
0.007543578,0.9084613
1.3513831,0.9018001
0.6237153,0.904838
0.7268284,0.9186218
1.2994311,0.9056426
3.1776726,0.90403104
3.9303281,0.9137573
3.0412412,0.9090687
0.8025789,0.92949486
2.3019586,0.9168402
2.9746842,0.909443
1.7527277,0.88201964
3.2514405,0.88799757
0.96506184,0.897778
2.53658,0.90246767
0.53876954,0.9060685
1.61161,0.826849
3.7418334,0.84573007
0.0,0.79910856
1.081518,0.84556973
2.08725,0.8390691
0.048367646,0.83113444
1.6504583,0.84049654
0.76833194,0.8398204
2.7231505,0.83158755
1.4792439,0.8351037
0.664125,0.8305243
1.397825,0.8222071
0.0046454803,0.78897476
0.0,0.8135055
0.0,0.7990844
0.0,0.8182246
0.759,0.83409655
1.3116845,0.83771163
1.5896833,0.8461306
1.0963334,0.8425021
2.4496198,0.8365715
1.5531389,0.83744407
0.84716666,0.8382934
2.4035,0.83072555
1.0530571,0.8335144
0.03426042,0.8017478
0.0,0.8017007
1.5074583,0.83324957
0.5024861,0.8237583
1.0963334,0.8162401
0.0,0.8072321
0.012458334,0.84588695
4.019889,0.85551465
1.7012069,0.8465165
0.5285893,0.862803
0.0,0.8551328
0.0,0.82293534
1.4599133,0.84529454
0.0046064425,0.8416618
0.0,0.82057744
0.31671852,0.8436214
2.6449041,0.836468
1.1166358,0.83297086
0.014488987,0.8424525
0.0,0.8636471
0.6395278,0.839781
1.2117368,0.8247795
0.5090119,0.8197568
0.0,0.8059697
0.0,0.8295842
0.0,0.78021455
0.0,0.8067749
0.0,0.8088683
0.0,0.8204547
2.451523,0.8451989
0.024916667,0.8274579
2.4439096,0.84373
0.0,0.834718
2.2513988,0.8449571
0.9065833,0.8474898
1.8438333,0.84261006
0.00978869,0.8076222
0.6166875,0.8320917
2.140591,0.8349994
0.7491611,0.84190726
4.493524,0.8399465
0.6287794,0.8549398
2.437899,0.82995987
0.0,0.82220805
0.7308889,0.83380514
0.0,0.82915866
0.0,0.8217212
0.7867207,0.8391611
3.460302,0.8322444
2.3790433,0.83310926
0.0,0.80260944
0.88816875,0.8331777
0.13704167,0.8473568
3.206775,0.8253293
2.1428332,0.8281729
1.1746429,0.8245232
2.9516666,0.8163303
0.021926668,0.8347154
0.01713021,0.8440208
0.0,0.8237535
1.7288333,0.81961644
1.8993495,0.8279232
0.019933334,0.8233738
3.3359857,0.83923674
1.7815417,0.8294606
0.0,0.8282535
0.55673176,0.83580375
2.7408333,0.8293911
1.56975,0.8304006
0.5481667,0.83233595
2.561625,0.8241304
1.6559201,0.8277278
0.62377584,0.82684666
0.84608334,0.81850016
0.0,0.87066174
0.0013568482,0.82290614
0.017380895,0.82152736
1.9968928,0.8430873
1.3480425,0.8341897
0.0,0.813292
2.1281765,0.83476084
0.0,0.8352163
0.010748366,0.81759953
0.9629461,0.8286307
0.57676667,0.8305282
0.0015572917,0.80409765
0.0,0.8085559
0.0,0.84083945
0.0,0.8477217
0.70294315,0.8265602
1.7612392,0.8388306
0.897,0.82946146
1.1991146,0.8311609
1.153434,0.8260211
0.6173048,0.8293952
0.50395966,0.8168543
0.0,0.8100916
0.0026870915,0.79856527
0.003703829,0.8146636
0.25378087,0.82249707
0.010963334,0.8151171
2.1231809,0.8276448
0.6578,0.8340645
7.556869,0.8395415
0.0,0.8400414
0.0,0.8142436
0.015226852,0.8004441
2.0708518,0.8306227
1.5160234,0.8316661
0.54193753,0.83845145
0.0,0.8462261
5.5913,0.82928205
1.4008703,0.83286166
0.8803889,0.82778096
1.9185834,0.818938
0.0,0.77597153
0.10278125,0.8256617
1.6335367,0.8419777
0.022840278,0.8680899
0.0,0.8059577
0.0,0.8303591
0.0,0.81071776
1.8363583,0.8304274
1.6866667,0.8244926
0.8112867,0.82857496
2.0448465,0.8345145
0.50756174,0.84060407
4.4108295,0.8467574
3.2567549,0.83689696
0.0,0.84933454
0.0,0.800666
2.4882467,0.83760947
1.9778446,0.8388195
0.644902,0.838797
2.8248267,0.8304719
0.0065257936,0.8687855
1.965925,0.834513
0.9417222,0.83225226
1.8119954,0.82380414
0.0,0.79236734
0.005374183,0.8114679
0.0,0.78878164
0.004420699,0.80630755
0.006136194,0.8404953
0.0024916667,0.8072885
0.740025,0.83097464
1.612764,0.83649004
5.1484675,0.84888965
2.0784652,0.8392778
0.0,0.8530835
1.2578467,0.84617835
3.0149167,0.83907783
2.3484614,0.84087497
0.008305555,0.7998595
0.86310714,0.84250534
2.7646668,0.8340614
1.6935896,0.83815956
0.9592917,0.83563495
1.1847473,0.82719594
0.005075617,0.79962194
0.0050444785,0.8034102
0.0,0.8340487
0.0,0.84765804
2.6354167,0.83472204
0.530194,0.83937746
2.8353448,0.8491709
0.7765694,0.8391601
2.9318612,0.8366574
0.7153575,0.83912015
0.01713021,0.8466119
0.79339916,0.8306826
0.5943605,0.83584917
0.0,0.8372842
0.5329398,0.8332535
2.139187,0.83764946
0.98213196,0.84482265
3.8969667,0.84630334
0.57100695,0.86098933
1.61161,0.8360594
0.014425439,0.8241485
0.0,0.8431851
0.89823353,0.847231
3.8020277,0.84031457
2.1165323,0.8419504
0.0,0.8337798
0.8611271,0.8414875
2.9618683,0.8334456
1.6512675,0.83729005
1.10825,0.8327191
1.8119954,0.82414484
0.018408582,0.8355629
1.774329,0.8272877
6.3671665,0.8612267
3.864575,0.8509804
1.8869584,0.85557175
3.502176,0.84865403
2.226927,0.84888506
1.3992676,0.8492925
4.6594167,0.8408192
0.0,0.83089465
2.8524969,0.8426145
0.0,0.88051146
1.2059667,0.8380137
0.7308889,0.85611075
6.495775,0.8615847
2.6312,0.84932286
0.56339353,0.85011125
0.6395278,0.8476338
2.055625,0.8397976
0.8989933,0.8425149
0.6779956,0.84437597
1.3205833,0.83588517
0.017875,0.8491589
0.0,0.83966744
0.0,0.8336191
0.0,0.8636312
1.299358,0.8369262
3.3598552,0.8585062
0.57308334,0.86942893
0.6861448,0.848801
0.45488304,0.8719261
0.5800368,0.8640036
0.5513211,0.86023027
0.9515518,0.87218523
0.0071274624,0.8211699
1.9702809,0.8520091
4.071373,0.8465247
2.2276742,0.8458564
0.83591235,0.8493185
2.7403314,0.84266
0.9941651,0.8434969
1.2022779,0.8497497
1.468784,0.8423892
0.005958333,0.88020086
0.0073088887,0.8292055
1.3491408,0.8470593
0.03559524,0.88067406
0.7369953,0.85177827
0.5451213,0.8670449
0.7554422,0.8415588
0.007027778,0.85141635
0.52525294,0.8374954
0.0027136963,0.8502773
1.0371562,0.8348112
0.012974359,0.8372507
1.5357509,0.8238479
0.006599117,0.8425491
0.53699857,0.8238636
0.7713542,0.8194915
0.0016314484,0.82922107
0.007613426,0.82721186
0.0069879605,0.8068465
0.004249354,0.8031224
0.00235409,0.80511445
0.0141767245,0.81619525
0.003806713,0.84426475
0.0053048385,0.81741357
1.322049,0.860073
0.64398444,0.8739825
0.6068226,0.85147035
0.71753377,0.8757578
0.5813542,0.86743695
1.5408403,0.8738276
0.004906863,0.83852655
1.4746789,0.8481047
0.0068520834,0.8562873
1.560392,0.84197855
0.05451839,0.83369553
0.25923154,0.84763634
0.8752694,0.8408898
0.0,0.82186985
0.0072127194,0.8481562
0.009728267,0.83759177
0.5429591,0.8343038
0.012638287,0.8240165
0.013704167,0.86260545
0.0078590205,0.84803325
0.9588793,0.8409072
0.8423337,0.8330734
0.011505747,0.84674096
0.59869367,0.832428
0.0114076305,0.82036316
0.01010051,0.8070698
0.009781413,0.80077744
0.0017237946,0.8187904
0.003513889,0.8168503
0.00602381,0.8352511
3.8660784,0.85978055
0.934887,0.87055886
1.3569921,0.84967804
0.670987,0.87340146
0.7443684,0.86572343
0.012411321,0.84382284
0.70121604,0.8602457
1.2891368,0.8722838
0.01270585,0.84407294
1.3470905,0.8522565
3.1035907,0.84657264
1.6886381,0.8463844
0.6518823,0.85006124
2.5162714,0.84281176
0.016412176,0.87798274
0.021594444,0.8310036
0.06003213,0.83669186
0.011550209,0.8325069
0.98440534,0.8447919
1.4132061,0.8495742
1.4644452,0.84171706
0.010408228,0.85393596
0.011956655,0.8326906
0.9709548,0.8519461
0.682998,0.8350038
1.1285784,0.8457893
3.0593119,0.84460956
0.99759525,0.85854447
1.000207,0.8348939
0.71916306,0.8602272
1.3079282,0.85160553
1.0731714,0.8447637
0.84956414,0.85972553
1.583414,0.8439342
4.470334,0.8383662
2.2471673,0.8382412
0.01957738,0.84320164
0.011187075,0.8165416
0.79379845,0.8391371
2.7998288,0.83196765
1.5221798,0.8338277
1.2595769,0.83318233
1.5332055,0.82524997
0.010027439,0.8118113
0.009045655,0.80840975
0.8441509,0.83396953
0.019253789,0.8639391
0.00788729,0.8113807
0.009353412,0.82753754
1.2628816,0.82780373
2.8460863,0.84402275
0.52501774,0.8548603
0.63596827,0.8339741
0.57951343,0.8501847
0.724397,0.8454587
0.6766018,0.85842746
0.0063152844,0.8498326
0.7813698,0.8359518
2.458049,0.8307681
1.6116782,0.8300873
0.02787288,0.85465014
2.1970172,0.8264514
0.011183071,0.84770286
0.92775995,0.82846475
0.757895,0.83472896
0.96597666,0.82673824
0.0052372613,0.8172303
0.6530533,0.8362974
0.006652508,0.8279781
1.2673936,0.8501059
0.017176216,0.83259463
0.17365585,0.8576585
0.006909664,0.82724273
1.9780787,0.84281904
0.011094827,0.8319482
0.008274214,0.8494735
1.1835259,0.837399
0.3234667,0.8383055
0.019145528,0.8554188
0.008014132,0.8161255
0.5430436,0.83230674
0.004934397,0.8506172
0.0055557434,0.8464305
0.008206088,0.8666866
0.009500515,0.8541293
0.009578181,0.839918
1.2365713,0.846645
0.0027047698,0.8398589
1.5386286,0.83820975
0.53454113,0.8376409
0.011575163,0.832803
0.9628257,0.8346614
0.006252852,0.8124683
0.012767857,0.81013095
0.007515996,0.82589823
3.5146966,0.84834075
0.76418877,0.85896534
1.248158,0.8380692
0.5622089,0.86268246
0.8522532,0.8545858
0.61273885,0.849972
0.84704804,0.86211336
0.0040306374,0.804348
0.0043853335,0.8375075
0.87695026,0.8412622
3.2976813,0.8354207
1.4884981,0.8348364
0.01495,0.82092893
0.6196234,0.84330845
2.704647,0.8352202
1.2022685,0.8367107
0.011871783,0.8479861
1.2577933,0.8409244
1.5954851,0.8328562
0.00934375,0.80933124
0.007281151,0.8187393
0.9936101,0.83682835
0.010609677,0.82192093
0.6351071,0.83208376
0.58658075,0.848753
0.030771758,0.86013997
0.002875,0.8315147
0.0059843524,0.8539512
0.018272223,0.8551831
0.009906626,0.8179989
0.0060907407,0.8459883
0.01749468,0.84693205
0.0065257936,0.8372592
0.005910991,0.81846863
0.0064744093,0.8486018
0.0051713837,0.84921694
1.9044762,0.8455651
0.053458977,0.8284819
0.0072127194,0.8097496
0.70867634,0.83871394
1.8272222,0.8333521
1.1797764,0.83298886
0.011813937,0.83898485
0.0082225,0.8443726
1.4837784,0.82875943
0.5683511,0.8307246
0.6349804,0.83588374
0.9036185,0.8277662
0.003943645,0.83872485
0.009290961,0.8053714
0.019122094,0.8349581
0.5329398,0.8319112
0.021169038,0.82513946
3.1639528,0.8503722
0.7364389,0.8617261
0.9910996,0.8403084
0.87219405,0.8562647
0.85048026,0.852859
0.99240243,0.8655368
0.9438404,0.84528124
3.4391828,0.8398386
2.0643275,0.83951503
0.6229167,0.8418062
2.8813436,0.83411324
1.4206104,0.83603287
1.0719926,0.84064806
1.5895585,0.8326107
0.010289818,0.8230396
0.02380536,0.8294777
0.007928031,0.82191336
0.88384175,0.8403429
0.010678572,0.81876504
0.011454229,0.8247417
0.88233435,0.8395899
3.4434059,0.8554153
0.6300854,0.86639273
0.7872547,0.84485984
0.686443,0.86147875
0.8674286,0.8694442
1.9131867,0.846681
3.5630834,0.84067935
1.9214716,0.84073335
0.0066849594,0.8343994
0.003729025,0.8459093
0.8080203,0.8464353
2.730479,0.83899814
0.8703471,0.84089017
1.3802888,0.8468715
1.4001008,0.83861125
0.0059974473,0.8520093
0.008758988,0.8216428
0.0066158045,0.8467986
0.006354446,0.8302015
0.0061179316,0.852975
0.007716776,0.822199
0.009370371,0.8324863
1.175948,0.84028745
1.3459934,0.851023
0.008628017,0.86626494
0.69056594,0.8413233
0.010997171,0.8223007
1.9592414,0.83688927
0.8019389,0.8367139
0.010235477,0.84414554
0.009529388,0.81831753
0.9923784,0.83164907
0.0021412761,0.8709408
0.0,0.8077419
2.7709594,0.85153806
0.88785684,0.86468565
0.9234417,0.84220827
0.6020104,0.8666452
1.0995278,0.85865283
0.010496808,0.8523041
0.85901725,0.8530426
0.87436444,0.86730856
0.0047255745,0.8334712
0.010176362,0.8470125
1.7490845,0.8509811
4.0464616,0.8458718
2.0814135,0.8462488
0.016581554,0.84463143
0.77173954,0.8460053
0.15659153,0.8593304
2.4920416,0.8394289
1.2129956,0.8415674
1.2716854,0.8425627
1.3881661,0.83502907
0.7269467,0.8386148
0.03800901,0.8305113
0.017814344,0.8353187
0.004831597,0.84052867
1.5703802,0.8374247
0.0044411654,0.8519426
0.01257263,0.82480824
2.1891527,0.861138
0.82519716,0.8742969
1.2130482,0.851771
0.95311207,0.8767555
1.17975,0.8681228
0.0148884775,0.84582204
1.8093268,0.8636937
2.1974752,0.87740874
0.70675576,0.85464984
0.008701058,0.8419451
0.0,0.8648066
2.0211182,0.8567142
4.0022516,0.8508401
1.6291993,0.85005325
0.022168506,0.8383647
1.0710282,0.8527205
4.152122,0.8454661
0.02296177,0.8333714
0.70822847,0.8458316
0.016474955,0.85014373
1.5845443,0.8503425
3.1389754,0.8425578
0.0,0.8304658
0.01957738,0.82152015
1.154337,0.8382251
0.02090466,0.8545411
1.8247192,0.8495009
2.5224233,0.86314726
1.0082351,0.87649953
1.2974195,0.8536327
1.0504568,0.87849
0.613345,0.870725
0.53793967,0.8632887
2.3982291,0.8775469
0.5081418,0.8553876
1.965378,0.85011744
0.020371059,0.83879817
2.6258683,0.84352314
0.70649636,0.8493203
1.4617778,0.8419771
0.016855393,0.84311134
0.009966667,0.8695109
1.4423163,0.835934
0.68363315,0.8498772
0.0,0.809243
0.0,0.8125461
0.0060907407,0.794298
0.0055935374,0.7847953
0.0,0.7872992
0.015226852,0.84873104
0.0,0.80023235
0.021083333,0.7892082
0.0,0.7814925
0.0053220065,0.82387793
0.0091361115,0.8221204
0.0,0.81179523
0.0,0.7997925
0.01713021,0.7916249
0.014425439,0.7943661
0.0,0.7846495
0.007830952,0.7926359
0.0,0.7854169
0.005204114,0.8314034
0.0021581366,0.8381738
0.0,0.8373911
0.002669643,0.837487
0.0,0.81497526
0.0066849594,0.8176321
0.0,0.8021016
0.0,0.81737465
0.0,0.8377484
0.0035595237,0.821588
0.0,0.78097177
0.0,0.7688697
0.0,0.8207263
0.0,0.77156234
0.0,0.7543991
0.0,0.7637964
0.0,0.78217876
0.0045680557,0.7826117
0.007944444,0.81414866
0.7126167,0.8258518
0.0,0.82341266
0.0,0.7905721
0.0030453703,0.7896297
0.0036063597,0.7971753
0.0,0.79523253
0.0,0.8197856
0.0,0.79531944
0.005958333,0.7845486
0.0020006082,0.7823113
0.006252852,0.7784134
0.010963334,0.7978104
0.0015842967,0.81383425
0.0,0.80956364
0.0023425927,0.808924
0.0,0.817688
0.004060494,0.8475937
0.003079588,0.79403853
0.003003653,0.8150583
0.0021357143,0.80855745
0.0,0.80551803
0.0036382743,0.79781485
0.0,0.8001838
0.0013240741,0.7847023
0.0,0.7482822
0.0,0.775089
0.0,0.7681323
0.0,0.7881429
0.0,0.79411125
0.0,0.7787353
0.0,0.79454255
0.0,0.8005722
0.0,0.82613516
0.0,0.79389244
0.007407658,0.7785013
0.0,0.7878151
0.0,0.79653347
0.019122094,0.80225074
0.0,0.8392447
0.008770667,0.8238294
0.021083333,0.82256293
0.007027778,0.81915575
0.0010833334,0.79843265
0.0027408334,0.80459636
0.0020227553,0.82375896
0.0030063984,0.7959148
0.0,0.8009999
0.008841398,0.78543276
0.0,0.78945327
0.0,0.77574503
0.001702381,0.8098432
0.0,0.83172387
0.009616959,0.79929316
0.013704167,0.7972162
0.0,0.78799903
0.0,0.8035638
0.0064744093,0.8215256
0.0026870915,0.79581463
0.0026103174,0.79244965
0.009451149,0.8298894
0.0,0.82821935
0.004350529,0.8032771
0.0,0.7839587
0.0,0.80467105
0.0,0.8166889
0.0,0.8220574
0.004894345,0.8190537
0.0,0.8444201
0.0,0.8073494
0.0,0.81925464
0.007830952,0.8207691
0.0,0.8194846
0.014425439,0.8059907
0.0,0.8354288
0.0,0.80252635
0.0,0.8290045
0.043853335,0.8170953
0.0,0.858896
0.0,0.83375335
0.003126426,0.8218396
0.0,0.8168106
0.0,0.85928774
1.102994,0.8172616
3.7787857,0.8271565
0.76423234,0.8399985
1.777214,0.81666774
0.5152767,0.83321583
0.007921483,0.8316896
1.461212,0.81818545
1.1348836,0.82064044
0.0,0.8259794
0.0,0.8181844
0.0,0.7943557
0.005790493,0.79654586
0.0013704167,0.80238867
2.810285,0.819615
4.1122975,0.8111553
1.6067805,0.8150034
0.77959114,0.8033721
0.0015484934,0.7768524
0.0017265092,0.7902862
0.0031888695,0.8222504
0.0038969195,0.80458826
1.4413756,0.8065046
0.003513889,0.84512734
0.008841398,0.81808054
1.2272388,0.8224108
1.9704369,0.82700783
0.8496583,0.8414105
0.5193158,0.8174467
0.0,0.8462151
0.0072127194,0.7901229
1.9968928,0.8162419
0.8777192,0.81765604
2.1584063,0.81785816
3.1561112,0.8098725
1.423465,0.81349325
0.7126167,0.8139783
0.5995573,0.8051474
0.96380955,0.80570453
0.004216667,0.8444226
0.010151234,0.8185264
0.6212556,0.8109747
0.009238764,0.80745804
1.690012,0.80307543
0.56158334,0.7925664
0.0,0.8035947
0.0,0.7823798
0.007543578,0.7738451
0.78158927,0.79860264
1.334857,0.7896401
0.005123053,0.80499566
0.00063152844,0.7979634
0.0054095397,0.7945024
1.8709167,0.83936846
0.51162225,0.85399705
0.0025856919,0.8280892
0.9299256,0.82807845
1.9955986,0.81983733
0.0029921762,0.8122401
1.7015427,0.80342203
0.25375444,0.8002703
1.0773915,0.79182005
0.0027299137,0.7826868
0.0,0.7854773
0.0022283199,0.81378233
0.0036642158,0.7676575
0.0026354166,0.791457
0.0027619542,0.7814069
0.0027546063,0.7611973
0.0,0.75161093
0.002787288,0.7787515
1.2918036,0.8279135
3.3131838,0.8350281
0.537625,0.84651935
1.7175889,0.8247499
1.5873994,0.8229754
0.87445635,0.8241005
2.2411158,0.8273808
3.2323713,0.81921
1.3851236,0.8232356
0.5976539,0.82342416
0.72517884,0.81422836
1.4084839,0.8153744
0.71783733,0.82018214
1.7217903,0.81572115
0.6453101,0.823394
3.9086666,0.81794727
0.80231667,0.83300024
2.0202594,0.80823433
1.3165789,0.82572967
1.6875702,0.8069043
1.3436768,0.8077598
2.9235556,0.80352306
3.5051043,0.79466265
0.5792483,0.786551
1.9865471,0.79740703
0.7330436,0.8035209
1.6445,0.7947693
0.6585277,0.7968653
1.0111717,0.81152153
0.018178998,0.80742854
3.7792418,0.8157141
1.3898399,0.8060042
0.5703896,0.82285845
0.0,0.79801834
0.63492686,0.80829173
0.5514167,0.8098953
1.9271933,0.8116994
3.2006342,0.80389696
1.2598286,0.80799073
0.63094354,0.79927826
0.0035457094,0.7814181
0.0014855466,0.7900776
0.0024471725,0.8091421
0.0,0.7993771
0.0016918725,0.80384266
2.1620917,0.82497495
0.63875353,0.8164109
0.5108071,0.8141844
1.7436627,0.8057476
0.0024362963,0.7979013
0.0046454803,0.80811465
0.00073480787,0.8026881
0.0,0.7902061
0.000593254,0.79735816
2.026024,0.819759
0.52325,0.81037766
0.0065257936,0.7757864
0.0,0.81356
0.987596,0.8135948
1.4955417,0.80519706
0.0010113777,0.8014897
0.6050244,0.8091627
0.110145636,0.8093265
0.0051390626,0.80812705
0.002669643,0.7963605
0.0014275174,0.81464225
0.0,0.8006264
0.0,0.82063484
1.2900189,0.8079258
0.001166312,0.7903311
4.552829,0.8164981
0.6427907,0.82868433
2.0891242,0.8063513
0.7913051,0.8231587
0.004090796,0.8214962
0.0034153687,0.766835
0.0,0.794508
0.6735226,0.8057815
0.9389053,0.8076471
0.0038603286,0.8204714
2.2674167,0.8141122
0.09220315,0.82655585
3.7411323,0.804942
1.7108246,0.80927455
0.69069,0.79527044
0.008565105,0.7787399
0.0033977274,0.78001785
0.0017913943,0.7844999
1.3459241,0.80061185
0.0,0.7898966
0.0,0.79760456
2.2535741,0.8191707
0.020054879,0.8492377
0.009966667,0.80696225
0.004216667,0.824618
0.008841398,0.8133216
0.015226852,0.7921412
0.70153975,0.80587447
0.0,0.80682266
0.0072127194,0.7802114
0.0027546063,0.78813255
0.0,0.8469772
0.9592917,0.81073046
3.0841296,0.81758225
1.1403824,0.80785793
0.0,0.8295421
0.59906787,0.8090426
0.603444,0.8109237
1.1396097,0.8130567
2.2254794,0.8051448
0.7953791,0.80922294
0.0,0.8024857
0.0,0.7951014
0.0037545662,0.805009
0.005220635,0.8141603
1.4711083,0.8202256
0.0037674685,0.82679796
4.477284,0.82513636
0.77744794,0.83795726
1.9567641,0.8153175
0.7932604,0.8311069
0.2690635,0.8203938
0.8408529,0.8179398
1.029255,0.81938547
0.0033424797,0.8255935
0.0014895833,0.7819786
2.3359692,0.82110876
4.045584,0.8131604
2.025261,0.8167477
1.0975735,0.80796444
0.004693208,0.81514263
0.0033390864,0.83085525
0.008681373,0.8211462
0.0028003405,0.79495525
0.0014128007,0.80175316
0.0029710932,0.8091817
0.76097727,0.8051944
0.0,0.8050196
1.5566528,0.8186866
0.11627778,0.8253519
4.5533843,0.8267398
0.8674286,0.83981156
1.6897833,0.8168001
0.9026478,0.83346534
1.5784962,0.8159859
1.2783247,0.8186022
0.0046454803,0.7959761
0.0044931695,0.79701793
3.0948713,0.8204167
4.079625,0.81208193
2.0578353,0.81635946
0.53750193,0.8149554
0.83095104,0.80584586
0.0029872842,0.8003665
0.0033222223,0.8028783
0.0022840279,0.8168795
1.3362004,0.80638844
0.6755185,0.81503093
0.6578,0.8197565
0.0021496732,0.7998393
2.638052,0.82402855
0.91668206,0.8142654
0.84777737,0.8150886
0.010623385,0.82739383
0.5189497,0.8175628
0.0,0.79960275
0.008701058,0.81819576
1.1587751,0.8179182
2.0891125,0.8103534
0.740025,0.8145324
0.0030538533,0.804675
0.0,0.81220603
1.7681799,0.81819
0.044257082,0.83212644
0.55399823,0.8255553
0.036940742,0.8134093
3.9607193,0.8208086
1.0290146,0.8355277
2.4502273,0.8110287
1.1425779,0.82820606
0.0013790356,0.7952758
0.0,0.7839086
1.930118,0.81386006
1.3314307,0.8147041
0.005099225,0.8155996
2.5797167,0.80998546
3.6573412,0.8018493
0.010374085,0.8266823
0.50314313,0.79360247
1.6888461,0.80476856
0.73470354,0.8087666
0.0077864584,0.8210561
1.3401797,0.8005478
0.0,0.8247546
0.006229167,0.80512416
0.8299311,0.79986995
0.002373016,0.8256283
0.0052980026,0.80223083
0.0,0.8168009
0.6066531,0.80635345
3.889373,0.84508425
1.3116845,0.8583426
3.371225,0.8354076
0.9189853,0.8513658
0.01713021,0.824546
1.455344,0.83182645
0.93527406,0.83325493
3.2093678,0.8371793
4.990726,0.8285916
1.6886476,0.8317902
0.6680781,0.83278006
1.2126111,0.8237849
0.0,0.8096594
0.0,0.8405478
0.012458334,0.832824
0.013369919,0.8526052
1.6735206,0.82084095
3.09166,0.8439267
1.6866667,0.83435893
0.0,0.8024595
0.0,0.80876815
1.6812673,0.831292
2.5458126,0.82313794
0.5581941,0.82718056
1.3011082,0.8216112
0.0051713837,0.81051826
4.032702,0.86942285
0.62914586,0.8794995
1.7547634,0.85996383
0.0036302428,0.85384
4.0361824,0.8706592
1.5454338,0.86303186
1.9096134,0.8592664
0.6290437,0.87128603
3.3131838,0.85416293
1.1914697,0.852798
0.0068520834,0.8613304
2.1714902,0.8546357
1.6532011,0.86703527
3.8525248,0.8483665
1.9377751,0.84842426
2.0664036,0.8558296
1.2773317,0.84907883
0.0027967687,0.8506964
0.01661111,0.8423295
0.92138654,0.8553426
2.7777884,0.861008
1.8241769,0.85296655
0.5824271,0.8440037
1.7600449,0.8626078
0.5481667,0.8770239
0.64542204,0.85565424
0.015661905,0.8424896
0.018272223,0.861222
0.007027778,0.83077437
0.0027408334,0.84343725
0.0057100696,0.828323
0.0045680557,0.8272864
1.5565865,0.8512963
3.4199054,0.8475624
1.3099571,0.8453068
0.039970487,0.8408068
0.0,0.8201186
1.9338756,0.8463101
0.8574893,0.86019695
3.0562468,0.8409015
2.0609643,0.84049183
1.7063898,0.8461178
1.4336667,0.84043515
0.104796566,0.8306954
0.018902298,0.8507695
0.024916667,0.85875964
0.94875,0.84728706
1.3462329,0.84369063
0.0,0.8198715
0.7054276,0.8341749
1.0076014,0.8473638
0.0,0.8299897
0.5005985,0.83584344
1.3973757,0.8305923
0.6603562,0.8318044
0.63039166,0.84459805
1.5226852,0.8244618
0.008923643,0.8438643
0.65447,0.82612455
0.5156483,0.83225083
0.0,0.8272987
0.0,0.86124796
0.013051587,0.84169716
6.928257,0.8695973
2.2975073,0.88169867
5.703873,0.8611264
0.6667998,0.8968468
3.6321762,0.85274845
1.0746521,0.86265236
4.35488,0.8694664
0.8801549,0.8831648
2.623369,0.8619285
0.039708186,0.88277346
0.5338915,0.8747108
2.2406313,0.8541722
0.0028550348,0.85324776
0.01842577,0.85598975
0.021926668,0.8226834
0.99339277,0.8518554
1.083338,0.8651748
3.749708,0.8458879
1.201697,0.84468377
1.3265977,0.85345227
2.0646114,0.847335
0.0032628968,0.89117926
0.003806713,0.83372873
0.03087963,0.8458765
0.7290395,0.8402839
2.1526544,0.8522695
0.5962515,0.84291244
0.014815316,0.87767637
1.3669473,0.85430795
0.0,0.8353003
0.00275,0.8258487
0.0,0.8662174
0.9563759,0.8380864
5.6655455,0.8688263
1.8283364,0.8788404
3.7049334,0.85927147
2.0562131,0.8517661
0.93395627,0.8616335
3.3128333,0.8697189
0.80702317,0.88154733
2.6817174,0.8617257
0.5024861,0.8745769
1.6277194,0.8581672
0.6578,0.8701304
2.9847674,0.852963
1.3232813,0.8517319
0.008841398,0.843212
0.026103174,0.8460628
2.2342134,0.8546515
3.227197,0.8671995
3.9821913,0.84786415
0.18442309,0.8391105
2.6402934,0.84882843
2.8980281,0.85520196
0.934375,0.8686259
1.5642805,0.84818685
0.92766666,0.84947264
0.0,0.8595512
0.0,0.8371632
1.5162525,0.86368394
0.09561046,0.85293007
1.1530403,0.85302746
4.6012135,0.85497075
1.3959523,0.8678581
3.3722236,0.84658474
1.5949517,0.8376155
3.8766742,0.8545058
1.3260796,0.8695827
2.610576,0.8465972
1.5348667,0.86013466
0.77020884,0.8370649
0.63261396,0.84765875
2.372215,0.8490766
0.99072325,0.8630162
4.5726466,0.8448477
1.8377287,0.8433258
0.006264762,0.8283355
0.0038603286,0.81377363
3.3353674,0.8411889
4.1757402,0.855191
4.264869,0.83519536
0.5102081,0.82561064
3.830416,0.83551365
3.689306,0.83831453
1.3418664,0.8534218
3.3618033,0.83208376
0.010748366,0.8329493
0.77295446,0.8225459
1.0200261,0.83273965
0.0,0.82163835
1.1615913,0.8473637
0.0040705446,0.8264356
1.2822059,0.838051
3.6191876,0.8518711
0.5574054,0.8625092
1.9840589,0.842901
3.2254446,0.85317236
0.62158185,0.8663807
1.8892173,0.8451947
1.0155278,0.84124273
3.11057,0.83706796
0.13356346,0.82710654
1.1536212,0.83583295
0.0,0.8081144
2.0980592,0.8368713
2.3297083,0.8504934
3.8867495,0.83024096
2.7181818,0.83137727
2.0856028,0.83820134
2.1294167,0.83143234
0.0,0.82131255
0.5095139,0.8466779
0.0029791666,0.82140493
0.0015226852,0.83755183
2.9067678,0.86069155
1.6582222,0.85273564
1.9971423,0.86117744
1.0052233,0.85351044
0.0,0.8567121
0.57182664,0.85321784
2.7784526,0.84930027
0.8501311,0.84669894
1.300507,0.8607126
2.6069677,0.84125984
1.3837138,0.8407264
1.1024513,0.845898
1.05299,0.83998024
0.0028580118,0.8346499
0.0016550926,0.82790184
0.005107143,0.8560189
0.0022792793,0.83484554
2.4645095,0.85587424
1.3384608,0.8467294
1.7457138,0.8580984
0.9438192,0.85017794
0.0,0.81901145
1.715007,0.8433056
0.93508595,0.84305346
1.1707077,0.8563942
2.2744613,0.8367491
0.0133337835,0.8377359
1.3208016,0.8370583
1.1052709,0.8425804
0.92171574,0.8359491
3.922206,0.85627794
1.1291296,0.86624247
2.613534,0.84631836
0.8513911,0.83956885
3.7477918,0.8589657
0.5824271,0.8709657
1.6503316,0.85057867
0.5791116,0.86394536
0.0,0.82068026
0.7765694,0.84650344
2.5702927,0.84126854
0.018519145,0.8741483
1.0963334,0.84016585
1.7740058,0.8467549
1.7967685,0.8589337
3.9779122,0.8394618
2.4044862,0.84012735
1.8361666,0.84499264
0.0,0.8225367
1.352619,0.83774847
0.59915894,0.83912563
0.003383745,0.86677736
0.8078526,0.84773743
0.024471726,0.8520425
0.0022745505,0.8456702
1.1283404,0.8579371
0.0052372613,0.84146607
0.0,0.8405031
0.0023425927,0.8321184
0.0028256015,0.85697037
2.548091,0.85321885
1.3497868,0.8440606
2.2686503,0.85576445
1.0905018,0.84747416
0.021083333,0.85575706
0.8167408,0.8437679
2.4565988,0.83926886
0.866457,0.8378014
0.0,0.82657397
1.3573261,0.83875066
1.6735206,0.85216963
2.4701338,0.83222216
1.793,0.8329212
1.6740167,0.83894527
1.2529523,0.8321126
0.0066849594,0.8530854
0.0,0.8368554
0.005481667,0.8458048
0.06525794,0.8395341
0.5971101,0.83995605
4.2485423,0.8571099
0.9225681,0.8682983
2.505265,0.84836596
0.24383965,0.86203283
0.60786283,0.8397596
3.8607526,0.8606288
1.0033407,0.8735013
2.7542033,0.8524169
0.61179316,0.86571354
1.2684805,0.8497989
0.5048904,0.8624239
4.875,0.8450718
1.9094851,0.84372306
3.0402496,0.843427
3.129118,0.856515
4.4287424,0.8368815
3.6552346,0.83763987
2.7592077,0.8433138
0.70043516,0.8570013
2.3097231,0.8367548
0.004350529,0.82424766
1.1175652,0.83775693
0.8244935,0.85041916
0.024042398,0.86227655
0.6916121,0.8470962
4.2779603,0.8637943
0.72967076,0.8738724
2.3563335,0.8537509
3.8438222,0.86533844
0.5938472,0.87760663
1.8190559,0.8568959
0.0,0.8385451
1.986805,0.8526852
0.7276549,0.86526763
3.5285788,0.84767693
1.1687884,0.8467797
0.013051587,0.8605117
0.01661111,0.8252969
2.1819317,0.85004985
1.7871352,0.86270833
3.613463,0.84292465
1.5865161,0.8440124
2.0099444,0.85105115
1.2294595,0.8434309
0.7809724,0.8481113
2.494938,0.8593372
1.3086861,0.8498824
1.6174043,0.8602245
0.7900049,0.852118
0.68013275,0.8475965
1.6998523,0.8434481
0.73232865,0.8419849
0.7219412,0.8554529
1.888214,0.83531487
0.042399634,0.8380306
0.8239657,0.8377359
0.6828856,0.8457984
0.5352382,0.83905995
0.0037674685,0.8357457
0.0,0.86586684
0.005038297,0.83684164
0.0029366072,0.8506686
4.034636,0.8625604
1.1606722,0.875
2.6057663,0.8538732
1.2012,0.8453144
3.54315,0.86222434
0.98570937,0.8770009
2.206905,0.8547617
1.0215833,0.86795616
0.50171185,0.8454336
0.53145427,0.85653037
0.0024471725,0.8382231
2.5193703,0.85537803
0.9201369,0.86995685
4.1233544,0.8512277
1.6661154,0.85000914
0.0010003041,0.86015904
2.755025,0.8480482
2.7942178,0.8617502
3.9856882,0.8422102
2.9645598,0.843183
2.9362597,0.84699124
1.0963334,0.86209035
1.8175247,0.84086496
0.5434573,0.83132046
0.85910153,0.84240526
0.8569355,0.85199976
0.0,0.85307384
0.0025652149,0.8542943
0.9358597,0.8461839
8.761966,0.8702292
3.1367314,0.88135153
6.509479,0.8615915
0.9698333,0.89720327
0.65257937,0.87504613
3.0981824,0.85245085
0.81452936,0.8632617
0.01957738,0.8683011
7.554663,0.872877
1.74317,0.8858113
4.3522544,0.8648664
0.99091667,0.87752455
0.6608037,0.85523295
2.4517088,0.85997725
0.8287758,0.87217575
5.173323,0.85476834
0.006739754,0.84008527
1.1812831,0.85314715
3.6620579,0.85425365
3.4071393,0.8671296
7.3126564,0.8479048
3.5710049,0.84742635
0.007830952,0.8565303
3.7588573,0.8545096
0.96581745,0.8679693
3.0663073,0.8478392
0.7054276,0.8483248
0.0,0.84788454
0.9136111,0.86291826
1.4438318,0.8425458
1.2292222,0.8545141
8.045152,0.872993
3.3199449,0.8848046
6.500028,0.86403847
1.2188647,0.9003452
0.46383333,0.87853456
4.922591,0.855707
1.8582587,0.86632484
5.618708,0.8730599
1.134138,0.8864721
3.528823,0.8651664
0.8097917,0.90038717
0.87119347,0.8784799
0.024916667,0.8567135
0.7221042,0.85593885
0.52412426,0.8664065
0.0,0.8693266
0.74777085,0.85945976
2.6439352,0.8545493
1.5663356,0.8527496
1.78365,0.8660673
4.166447,0.8464625
1.8123307,0.8468206
2.161521,0.85402095
2.8380888,0.8473455
0.81430554,0.8485978
0.0,0.85344934
0.005958333,0.867457
0.0,0.8389749
1.3212456,0.8662089
0.0,0.894467
0.0016314484,0.87927693
1.379098,0.84091884
0.006374031,0.84331757
0.56298196,0.8556756
0.0020646579,0.80474395
0.7695417,0.82143563
0.0022032422,0.80867934
0.0037545662,0.81365603
0.0022465847,0.8197973
0.0,0.80215544
0.0,0.81449807
0.0,0.8199917
0.0027896522,0.8043077
0.0053479676,0.82674974
0.8884868,0.8228526
0.5262915,0.8229666
0.012181481,0.79063463
0.0,0.8272154
0.004766667,0.81284773
0.0019033565,0.8383024
0.008527037,0.8081554
0.0,0.8422997
0.0,0.7886896
0.0017682796,0.7584742
0.0,0.7610424
0.0,0.80720234
0.0,0.7687876
0.0008181592,0.81679523
0.0,0.7705864
0.0,0.8020441
0.0,0.77464837
0.0019301643,0.8002651
0.0006903862,0.7863181
0.0024471725,0.82219005
0.0,0.8453151
0.6951087,0.8354686
0.003513889,0.8200419
0.0036254409,0.83622545
0.0,0.80944943
0.0020403226,0.7697458
0.0,0.7903453
0.0009625402,0.77109295
0.0026481482,0.8161198
1.107597,0.8397916
0.0,0.8666269
0.0,0.81309795
1.3973757,0.82522374
1.0154563,0.82605976
0.0,0.81575996
0.0,0.79019475
0.011963955,0.83155155
0.0012989731,0.8136826
0.5231362,0.8343681
2.438274,0.8276248
1.7333919,0.8286483
0.0066310484,0.8341794
0.0039015422,0.82427144
0.0,0.83541673
0.005123053,0.83343965
0.0030009125,0.83289635
0.0042825523,0.8369151
0.0065257936,0.8375496
0.82012534,0.82161367
0.0,0.78977144
0.6784906,0.80944824
0.004965278,0.79015446
0.0025456657,0.8228019
0.0018858945,0.80059445
0.0047255745,0.7777935
0.0055184565,0.80278337
0.0014324913,0.8036815
0.005958333,0.83466446
0.0009978762,0.8069093
0.0071190475,0.83742857
0.0014230703,0.82233167
0.0021926668,0.8103982
0.0013177083,0.7928157
0.002119201,0.7940291
0.007613426,0.8054291
0.0,0.78827727
0.0,0.84794414
0.00050198415,0.825492
0.0026870915,0.8539325
0.0030453703,0.80981004
0.0010265294,0.7998357
0.003079588,0.8237222
0.0018272222,0.7729316
0.0018151214,0.79659605
0.80751437,0.81109184
0.7511271,0.8115367
0.0,0.8345329
0.0022651516,0.7912373
0.013208835,0.8121181
0.0,0.79523456
0.0014219629,0.80034494
0.0,0.78609836
0.003164021,0.8133366
0.005958333,0.8392202
0.09225244,0.8177382
0.71500003,0.81119514
0.0,0.806664
0.0,0.78318447
0.011420139,0.7931948
0.0018519145,0.7815589
0.0072604856,0.8197005
0.003806713,0.79549783
0.0,0.8009486
0.0033022088,0.8165778
0.003299724,0.8120881
0.0020006082,0.8160999
0.0010265294,0.79558635
0.8716749,0.82043755
0.5087215,0.82015145
0.0,0.8226274
0.0,0.81993437
0.002905477,0.8220713
0.005270833,0.8158653
0.0030453703,0.78873795
0.0015311919,0.79071754
0.0015661905,0.8092822
0.0,0.81443346
0.0017682796,0.8329927
0.0011491964,0.7978707
1.2083104,0.81817585
0.65678954,0.81915975
0.0015059524,0.8175918
0.001986111,0.7916404
0.0,0.7803844
0.0006359242,0.78596926
0.0,0.8355029
0.001986111,0.78686583
0.003495961,0.7928123
0.0020705068,0.8052462
0.0030453703,0.81928444
0.030149167,0.83072096
0.55294716,0.81583136
0.0051326468,0.8044531
0.0010541667,0.8171576
0.00145789,0.80780965
1.2503127,0.8319565
0.75088036,0.833857
0.0013704167,0.80950737
0.0011420139,0.83529794
0.0026103174,0.8250115
0.082225,0.8216716
0.0,0.8373375
0.0,0.85574245
0.00047916666,0.7952959
0.0026103174,0.86096483
0.5073861,0.8267399
0.0,0.83050394
0.0,0.8268621
0.0,0.8708442
0.0,0.82084584
1.8647037,0.83815
0.8546417,0.8382492
0.003915476,0.8272704
0.001845679,0.83393294
0.1265,0.8328594
0.0,0.84714186
0.0,0.82749516
0.002045398,0.8462663
0.0,0.83742034
1.0022451,0.8370477
0.0,0.8410304
0.0,0.823956
0.0015935077,0.82608867
0.0,0.8340985
0.005481667,0.83714914
0.0,0.8256756
0.0,0.8602725
0.0,0.8261196
0.0,0.84111196
0.0,0.83105564
0.0,0.8453169
1.1113061,0.8468822
3.3540661,0.8535416
0.52369493,0.8653794
1.3204606,0.84465766
1.4606737,0.84008634
0.59776676,0.840109
0.0,0.83538294
2.3544006,0.8355491
0.0029954463,0.82781446
0.0047255745,0.83863735
0.001539794,0.8267057
0.0,0.852259
1.2938346,0.84043133
1.5219601,0.8448504
0.0034694092,0.80223113
0.0082225,0.86484593
0.004894345,0.8217239
1.3841208,0.8330322
0.5048287,0.83245194
0.0186875,0.84268004
2.0936005,0.8271715
0.030453704,0.8457923
0.005374183,0.8364523
0.0069388184,0.82832766
0.0,0.80845225
0.008305555,0.80363595
0.010259804,0.8141336
0.005339286,0.8342197
1.6360232,0.83447194
0.013051587,0.81561995
0.008841398,0.8055582
0.8782248,0.8167865
0.0062103476,0.8103763
0.0,0.80135167
0.0025378086,0.82478535
0.0,0.8537558
0.72160554,0.850324
0.026664216,0.86311096
0.86055875,0.8337118
1.0890169,0.85179675
1.2735938,0.8659917
0.94521713,0.84215105
0.54591084,0.83922386
0.006788442,0.8261429
1.7881526,0.8319559
0.0022792793,0.8673184
0.0037205883,0.8484907
0.0,0.80537975
0.8339297,0.8288013
0.0,0.8141512
0.006411306,0.8080389
0.0014656862,0.8524308
0.0,0.79027987
0.0,0.81608987
0.0,0.8352215
0.0022328582,0.80694246
0.0051090093,0.81023765
0.007341518,0.7996255
3.3232605,0.8473767
0.82003963,0.8323387
4.3502374,0.8529825
1.1543125,0.865033
1.8158021,0.8441156
0.0,0.8176078
0.009616959,0.8604155
1.6744419,0.8400161
0.51262003,0.84005404
0.0,0.8077042
0.003011905,0.82139826
2.9043422,0.83625686
0.7738271,0.8393562
0.73252034,0.8401805
1.1080798,0.8323873
0.0,0.8255806
2.6152356,0.834045
4.181163,0.83560795
0.8903344,0.85115576
2.3714166,0.8246447
0.60298336,0.8436315
0.0046383333,0.81473917
2.5589895,0.82699275
0.004397059,0.8494407
0.65825874,0.82814074
0.8592883,0.8262789
0.71999586,0.8407465
3.73175,0.81745106
1.39002,0.8206909
0.9871798,0.8200215
1.4738443,0.81061983
0.007027778,0.82624435
1.7184516,0.8340609
3.5346544,0.8387755
0.5113495,0.8515759
1.6590961,0.83013463
1.4923712,0.82569605
0.009259572,0.85864574
0.012211634,0.81730515
2.568097,0.82118404
0.7508639,0.823737
0.6892628,0.8199284
0.008655263,0.8357441
0.0066044177,0.8072122
0.0,0.8494204
0.0029003527,0.8333452
0.0,0.85660064
0.0031944443,0.80737054
0.00055821455,0.82994866
1.0332794,0.8411113
0.0070367996,0.87379
2.1111996,0.8427486
0.50927234,0.8576042
0.8935487,0.83260024
0.6758534,0.8325981
0.0034606482,0.81884295
1.4497031,0.8253369
0.0022726646,0.82452965
0.0016883984,0.8364392
0.007546725,0.8438221
0.0041976725,0.81104994
0.0018353795,0.8364313
0.004339931,0.82764053
0.0023627873,0.8407434
0.0031028301,0.8336875
0.8876404,0.8337766
2.1126459,0.83958536
0.74825794,0.8296179
0.52325,0.8271344
0.0,0.80563855
0.0,0.8002378
1.3111793,0.8231149
0.0042603626,0.8283484
0.0017251509,0.8031048
0.001539794,0.8160896
2.2796092,0.8364487
4.213605,0.84168386
0.60969555,0.85307705
1.8642606,0.83209
0.005270833,0.79762894
0.69610935,0.82712424
0.0,0.80577636
0.0,0.7973846
2.6046429,0.8273761
0.6742833,0.8299668
0.0049833334,0.82625556
0.0054273927,0.8487018
0.0013468468,0.8369725
0.0012904112,0.8109625
1.0983711,0.8355537
2.754269,0.8412563
1.0827984,0.83228683
0.0,0.80413294
1.0439351,0.8274497
0.0045935754,0.82842433
0.0008181592,0.815678
0.0057100696,0.80734897
1.636131,0.8239644
0.0031503832,0.8300731
0.010151234,0.8268844
0.10783607,0.82353365
2.3060596,0.8402457
4.1880465,0.8467727
0.8338778,0.8597024
1.9324318,0.8376383
1.5619448,0.8345574
0.00145789,0.79519844
3.2400656,0.8285818
1.1195674,0.8312454
1.0459769,0.82554924
0.00433905,0.8185494
1.5944065,0.84493655
0.005054019,0.85252607
0.0014815315,0.8461467
3.6617954,0.85051143
0.55050427,0.8624782
1.2483832,0.8412856
0.0048387977,0.82474947
1.4804676,0.83574283
0.52544475,0.83604753
0.0047012577,0.8182639
0.0039477022,0.8406848
2.508833,0.8324123
0.0022651516,0.8178935
0.0026870915,0.8080657
0.31821012,0.8328763
0.87923485,0.84526604
2.1434174,0.84832054
0.70463157,0.8398433
0.0035537547,0.8347007
0.0,0.8402144
0.7448772,0.8333864
0.0011916667,0.83953035
1.0892094,0.8294849
0.004621979,0.82733655
0.0046851854,0.8197891
2.2672405,0.8399132
0.15133436,0.85319084
0.004554255,0.84627306
3.929662,0.84376335
0.6669644,0.8583899
2.0954113,0.8328949
2.33176,0.83654296
0.7275501,0.8376492
0.0026959016,0.843336
0.0018031799,0.83819735
0.6366124,0.8349652
0.5409739,0.8486845
0.0065867826,0.8445825
3.0459018,0.82708836
1.0634761,0.8302109
0.005985728,0.841243
0.70591474,0.8291859
1.1853398,0.8204894
0.0,0.8340724
0.57841665,0.82608247
0.9607836,0.8543701
0.7837512,0.8376725
2.7740731,0.8588977
2.4409971,0.87205714
2.515869,0.8487632
0.0,0.86087924
2.458072,0.84351546
0.0012346096,0.83650786
0.0,0.8455734
0.5600098,0.8470162
4.720571,0.8382535
0.01390965,0.8617553
0.59520674,0.8406948
1.5703769,0.83609265
0.0017855592,0.8281261
0.0048510325,0.82056814
0.002396357,0.8282914
0.0038940802,0.82603395
0.0019066667,0.8282855
0.0020202703,0.8481832
0.5298945,0.8411622
1.8742464,0.8542774
1.9170774,0.8380927
2.478413,0.8564546
1.7218056,0.8699182
1.7858694,0.8465998
0.8975164,0.84065866
0.008108974,0.850136
2.474285,0.834141
0.8111084,0.83239067
0.0046454803,0.815305
0.013842593,0.8218974
0.009886773,0.83506054
0.0,0.8551048
5.8691864,0.8763032
2.9588177,0.8862392
3.569016,0.86716276
1.1420139,0.88878727
1.9657187,0.88062704
1.3632905,0.85975635
5.1742425,0.8780784
1.8852694,0.88978493
3.1695552,0.87036294
0.0,0.83646524
2.0231307,0.86680824
3.0287313,0.8612628
0.6550079,0.8605009
1.3611104,0.8632186
3.4449553,0.8571048
1.3214957,0.85739726
1.2346902,0.86473763
1.131623,0.85808414
0.0017972678,0.84400374
0.0019347059,0.8685439
1.9408867,0.8700483
0.002060777,0.8714705
0.5946854,0.8518569
0.66610557,0.8702078
1.3673713,0.8635833
3.7983673,0.8688687
1.4087883,0.8824848
2.6051667,0.861149
0.53262585,0.8993689
0.9002551,0.88316494
1.6682725,0.875085
1.5500344,0.8516902
0.028699826,0.8687389
2.8666978,0.8704183
1.573,0.885339
1.4107231,0.8634729
0.550395,0.88417774
1.8643006,0.8600739
2.7232854,0.8567827
0.74971133,0.8545089
0.016474955,0.82855356
1.1044682,0.85700786
0.29069445,0.87106955
2.698158,0.85153425
0.053486165,0.87012637
1.2825263,0.8510463
0.92290205,0.8559642
0.7506146,0.8499293
0.017265093,0.8548495
0.0124286,0.8414377
1.5395377,0.8593022
0.01426456,0.83751917
0.01872619,0.839069
0.013051587,0.8587084
0.5721648,0.8442094
0.015741272,0.84726465
0.5174092,0.86311007
1.7613461,0.8587284
0.12964937,0.8502855
0.017726783,0.8476052
2.1822722,0.85037047
1.1127455,0.8601598
1.1353452,0.8404886
0.63094354,0.85397196
0.0085493885,0.8351618
0.6885185,0.83366156
1.830552,0.8543004
0.5674006,0.86610234
0.81450206,0.8458816
1.1913716,0.8384199
1.0912733,0.8330976
0.0035595237,0.8351997
0.5862133,0.84611017
0.016009541,0.84336895
0.5104306,0.837299
3.759794,0.8736793
2.2669737,0.8881532
2.4806864,0.866001
0.77590644,0.88828254
1.0412719,0.88019776
1.2829251,0.85590655
3.5967577,0.87319994
1.4062344,0.889727
2.6542377,0.8666273
0.0033022088,0.87206095
0.63804334,0.86187524
1.5654167,0.85484624
0.62786084,0.85354114
0.025979463,0.86274695
0.518647,0.84582263
0.0050137197,0.86096466
0.0,0.85334665
4.1827703,0.8601649
1.134138,0.8693861
1.617507,0.85076886
3.8897908,0.86355484
0.8584497,0.8748251
1.378807,0.85603267
0.0019033565,0.8216666
0.54382044,0.85644096
1.3016185,0.8510245
0.0,0.8281449
1.5412866,0.8489268
0.0028159246,0.8367491
0.006325,0.8220008
0.017682796,0.842813
0.0044502546,0.8609621
0.0,0.85614395
0.6556503,0.8489763
4.7131224,0.87461174
3.007373,0.8854766
2.986493,0.8659395
0.67897916,0.9017212
1.0675582,0.887296
1.304875,0.87951744
2.099229,0.85789883
0.53471756,0.86777294
4.776536,0.87622494
1.9490371,0.8887024
3.1153235,0.8686283
0.57179457,0.86015916
2.4097722,0.86573136
0.66007054,0.8777015
3.3829346,0.8608457
0.012356216,0.87686074
0.7792675,0.8596524
0.0023627873,0.8523326
1.1085148,0.8628145
2.8921373,0.8566325
1.0807086,0.85734594
1.3536605,0.86208093
1.1226875,0.85563225
0.012371818,0.8757261
0.015856061,0.8476058
0.55541116,0.85973746
2.4042318,0.8689864
0.0097192675,0.8516228
0.7664182,0.8501707
0.0,0.8926649
0.64210135,0.8677292
2.0765843,0.8617511
0.103492044,0.8544114
4.1812286,0.8583355
3.0716627,0.8725459
2.7486846,0.8501264
0.76328385,0.891075
1.2257171,0.8734164
2.0964606,0.8646073
2.7149258,0.84033
0.79522485,0.8517158
3.2604847,0.85928553
1.7108456,0.8756455
2.347452,0.85186124
0.60422915,0.84226876
0.0021926668,0.847396
0.90159553,0.8560983
2.7278087,0.852546
0.0031004902,0.8618973
0.0038303572,0.835245
0.92428774,0.8494933
0.7324641,0.8635512
2.8161943,0.84373873
1.2904875,0.84398353
0.91585034,0.84521043
0.7835862,0.83888984
2.1531224,0.85173106
0.59749585,0.83586025
0.009859113,0.88103545
0.9243595,0.8502769
4.3969007,0.8604784
2.769626,0.87108314
2.8460138,0.85139525
0.9641475,0.8735405
1.8318835,0.8655834
1.5332673,0.84362626
3.5038493,0.86162627
1.5191307,0.875152
2.0676162,0.853711
0.7368902,0.8499191
1.7508185,0.8454424
0.63499165,0.8470253
2.120026,0.84091747
0.8949159,0.8415493
0.63096666,0.8481168
0.5505026,0.841571
0.0055935374,0.8413142
0.0,0.8528981
0.0031625,0.84099734
1.833523,0.85395205
0.022210201,0.8494371
0.58335304,0.8458692
0.016971104,0.8374449
2.493527,0.86498135
1.1936778,0.8794427
1.2717164,0.85756433
0.77462476,0.8715327
0.5795249,0.84779835
0.009242009,0.864591
2.309455,0.86576277
0.82822275,0.8816621
1.4377561,0.8589857
1.3485886,0.8572823
1.735181,0.85045505
0.8165494,0.85060555
0.5821851,0.84913695
0.0021638158,0.85118365
0.6249438,0.859673
0.0018730068,0.8617417
2.7375367,0.8614051
1.3784161,0.87507725
1.2342039,0.8532441
0.70862687,0.86810327
0.7797585,0.8437299
1.8182935,0.86414963
0.5669252,0.8797927
0.90231556,0.85713047
0.0022283199,0.8286098
0.0,0.8611745
0.6537223,0.85114294
0.0020763888,0.8524329
0.9653783,0.8471737
0.01850664,0.8390361
0.021997463,0.8450985
0.68480957,0.85205865
0.013178638,0.8709496
0.0035595237,0.8381809
0.0007898655,0.84330344
4.991417,0.8633
3.6128564,0.8733587
3.8673015,0.85351634
0.6814708,0.8907832
1.3461101,0.8766262
2.0949373,0.8684245
2.2780564,0.8462464
0.54793555,0.8557953
5.367896,0.8660641
1.9820286,0.87820596
3.3993948,0.85788846
0.75295925,0.8493351
0.0013773032,0.8192798
1.5253094,0.85510844
3.2230408,0.8497834
0.0041685677,0.837921
0.78947604,0.8483557
1.0353286,0.85477555
3.4581797,0.8481425
1.3920735,0.8481153
1.1402378,0.85257185
1.015396,0.8456414
0.642553,0.8460356
0.004350529,0.8368933
2.5050108,0.8544382
0.00083055557,0.83092433
0.003771789,0.85695726
0.6058684,0.84171236
1.5035799,0.8486848
2.2587535,0.86275136
3.3375494,0.86589384
1.1317662,0.85780036
0.0019671053,0.83012056
0.0,0.8501838
0.0010039683,0.82096726
0.0044385963,0.8315581
0.0,0.8440987
0.6143437,0.85601175
0.7403888,0.84974295
0.052935705,0.853662
0.6328176,0.84693646
0.0014735663,0.83460224
0.004015873,0.85998
0.0028850876,0.8374791
0.001611307,0.8332403
3.4892697,0.8616272
1.9836781,0.87272966
2.126067,0.8527712
0.6103733,0.8752531
1.352444,0.8670999
1.3825864,0.8451196
2.83248,0.8642367
1.3079673,0.87762797
1.5146711,0.8563498
0.0,0.82659465
0.0,0.82029146
0.0,0.84258837
0.7196469,0.85265636
1.7111349,0.8481214
1.6524733,0.8431684
0.7397927,0.843999
0.5509492,0.8492278
0.5446973,0.8426062
0.006876643,0.86394465
0.0,0.8575211
1.2784661,0.8554026
0.009616959,0.86717904
0.7616967,0.84881514
5.496471,0.8664818
3.742831,0.8778331
3.427299,0.85739523
0.6912301,0.89541423
1.3574144,0.8797688
2.21477,0.87175
2.0968294,0.84860843
4.4201617,0.86955476
2.0063589,0.8829148
2.9016364,0.8615878
0.582715,0.85271
0.0024736763,0.8297493
1.086702,0.8589232
2.6138284,0.85434395
0.0046454803,0.8210756
1.0530571,0.85515606
0.5855114,0.8679526
3.198643,0.8483598
0.61185706,0.8496836
1.617434,0.8492327
1.1247357,0.8542523
0.9774686,0.84706855
0.0011051748,0.8309771
0.0021666668,0.8243427
2.5600986,0.85902274
0.0011209953,0.83921266
0.53331697,0.84092283
0.0060623786,0.8723139
1.0898516,0.8567657
5.2738566,0.87058413
3.478534,0.8808019
3.5530376,0.8609888
0.54527926,0.8985388
1.4605738,0.8839067
2.3143404,0.875565
0.0136528695,0.8544154
1.6446475,0.85324246
4.9462748,0.8730098
2.1617048,0.88542193
2.926279,0.86481595
1.9301552,0.8605158
2.7603147,0.85515875
0.013877637,0.8658138
0.51600426,0.8545104
0.0021861084,0.8751583
0.0026908603,0.8316758
1.426413,0.85898125
0.5343002,0.87121767
0.048367646,0.83085614
3.4763527,0.85209405
1.4169997,0.8529989
1.5008571,0.8595019
1.2320143,0.8523206
0.011232924,0.8660481
2.161012,0.8625621
0.0053317123,0.87231636
0.002055625,0.8437525
0.04222854,0.8646137
0.646637,0.84557307
1.5153508,0.8564717
2.3649914,0.8670701
1.4958254,0.87738985
1.3406795,0.8580729
0.9302745,0.8717693
0.85398424,0.85099345
2.3172746,0.8674096
0.8487191,0.88054377
0.005958333,0.8464812
1.103546,0.85977817
0.003011905,0.87970674
1.129698,0.8504484
0.0,0.8637101
0.0018645125,0.83441204
1.3750154,0.8449006
0.89100736,0.8470877
0.0051771295,0.86776435
0.008476804,0.84585303
0.0018333334,0.82686794
0.004535658,0.8329644
0.0037244183,0.8680459
0.0043021585,0.8375231
0.8263797,0.86371803
0.003007184,0.8454671
0.0011813936,0.84317446
4.0962095,0.8658317
2.9058523,0.8794124
0.2983692,0.8751607
2.652249,0.8577452
0.60019606,0.896976
1.0373487,0.88047075
1.8994509,0.87201834
2.3550284,0.84883356
0.6146432,0.8602914
3.6481383,0.86701
1.7508607,0.88272434
2.152184,0.8598551
0.5820338,0.8509756
0.0039379788,0.8916346
0.997233,0.86337304
2.4477494,0.8601905
0.0,0.86222047
0.001957738,0.831508
0.9789273,0.8562388
0.558915,0.87006164
2.5889735,0.85093194
1.2264293,0.8521286
0.880869,0.8541862
0.8895986,0.8482885
0.0038603286,0.85533696
0.0019060037,0.8323966
0.0051326468,0.83550024
1.9855586,0.85687387
0.69929487,0.8434407
1.065687,0.8582125
6.0420775,0.87203807
4.106059,0.88623285
0.53941935,0.87992644
4.7671556,0.86375594
1.1774002,0.9035449
2.5775902,0.8867935
3.2812793,0.8783519
3.0152183,0.8530947
6.007627,0.8754765
2.5902805,0.8912117
4.8020415,0.86752933
0.23351504,0.90654695
0.8175993,0.85683334
0.002045398,0.85123914
2.2082508,0.8676926
4.1335297,0.8622886
0.0,0.8602292
1.3510928,0.86220676
4.8829813,0.8557949
0.5201077,0.8561348
1.0012139,0.8546568
0.9787302,0.85984
2.436756,0.8530321
0.0010401645,0.8458072
0.62237185,0.8712536
0.3976567,0.85525787
1.6206666,0.84590936
0.6280009,0.8712948
1.8281093,0.86535317
0.06583852,0.8658917
4.4258127,0.87497383
3.1685696,0.8889788
3.4260416,0.86645687
0.8036681,0.9059383
0.0025856919,0.8571229
1.2410146,0.8891956
1.3789595,0.88159347
1.887334,0.85693586
5.0732675,0.8762697
1.8507993,0.89219093
3.9078362,0.8693233
0.025507756,0.8596713
0.0059908926,0.8496218
0.8992336,0.8623472
0.001986111,0.8551686
2.2054007,0.85540855
1.4070673,0.8538202
0.004705293,0.8719888
0.005204114,0.8770758
0.00084074645,0.87818307
0.0019537508,0.8530335
0.0007613426,0.87474775
1.1746429,0.8467916
0.014425439,0.8354166
3.0683653,0.83199805
0.8928613,0.821823
0.0014296448,0.79163146
1.1090411,0.82498497
0.00090456544,0.83516276
0.0013983843,0.80909705
1.3969408,0.8170235
0.0038969195,0.8476726
0.004346348,0.8225628
0.0018645125,0.8333777
0.90963274,0.8202601
1.1753484,0.8267467
0.5481667,0.84230185
0.012748062,0.8057788
1.0603426,0.8168027
0.017601682,0.82965845
0.09660901,0.81785166
1.2539313,0.8100742
0.023833333,0.78502905
0.008728769,0.8332318
0.021160847,0.8106776
0.96803904,0.8100705
1.1257745,0.815242
0.0028431881,0.8025461
0.0008701058,0.80731225
0.0022624803,0.7776308
0.0035839041,0.779103
0.001742055,0.80545264
0.0016461462,0.81667924
0.028550347,0.8298962
0.0047255745,0.79621994
0.0044931695,0.8033626
0.0,0.7967087
0.0027967687,0.82141715
0.0015026499,0.81979406
0.0,0.8065077
0.0089375,0.8136316
0.0,0.82378054
0.006254338,0.8031459
0.0008618973,0.81018436
0.003537902,0.78351986
0.0006090741,0.78825593
0.001542683,0.78762096
0.0029817596,0.7867454
0.0013026774,0.82410485
0.0032641923,0.7877369
0.0028850876,0.7878726
0.00598,0.8362001
3.6297522,0.83596313
1.2978652,0.8256509
0.0022404632,0.80990505
0.79714316,0.82545817
1.386093,0.8202427
0.0031145834,0.8179306
0.00352897,0.80611926
0.6925172,0.8206997
0.0,0.8127385
0.7911613,0.81628346
3.6376605,0.81908077
0.77903867,0.8348489
1.4238726,0.80853957
0.0036222467,0.84306204
1.3826891,0.8083135
0.0016217949,0.790988
0.0035727809,0.79114294
2.0335417,0.7990803
0.5326083,0.80167097
0.006173048,0.8193823
0.0026481482,0.8167414
0.8934685,0.804477
0.41712683,0.80852103
2.86127,0.8163531
0.8543839,0.8065959
0.013369919,0.7965436
0.003383745,0.8220256
1.1097344,0.8039466
0.005204114,0.82003623
0.0021329443,0.8156781
0.0021357143,0.7758498
0.0025822117,0.7959608
0.0042825523,0.7990383
0.0036412037,0.8004211
0.0028699825,0.7912866
0.0022465847,0.8327104
1.3816664,0.82397556
0.00437367,0.8313045
0.0036222467,0.79301965
0.0036507002,0.791333
0.52233315,0.80569077
0.004035202,0.79764205
0.0016661601,0.789081
0.003011905,0.8455529
0.003132381,0.8287961
0.0013093153,0.79269063
1.1995124,0.8206978
0.0041951532,0.84026843
0.0024992402,0.8277155
0.0,0.8197859
0.001186508,0.7905712
0.0014109825,0.81955546
0.0028550348,0.8429531
0.001727416,0.7887747
0.0037417521,0.8130109
0.0010003041,0.7968353
0.0030623837,0.82070285
0.0009483852,0.8136495
3.4141986,0.82213694
1.2944802,0.81227535
0.0027408334,0.7845588
0.0,0.81489956
0.007137587,0.77766997
0.0,0.824134
1.2502913,0.81044745
0.19532633,0.8134067
0.0014055555,0.8066753
0.004531801,0.7931869
0.002514526,0.7835988
0.0038603286,0.81877804
0.0023064516,0.80094075
0.003068097,0.82646406
0.0032726368,0.79655266
0.0014936421,0.82542926
0.0010003041,0.8352387
0.004970423,0.8055247
0.0055370373,0.8418258
2.2746623,0.8231338
0.77557206,0.81326234
0.0,0.8119556
0.0037935409,0.7915391
0.0,0.7987334
0.7676041,0.8090743
0.0015751916,0.7801268
0.0060459557,0.81263983
0.005894265,0.8005013
0.0011372752,0.809803
0.5644565,0.81592333
0.0031185208,0.8269454
0.017771974,0.8236504
3.4612176,0.8252589
0.5997588,0.8388418
1.1872472,0.8152448
0.07765347,0.81972325
0.6285296,0.81738997
0.0053323605,0.7878605
0.0009990887,0.8168496
0.0,0.8246158
1.5199295,0.8114742
0.0033557522,0.79144883
0.0013435457,0.8052506
0.0036544444,0.7987764
0.006915781,0.8137876
0.004121554,0.7966975
0.52254283,0.8080222
0.006249457,0.7975258
0.01984929,0.81397367
3.584892,0.83276767
0.3802727,0.8459861
1.0171151,0.8229798
1.0252517,0.822369
0.0025615266,0.80256927
0.0,0.8195891
0.0027967687,0.8222287
0.0017814144,0.8093872
0.0025905797,0.7970225
0.0010963334,0.8091989
0.015959283,0.8392235
1.5211816,0.8176789
0.001986111,0.80150247
0.0021856725,0.7871067
0.0016431855,0.8138289
0.9180461,0.81835544
1.7616417,0.83023214
0.50626314,0.81924164
0.0007529762,0.8111881
0.0008591954,0.8116772
0.00433905,0.8009727
0.0016122549,0.81465745
0.027408333,0.7804096
0.001957738,0.85016835
0.0033390864,0.79556686
0.85351104,0.82033074
3.186246,0.82500005
0.6620237,0.840657
1.2771719,0.81423646
0.0,0.77660596
1.5291572,0.81789136
1.8585182,0.8079942
0.0038238955,0.82922816
0.0024526473,0.78824806
0.0020418128,0.79421043
0.0035233432,0.7997593
0.0035996533,0.7977264
1.0581396,0.8105421
0.0032245098,0.81355476
1.533218,0.84355706
0.55935377,0.85829794
1.092727,0.83327675
1.0672407,0.8296825
2.1111293,0.82380915
0.0,0.8038796
0.0,0.80894446
0.0029003527,0.8175972
1.1794822,0.8261591
0.0046454803,0.8339606
1.2470791,0.8408331
0.6143247,0.85628134
0.8031279,0.8315335
0.024183823,0.81489986
0.0,0.8474554
0.0,0.8416351
0.0035595237,0.8396094
0.0,0.8107778
0.0,0.8063991
0.7491611,0.81998885
0.012458334,0.80394554
0.010963334,0.84118533
0.0,0.8450098
0.0,0.8074857
4.3869934,0.8715485
2.0709941,0.88104993
1.2941333,0.8618409
0.0027339985,0.8534334
0.005782349,0.8508919
0.008198278,0.8566636
5.4405913,0.87567043
1.638955,0.88637185
3.4980018,0.86696553
0.00561437,0.86828166
1.0033988,0.85952044
0.5421965,0.8684845
0.012505704,0.87570816
0.004090796,0.8347248
0.004170833,0.85036844
2.2722692,0.8645643
0.68314236,0.87524384
3.2020528,0.858428
1.4176997,0.8575353
0.0062927296,0.8680929
0.0008618973,0.8564506
0.0,0.86142755
3.7863092,0.8616208
1.7608812,0.8730389
4.285909,0.8544249
3.3024354,0.8552917
3.2853863,0.8628195
1.0821741,0.8745117
2.491125,0.8552629
0.75544935,0.8474626
0.7668796,0.8566808
0.004316273,0.88746184
0.007047857,0.8545142
0.0077741314,0.84920186
0.89902574,0.863891
0.61569965,0.8659065
1.571784,0.859036
2.8766804,0.87029546
0.77985585,0.88220996
1.0445427,0.8620518
0.013093153,0.86994374
2.8429792,0.871488
0.7609571,0.8846872
0.53006685,0.8790038
1.5534651,0.86382955
0.0068179932,0.84757864
1.9816946,0.86002004
3.2269707,0.8555918
0.026933044,0.8425242
1.5467249,0.8539307
2.8097215,0.8581077
0.871,0.8710308
3.5250847,0.85191697
2.8075635,0.8522837
2.4809556,0.85752124
1.4019363,0.85101324
0.5699321,0.8421823
0.008565105,0.84074855
0.775715,0.8622465
0.045850374,0.87600124
0.006390544,0.8423929
0.5668427,0.8612124
1.9205912,0.8561673
1.7123193,0.8471756
0.8658374,0.85639775
0.5227029,0.83659697
0.004090796,0.83247244
2.5269322,0.85444504
0.7216501,0.86478657
1.2810098,0.84465045
0.0054481397,0.83679265
0.0,0.8054307
0.70332384,0.84327364
0.00790625,0.85072654
1.4990368,0.8368032
0.0041976725,0.8551193
0.0007250882,0.827741
0.0,0.8406148
1.2199483,0.8409479
0.6320222,0.8524072
1.9736145,0.83289534
1.317439,0.8349663
1.3862768,0.84057856
0.92095524,0.8320124
0.0020006082,0.8237212
0.0027226822,0.84471965
0.003018539,0.82137465
0.63410807,0.83537424
0.0055432585,0.8300767
3.9045367,0.880037
1.5269308,0.89202905
1.2966666,0.87128973
0.57163316,0.8937218
0.54192686,0.8630225
4.45017,0.87871957
1.6794628,0.89241225
2.7500556,0.87090933
0.69038486,0.90746003
0.5798113,0.88428724
0.007949454,0.86024284
0.8688857,0.8613566
0.002588405,0.8668806
0.003454832,0.87190795
0.56528157,0.8669579
2.108979,0.8623174
0.0017347046,0.8486292
1.5473095,0.8631574
0.83712626,0.87599486
3.2376647,0.8568657
0.017569445,0.84294325
1.8030078,0.8556776
2.1204097,0.8646971
2.4346004,0.8581889
0.003513889,0.8691888
0.029231926,0.8917019
0.67508453,0.86447275
2.259695,0.8546852
4.148391,0.8580249
1.4257941,0.8493519
0.0018055555,0.83428234
0.0024471725,0.841065
0.87937534,0.84502256
0.004360417,0.87366873
1.3718181,0.8510675
2.790812,0.84306073
0.7064675,0.84368277
0.9292791,0.84960306
0.63542825,0.84134054
0.0008618973,0.8457186
0.0010706381,0.8267537
4.095311,0.8743168
2.322123,0.88385713
1.9807986,0.86471295
0.340674,0.9000826
0.5688678,0.88685364
0.6769072,0.85752213
4.823405,0.8762536
1.7467005,0.8873332
3.2426476,0.8674828
0.67045003,0.902134
1.3332828,0.86002946
0.7839534,0.8694404
0.0055935374,0.8381133
1.7473338,0.86546946
0.6607366,0.8765516
2.8964643,0.85974324
0.005839844,0.84739697
1.3855301,0.8591827
2.7551086,0.864112
2.018571,0.87564576
3.855439,0.8566306
3.198057,0.8581168
3.6131406,0.86401653
0.99192065,0.8761662
2.1211667,0.85639536
0.9064228,0.8487429
1.1258132,0.85820264
0.53579485,0.8584548
0.0,0.8548919
1.4659588,0.86748385
0.0020763888,0.84898883
0.020107424,0.8829603
0.0033424797,0.8730087
0.0018031799,0.85436386
1.3963143,0.858744
3.9654076,0.86634153
2.617753,0.8782694
2.0609007,0.8579897
0.872853,0.8804448
0.5090678,0.87178695
1.1910361,0.8494788
0.5377311,0.8599608
4.984427,0.8642487
2.6397371,0.87828654
3.7747931,0.85602796
0.9989616,0.8940459
1.2141275,0.86992395
2.645646,0.84768176
1.52674,0.8576733
0.0014055555,0.8566055
2.204677,0.8585266
0.79208523,0.87121516
4.1960783,0.85388005
2.17384,0.8529668
0.044049107,0.8497313
0.0012867763,0.8615622
3.4490554,0.85285425
2.749618,0.86551046
4.6621876,0.8463268
0.07560919,0.84753644
1.3580054,0.83970237
4.0281687,0.8473945
3.45311,0.84972894
1.5397838,0.8638035
3.285271,0.8429055
1.4829866,0.8345001
1.3649465,0.8445765
0.96262556,0.8557549
0.01816781,0.8516841
0.5765131,0.8475199
1.9941452,0.8617172
0.52019256,0.87556684
0.003205653,0.8393487
0.027408333,0.8307653
2.0409894,0.85201174
0.73540854,0.8530465
3.950312,0.85789
2.3402164,0.8669846
1.4343402,0.8484558
4.7399926,0.86150664
2.056704,0.87257165
2.894545,0.8519696
0.50333995,0.88795877
1.3458071,0.844888
0.8452882,0.85411847
0.0025222392,0.84676814
0.0017076844,0.81811774
1.1785239,0.8491255
2.866801,0.8439052
1.3342777,0.8429748
0.0012928459,0.8513709
3.1370568,0.8476423
1.8273656,0.859218
4.0765843,0.8402175
0.63014585,0.8332436
3.4022307,0.8414282
2.8969214,0.8481362
0.94924194,0.8604217
2.262567,0.84059536
0.003011905,0.83038205
0.8459289,0.83300084
0.84039706,0.8424269
0.558183,0.84139323
0.0016511044,0.8210237
0.005075617,0.8585565
0.01159094,0.8322059
1.4501139,0.8507221
0.0015205733,0.8330026
0.0033671171,0.8447119
0.021942921,0.8398319
0.0018967704,0.8317191
0.89762294,0.8429535
2.3195026,0.8711443
0.8709459,0.8833458
0.5854492,0.8626841
3.170836,0.87043786
1.0670725,0.8842012
1.9218392,0.8627466
0.6296919,0.8543193
0.68036014,0.8629805
2.4574888,0.8584006
0.5878046,0.85679317
0.001539794,0.8720634
0.003011905,0.8367483
1.4160388,0.85882473
1.0180587,0.8719104
2.7866843,0.853006
1.9494008,0.8529411
1.666056,0.85737437
1.3530115,0.8511241
0.0068384064,0.8386966
0.7760164,0.8569329
0.0021638158,0.8465326
0.010348684,0.8475141
2.4300368,0.8667703
1.2672589,0.87803304
0.6574358,0.8572829
3.2275906,0.8681913
0.9348464,0.8809403
1.6035655,0.8595838
0.6267228,0.8516801
0.54914284,0.85660166
1.6154681,0.85169977
0.63035715,0.85037
0.0028451558,0.8459608
1.6441891,0.85553265
0.94853324,0.867348
2.3725822,0.84790015
2.110867,0.84910285
1.7295088,0.8550722
0.009742299,0.86313796
1.4164592,0.8470868
0.0035449853,0.87114465
0.004420699,0.8705922
0.0027967687,0.83659476
0.0012959023,0.8724111
0.0,0.86272824
0.03820188,0.8474046
0.6019864,0.85809267
0.0023282894,0.835295
4.4138904,0.86044097
2.8771207,0.869442
1.9704088,0.8499882
0.64687073,0.8736127
0.62880534,0.8434725
5.7381806,0.8648895
2.2332716,0.8755818
3.7633164,0.85537827
0.66949654,0.8911122
0.581764,0.8696712
1.6416702,0.84785944
1.0096298,0.8571033
0.0024660453,0.82455784
1.1598983,0.85420537
2.8455877,0.84829307
1.370884,0.84741753
3.5378742,0.8548895
1.9927759,0.86589056
4.332695,0.8469724
0.5558544,0.84105676
3.718512,0.8479004
3.4869292,0.8534001
1.0177283,0.8649658
2.5827332,0.84493476
1.026065,0.83762574
1.203374,0.8467873
0.70085233,0.8440294
0.0012430083,0.84971213
1.7439301,0.8511847
0.0010861955,0.8514373
0.9551389,0.8587898
0.04090796,0.86357236
1.1173432,0.8451222
0.78394645,0.85570085
3.5364518,0.86245376
0.5713941,0.85411584
1.2401785,0.8450215
0.002155308,0.8386475
0.0,0.8110834
0.0022465847,0.84452415
0.0019969642,0.83804226
0.0,0.8365923
2.8505495,0.85940695
1.7959671,0.8691664
1.0623091,0.8498621
4.328555,0.8639963
1.3304462,0.8755088
2.14825,0.854734
0.94650114,0.8476043
0.59509534,0.85685134
0.0,0.828236
0.0,0.87021
1.0205629,0.85203123
2.0712206,0.8468905
1.0427932,0.84620273
0.004420699,0.84834474
2.1147664,0.8500376
1.3841208,0.86219704
3.0579102,0.84270746
2.4188662,0.8441715
2.3148296,0.8497387
0.6790353,0.86246943
1.926304,0.8420575
0.5466607,0.8346389
0.5918611,0.84398
1.0020251,0.8522965
0.003556225,0.8375547
0.83375,0.8458841
4.647799,0.8656454
2.9379659,0.87535965
1.9539088,0.8563028
0.62596256,0.8783556
0.56100357,0.84831196
5.890927,0.8696184
2.5815566,0.88114995
3.8843513,0.860523
0.8172742,0.8967983
0.7692292,0.8741354
1.7793907,0.8532029
1.2385732,0.8625654
0.0022511978,0.85998
0.0043551377,0.8636867
1.5818739,0.85818565
3.8224607,0.85284066
2.1477132,0.85208315
4.0356936,0.8553475
2.9008176,0.8668838
5.04118,0.8477353
1.0689898,0.8415356
4.600076,0.84927493
3.9559045,0.8547626
1.3775145,0.8667819
3.1847758,0.84711045
1.2946427,0.8391589
1.3427671,0.8490376
0.8259822,0.8478287
0.0007488616,0.823464
0.0,0.85109174
2.0314622,0.85703915
0.36342156,0.843616
1.7364421,0.8535844
0.5263776,0.85437447
4.254463,0.86725247
2.161494,0.8764882
1.3060179,0.857053
5.259157,0.8716415
1.7972678,0.8824982
3.1779459,0.8622267
0.88766414,0.85454124
2.3828142,0.85919756
0.82746893,0.8705935
3.3316956,0.853555
1.5592345,0.8530641
0.0009549942,0.8337339
0.004060494,0.8370589
0.0024183823,0.8255334
0.00515447,0.832667
3.9568636,0.8587164
1.8634903,0.8701445
4.346096,0.8506187
3.249007,0.85224265
3.7597113,0.8593466
1.1159704,0.87112033
2.8201199,0.85114896
0.0023293202,0.8529392
0.6328157,0.84336424
0.537645,0.8531976
0.94966733,0.85699916
0.0019686753,0.86253774
0.5751458,0.8596438
1.5990323,0.8530995
2.293815,0.8639328
0.9121651,0.8732107
0.6187988,0.85405624
2.720931,0.86673087
0.8856697,0.87794274
1.3466945,0.8579854
0.8911919,0.853631
1.9256055,0.8484951
0.68152976,0.84881794
0.0024471725,0.8688204
0.0,0.8558321
1.3880081,0.85152185
0.7870846,0.86343044
2.1051023,0.84449947
1.4996431,0.84699523
1.3947238,0.8539097
1.1477239,0.8465539
0.0014775381,0.8522321
0.0011908038,0.85797143
0.0,0.8297088
0.011074075,0.8479341
0.77471524,0.84888035
3.972931,0.8718279
2.3411798,0.8834333
1.9136109,0.8628663
0.6797834,0.88536066
0.8991142,0.8554288
4.4812374,0.8709714
2.317099,0.8848342
2.987375,0.8629791
0.69975466,0.8995849
1.0277334,0.8769524
2.0489929,0.8553048
1.2058101,0.86536133
0.0077864584,0.8713568
2.4075549,0.86508566
0.87311083,0.8779458
3.9418075,0.86012477
0.010817364,0.8609787
2.0854886,0.85966086
0.003068097,0.83120435
3.0943034,0.8591125
2.3551626,0.87180376
3.9364402,0.8524003
0.9905741,0.8465186
3.4759772,0.85458076
3.075784,0.85836613
1.3762218,0.8718464
2.623369,0.85095173
0.23872168,0.84426695
1.3586227,0.84308463
1.2196316,0.8538792
0.7919478,0.85759205
0.0,0.86104906
0.0013842593,0.86492145
0.5408578,0.8502148
0.0022382454,0.8318417
1.6396083,0.86438566
0.4257957,0.8784445
2.212652,0.85830843
0.797136,0.8598788
6.0274887,0.88155735
2.7180524,0.892731
3.3242877,0.87267053
0.5652179,0.90928197
1.4565271,0.89522564
0.76910365,0.88682467
0.7893835,0.8637372
7.22866,0.8835526
2.8584135,0.8962212
5.515681,0.87480897
1.4759643,0.9117561
1.6302414,0.8886914
2.0503654,0.8654779
0.82493055,0.87602603
0.008234263,0.9056114
0.0028721308,0.8621651
0.0030453703,0.8525392
2.596491,0.8708183
0.7308889,0.8822689
4.8786836,0.864658
1.8478713,0.86326754
0.0029791666,0.87865716
5.1539917,0.8668656
3.846214,0.87935233
6.44247,0.859687
1.1174413,0.8525957
0.76545525,0.84919846
5.3950477,0.8593102
5.0748653,0.86737716
1.5671945,0.88051987
4.7817297,0.8598501
1.2841923,0.84996223
1.1968846,0.86064684
0.004530303,0.87055707
0.0036302428,0.8714744
0.0024692193,0.8671529
0.0014936421,0.8782897
1.119717,0.8546932
0.055141024,0.8757648
0.9157358,0.87285686
2.6400962,0.8665244
0.00583156,0.8535963
0.008841398,0.85731333
4.8937283,0.8825539
2.3497632,0.894119
2.1479185,0.87349266
0.5857123,0.91041595
0.94490504,0.89616364
0.90215516,0.86511153
5.2606754,0.8820722
2.039388,0.8953504
3.601747,0.87408155
1.1097033,0.91029936
0.18480538,0.8958316
0.825825,0.88782823
1.263497,0.8651565
0.7249946,0.8688359
2.4306462,0.86394477
0.70631456,0.8625705
0.003703829,0.8617606
2.1609232,0.8649918
1.3296957,0.87758213
3.7433558,0.8580228
2.2574108,0.8583204
2.9646993,0.8658584
0.8029901,0.8794838
3.0199182,0.85852104
0.67835623,0.8498314
0.7251187,0.8601888
0.577718,0.8538918
0.14221305,0.87648416
1.0310754,0.86587447
3.4572623,0.86049134
1.8535466,0.871076
1.1889126,0.85084796
4.673121,0.8653194
1.1975713,0.877137
3.0683398,0.856893
0.5526598,0.87059724
1.0918947,0.84980613
1.6212156,0.8566914
2.4048767,0.8507817
1.1645917,0.85043144
0.0,0.8506944
2.0338752,0.85480237
1.0963334,0.86637414
3.1269279,0.8476461
1.9440242,0.84909153
0.004766667,0.85500294
0.005481667,0.85825354
2.2983544,0.8533054
1.5565383,0.8452307
0.5582929,0.84368837
0.015736843,0.84001917
0.00575,0.85423195
0.9955587,0.8502702
0.0,0.82753694
0.007960927,0.8425082
1.5961324,0.85027075
2.1263404,0.8565744
0.511225,0.86967576
0.7208123,0.8475979
1.7684395,0.85958433
0.66563094,0.8739473
0.9479346,0.85115427
0.0068520834,0.85086477
1.3730892,0.8502056
2.3100507,0.8458492
1.0311459,0.84473467
0.015226852,0.8706263
0.008565105,0.8313422
1.5942122,0.84962857
0.64789855,0.8629101
2.4116182,0.843086
1.6689812,0.8438419
1.726725,0.8464612
0.95771646,0.83903664
0.55847055,0.8357434
0.0023425927,0.840577
0.009451149,0.85232913
0.6342646,0.84484303
0.007901908,0.8252075
1.4069611,0.8432443
1.5037858,0.83626604
0.7058939,0.8465819
1.6671467,0.843557
0.67020375,0.8547723
0.68121684,0.83384293
0.0,0.81860787
0.77085936,0.8281453
0.0,0.8220817
0.004216667,0.81320786
0.0020922392,0.8229559
1.1881107,0.82498884
0.58905816,0.8278984
0.8322997,0.8302542
0.0026103174,0.8301182
0.004316273,0.83332014
2.5905297,0.86378163
0.9340693,0.8767091
0.8680104,0.85521436
0.5913542,0.84734315
2.828201,0.865103
1.2992512,0.87947035
2.0531027,0.8569637
0.699867,0.84850085
0.0032745919,0.849408
0.006136194,0.87126905
0.0023227402,0.8479354
1.0525755,0.85102046
0.0026610033,0.85405445
0.63756305,0.8536967
0.5098907,0.86704856
2.3194375,0.84720576
0.010874362,0.8476507
0.6879215,0.8468186
1.1981705,0.85200405
1.4592516,0.84508026
0.0,0.8665235
0.003777062,0.8640528
0.0011302405,0.8395612
1.9644976,0.8414384
3.3578124,0.8454981
0.5058286,0.8565378
1.1872675,0.83698046
0.031028302,0.85095197
0.074144125,0.8294022
1.4521484,0.83389926
0.0,0.83491796
0.0040306374,0.81859714
3.1694462,0.8639049
1.5366349,0.8743653
1.3633587,0.85405076
0.94091445,0.8475246
3.7310698,0.86663795
1.6445,0.8783816
2.6713989,0.85774946
0.82742137,0.89356685
1.2137976,0.85090375
0.57718724,0.8601776
1.2124703,0.85716224
2.1808896,0.85149026
0.96109486,0.85119593
1.5401278,0.85753214
1.3873702,0.8694042
2.9100378,0.8500015
2.0887942,0.8520716
2.5124307,0.85481584
0.5525874,0.867874
0.00602381,0.83116305
1.6423917,0.8465463
0.01595194,0.8679798
0.5665153,0.8399491
0.66580975,0.84971654
1.2271861,0.8466307
0.7496296,0.83814543
1.4886934,0.8556922
0.061008584,0.846316
0.003513889,0.85734236
0.0,0.8568481
0.0025535715,0.82996714
1.4086609,0.84921336
0.006991922,0.8692224
0.008305555,0.8624948
3.3131437,0.8495321
1.9605961,0.86220586
1.4698573,0.8402822
0.60515994,0.8642823
0.62267476,0.8559141
1.2401621,0.83206487
3.620071,0.84922534
1.8885226,0.8648367
2.1175318,0.8398967
0.7140222,0.88115764
0.8925443,0.8646829
0.9790573,0.8561499
2.0690746,0.832217
0.93032354,0.8430574
0.0024916667,0.81786597
1.6451098,0.84725016
2.9108152,0.84184736
1.5032617,0.8416847
0.014425439,0.8353517
2.1254444,0.8417376
2.005242,0.85475665
3.289986,0.83442307
2.3192613,0.8359509
2.2495613,0.83430153
0.7789737,0.8494284
1.7355546,0.8263986
0.21760556,0.84153867
0.92228043,0.8185549
0.7425447,0.8289719
1.2302028,0.8332251
0.87504476,0.8269697
0.0052107098,0.8534043
0.0,0.8383798
1.3496666,0.8412194
1.568173,0.8334178
3.0221353,0.84733194
1.6038097,0.85787046
1.0250238,0.83741045
3.9388232,0.85177815
1.6978742,0.86408156
2.4141297,0.8426834
0.5053799,0.879654
0.64930224,0.8580631
1.2596116,0.83590525
0.57520294,0.8451743
0.6776356,0.84149194
1.7187997,0.83661187
0.8448572,0.8357539
1.5905715,0.8407573
1.2101038,0.85323966
2.629895,0.8331342
1.9986874,0.83500093
1.9115735,0.839835
1.4661283,0.83147734
0.0011532258,0.82069814
0.9157735,0.8311901
0.7398459,0.8221877
0.010963334,0.846046
0.0013568482,0.840265
0.006374031,0.84573805
0.0018534799,0.8053674
1.0319611,0.8401211
0.0021581366,0.8196442
0.014641204,0.8474175
0.002963063,0.82478565
0.78591317,0.8338999
1.6437435,0.854414
0.6109638,0.8678724
0.003451931,0.83637464
2.4174519,0.85512525
0.95997685,0.8698118
1.3419635,0.8468144
0.23885329,0.8619214
0.005506697,0.8369238
0.59893245,0.8389228
1.3781563,0.8461622
0.0011916667,0.8559258
0.0028214462,0.8247983
0.0053479676,0.845832
0.605167,0.8476278
0.65800726,0.861121
1.9260854,0.8409195
0.9187474,0.8413615
0.9536637,0.84262925
0.7514342,0.8353727
0.0026524193,0.8444784
0.0055935374,0.8553966
0.0022175028,0.84103113
0.0065257936,0.81555957
0.002183931,0.83309436
0.0036748603,0.86051667
0.0020751795,0.8277396
0.060873248,0.840051
2.1066704,0.85057807
0.9592917,0.8630714
2.0328605,0.85535467
0.8563252,0.86923265
1.1585706,0.8459953
0.604614,0.8391106
1.0164436,0.84117544
0.71168417,0.846949
0.6759528,0.8591772
1.6589559,0.83939797
1.071923,0.841154
1.0634319,0.84289145
0.0,0.81208074
0.697573,0.8346357
0.005894265,0.8271629
0.0060085724,0.8230377
0.0011051748,0.83264714
0.0023627873,0.8556745
0.0016428571,0.83444166
0.05962882,0.84088707
3.397912,0.8492537
1.9025785,0.8592898
1.5088357,0.8385039
0.9642637,0.83250916
5.483682,0.85491174
1.5437341,0.86614525
3.0597959,0.8453083
0.81361747,0.88223815
0.5565741,0.8682351
0.6467578,0.8605125
1.8866695,0.83856964
0.7704416,0.84775466
0.6111697,0.8456754
1.5167953,0.8394071
0.9089421,0.8389419
0.0,0.8204441
0.0020227553,0.8261105
0.0089132795,0.8205558
1.9679184,0.84800327
1.1704814,0.85957396
3.7186441,0.8395635
0.013051587,0.87661046
2.0776942,0.84127593
2.0985985,0.84365803
1.911963,0.8344248
0.5751257,0.82800865
0.61789566,0.83772266
1.2931888,0.8301851
0.902191,0.82029766
0.027477026,0.8260755
0.0022465847,0.84902054
1.6003504,0.8385018
0.27275413,0.8328208
0.00434287,0.84749186
0.004766667,0.84019434
0.5950818,0.8355792
0.86632776,0.85356635
3.7058952,0.8577592
1.6832592,0.8495125
0.0,0.8372096
0.0,0.84747994
0.8458779,0.841961
0.0042825523,0.8199531
0.28057346,0.84323037
2.3624036,0.85035837
1.0215833,0.8610929
0.6974327,0.84039223
0.0022651516,0.83264923
3.2244322,0.8550075
1.259617,0.8671954
1.6155883,0.8457128
1.0767107,0.8388233
0.6452289,0.8445833
1.6560403,0.83957744
0.64945835,0.8389835
0.007027778,0.8334359
1.066986,0.8448596
0.85606545,0.857255
2.0684037,0.8373423
1.526408,0.8393054
1.2831616,0.8416809
0.86658704,0.8332759
0.27071345,0.83629066
0.8523848,0.83211744
0.5459914,0.8233187
0.0,0.8184424
0.0,0.8429409
0.749648,0.84111637
0.0038333333,0.8182315
0.8807921,0.8368956
0.0,0.8282876
0.0,0.8438302
3.9943535,0.8537054
2.0415695,0.8646797
1.3026628,0.84405726
0.0034058753,0.8323176
0.71498775,0.8368121
4.6498227,0.85918903
2.1894703,0.87160754
3.047084,0.8496495
0.89040047,0.8869822
0.6121572,0.87197614
0.8565104,0.86488444
1.8970501,0.8426667
1.0032265,0.8526864
0.98714364,0.8498204
2.311993,0.84441423
1.3848605,0.84417677
2.3034945,0.84813166
2.0380447,0.8602867
3.7267606,0.8405449
0.11066915,0.83445466
3.036907,0.84248745
0.006803487,0.85191584
2.8186138,0.8452934
0.5919827,0.85828173
2.3065093,0.8369765
0.78082484,0.8301345
0.9110419,0.8398669
1.248451,0.8355527
0.99888146,0.8274862
1.4422035,0.84469897
0.0023720823,0.8244535
1.1487458,0.84265023
3.4953234,0.8580723
1.587455,0.86860216
1.1504042,0.8474088
4.643786,0.86279815
1.7237592,0.8746878
2.6625237,0.85348743
0.59425145,0.86869717
0.0076450543,0.846998
1.1383008,0.8461301
1.8083366,0.8522157
0.57673806,0.8641029
2.438797,0.8462018
1.2961324,0.8460594
2.265797,0.8523706
1.2782278,0.8642896
3.21044,0.8443301
0.0065827877,0.8462687
0.021431627,0.8586422
2.080259,0.8462894
2.690915,0.85151863
1.9777163,0.8424743
0.84029156,0.841309
0.00277975,0.82096124
1.0870908,0.8478142
0.5793944,0.8519561
1.5162306,0.84480906
1.6622914,0.85538125
0.60935736,0.8655259
2.5045362,0.85846967
0.8501659,0.8701502
1.0744066,0.84980327
0.5570757,0.84353185
0.5911425,0.8466426
1.2429127,0.8419827
0.0017237946,0.84610534
0.0033424797,0.8185689
0.70007265,0.84540856
1.5544853,0.83842736
0.8054843,0.84130657
0.9600808,0.84680176
0.6499933,0.83894825
0.0110263415,0.8274744
0.0,0.82736397
0.0007742467,0.8325617
0.0017814144,0.8254647
0.67814434,0.84158754
3.311107,0.85618407
1.6953739,0.8687668
1.4265496,0.8471848
0.5203096,0.8707731
0.6683987,0.86299986
1.0311239,0.83967555
3.2766159,0.8575274
1.9615121,0.87231255
2.0723908,0.84841204
0.711718,0.8875552
0.60542893,0.8721671
1.1055307,0.8645218
1.8079648,0.84113145
0.7894563,0.852
0.003880826,0.8303096
1.8399233,0.85481066
0.7100111,0.8684642
2.9280243,0.8499044
1.5234668,0.850067
0.0022103495,0.82685447
2.124895,0.8491998
1.7411767,0.8620871
2.9670722,0.8425944
2.2386382,0.84489673
2.3863976,0.84407115
0.7353161,0.85866946
1.8934911,0.83661246
0.8692798,0.82914984
0.7614654,0.83993024
0.96161443,0.8361665
0.72052836,0.829936
0.0049384385,0.83768904
0.0,0.8108947
1.2169513,0.8446705
0.0006037078,0.8367845
0.0045680557,0.85857135
1.6999258,0.84195375
0.64532846,0.84423834
4.4922256,0.86467797
1.7349992,0.87703323
2.4127471,0.85557914
0.946853,0.87984085
0.84846014,0.87170774
1.1191276,0.8477369
5.806655,0.86892104
2.6000676,0.88242316
4.501333,0.8597243
1.1577526,0.8979713
0.036275737,0.8501945
1.0785357,0.8833842
1.6332556,0.8752818
1.9183073,0.85205626
0.003972222,0.842832
0.0018272222,0.8428864
0.0031503832,0.8431473
1.8295088,0.8594917
3.549701,0.8534845
1.2093781,0.85297406
0.0023032213,0.857075
0.0,0.8333663
3.1856256,0.8575186
2.4966962,0.8702597
5.107872,0.850174
3.2808928,0.8507875
3.0887084,0.85477537
0.5306381,0.8687055
2.985711,0.8467803
0.7556101,0.8387146
0.5527774,0.84912866
0.0018519145,0.86137176
0.52966046,0.8591745
0.7397573,0.8452941
0.0024285866,0.8350766
0.6561878,0.85758567
1.8293054,0.8512786
3.3766112,0.8673387
1.4851493,0.8798741
1.4004216,0.8580205
0.59697604,0.881871
0.870716,0.85096633
4.509917,0.8694214
2.2554338,0.88332886
2.833871,0.86060524
0.71971524,0.89852417
0.7386643,0.87642425
1.0764815,0.853145
1.3914231,0.8523322
0.045854244,0.8413445
1.0054022,0.85619146
0.8589303,0.8691294
2.7656987,0.84915453
1.05105,0.85035956
1.8405697,0.8539787
1.9585252,0.8460419
0.0,0.86919355
0.50774586,0.84397304
0.50009984,0.851352
1.0970186,0.82462597
0.0,0.8062593
0.0,0.7808679
0.0026870915,0.77331066
0.0023056432,0.7953254
0.0032435898,0.8111483
0.020936921,0.8086844
0.5948191,0.8201266
0.22298305,0.8085557
0.07308889,0.8087567
0.0041527776,0.7771637
0.0,0.79378915
0.021638159,0.84140813
0.0,0.73958546
0.0,0.8020328
0.0,0.790518
0.0,0.7928648
0.0046851854,0.8108063
0.0022840279,0.8607621
0.0016611111,0.8059991
0.0035480044,0.8173174
0.0038279796,0.81966305
0.0020079366,0.8269358
0.0018031799,0.7507535
0.0013020586,0.7537298
0.0016511044,0.7565404
0.0,0.77878684
0.005220635,0.6981079
0.0019438535,0.7756393
0.0,0.78062785
0.0024362963,0.7767407
0.0029662699,0.7924871
0.0,0.77539754
0.0017237946,0.778007
1.6726111,0.828673
0.57009333,0.81847614
0.0,0.7898828
0.0,0.8117988
0.0,0.8322237
0.01957738,0.8368469
2.3087325,0.8201616
0.84582704,0.81003237
0.0033424797,0.79960626
0.005270833,0.8234036
0.0009228395,0.7902191
0.0016314484,0.7990192
0.0016314484,0.822204
0.0014875622,0.8322682
0.0045378036,0.8066959
0.0052372613,0.8185074
0.9869256,0.8122535
0.016511044,0.814741
0.006423828,0.7801684
0.0,0.76265025
0.0,0.7875947
0.003670759,0.801821
0.0057100696,0.8242377
0.0,0.770701
0.0011613701,0.759486
0.0035679487,0.8184885
0.0030623837,0.8286572
0.0,0.8281146
0.0018730068,0.78906703
0.0025030442,0.8170043
0.003806713,0.7876724
0.0034153687,0.8066816
0.0017797619,0.7953803
0.003703829,0.7866162
0.001022699,0.79881215
0.0,0.83301693
0.009351078,0.7935201
0.0138027575,0.8067498
2.046262,0.80250454
0.76454824,0.79335624
0.003575,0.78525466
0.0,0.79717755
0.002237415,0.7497425
0.0,0.7724432
0.0034260417,0.8375795
0.0,0.8136612
0.0010113777,0.78868306
0.004420699,0.79560983
0.0028699825,0.8390353
0.002669643,0.77449083
0.0033424797,0.815019
0.005958333,0.806414
0.0047255745,0.785365
0.0050015207,0.81075907
0.0011613701,0.78055644
0.0,0.8043464
0.0,0.7709762
0.0031870154,0.7804456
0.0031870154,0.8113176
0.0052877814,0.8108926
0.7957258,0.8125013
0.0065257936,0.7703558
0.0,0.74588394
0.0,0.80996704
0.0,0.80909956
0.0,0.8289123
0.0013704167,0.7771876
1.023489,0.82194465
0.54566365,0.81232107
0.007169182,0.8045778
0.0019507711,0.8243856
0.0023833334,0.76925343
0.0034475892,0.8046884
0.09701538,0.80878794
1.463449,0.819588
0.002287841,0.77137107
0.0046454803,0.8480215
0.008701058,0.8049023
0.00291578,0.76874757
0.0020816457,0.78699267
0.055114582,0.7844227
0.0,0.8265481
0.5136961,0.82384795
0.16203669,0.813702
0.005374183,0.8080249
0.035398215,0.81090045
0.0066849594,0.78767824
0.0024042397,0.81468713
0.007613426,0.8063049
0.0,0.77558196
0.0,0.8334956
0.0,0.82761717
0.003703829,0.805754
1.9199871,0.8231061
0.7114185,0.81315327
0.0006037078,0.8130834
0.008227643,0.82786906
0.0012346096,0.8235532
0.0020949044,0.8280758
0.75699204,0.8336643
0.004420699,0.8279096
0.0041527776,0.82148504
0.0017347046,0.8465035
0.50688905,0.8233894
0.0055935374,0.8118402
0.0021412761,0.8407992
0.0,0.8342798
0.0,0.8419931
0.008841398,0.82265985
0.0,0.8330056
0.0,0.8125547
0.0,0.81208706
0.004857173,0.8277297
0.0033527014,0.79677874
0.0019957523,0.79695284
0.0031747106,0.788604
0.0019718225,0.7848994
0.0059154676,0.7885264
0.0041319095,0.7710191
0.0048510325,0.7910094
0.0016028265,0.76748323
0.0034569069,0.7933431
0.017541334,0.81870294
0.006739754,0.84054446
0.026524194,0.84188294
0.0024255163,0.8093466
0.0,0.7812605
0.008565105,0.8055169
0.00874734,0.7685187
0.006264762,0.80635965
0.0,0.8028163
0.014683036,0.8092615
0.01166312,0.7867267
0.0040306374,0.7643359
0.0,0.7511258
0.0,0.7808987
0.0021752645,0.788324
0.0012748062,0.7911377
0.0024042397,0.78034997
0.0039295102,0.8030351
0.0027271973,0.80951613
0.0021181093,0.790636
0.003454832,0.7788093
0.0029235557,0.78618854
0.004530303,0.77800715
0.0,0.8030039
0.0015751916,0.8168279
0.70992076,0.81645846
0.0048084795,0.7963791
0.0055935374,0.83773714
0.0044566398,0.7891222
0.001986111,0.78898025
0.0,0.7710128
0.0038932292,0.7748786
0.0021412761,0.7853166
0.0014977232,0.805002
0.0012346096,0.7824044
0.0031234568,0.782202
0.0014349913,0.7639513
0.0017292324,0.76006925
0.0048434683,0.7714843
0.0027136963,0.80831736
0.0,0.803759
0.0021619194,0.79429424
0.001332658,0.81173944
0.0015997082,0.79958844
0.00223559,0.8105618
0.0044738688,0.7796588
0.00446875,0.76176643
0.0032977941,0.77702993
0.0023407738,0.79178464
0.0018498313,0.7791543
0.0008565104,0.7792362
0.0029366072,0.77684116
0.0021985294,0.76240313
0.0012318352,0.7706584
0.0026103174,0.7732633
0.003205653,0.81832975
0.0036625837,0.82280993
0.0041951532,0.77726483
0.00467719,0.7908393
0.009251758,0.79142845
0.0065257936,0.79530805
0.0,0.80656993
0.0025581112,0.8028947
0.0023833334,0.7782829
0.003915476,0.7777397
0.0,0.7672564
0.010541666,0.78981507
0.0053220065,0.7532079
0.0,0.8138617
0.0015706781,0.77428377
0.00083434803,0.7585703
0.0036666668,0.77422833
0.0,0.83463323
0.010963334,0.7936201
0.0,0.7755161
0.0,0.81518185
0.0,0.77853835
0.003011905,0.79579693
0.011800066,0.79901767
0.002060777,0.80450493
0.002622807,0.77977896
0.0057701753,0.79595757
0.0,0.7853069
0.003771789,0.7947367
0.0023032213,0.7970201
0.0021083334,0.766621
0.0,0.76141006
0.0078954045,0.80547106
0.0035251875,0.8020697
0.0011007363,0.76491904
0.0048084795,0.7879656
0.0028850876,0.76613003
0.0017972678,0.812758
0.0,0.7885627
0.008206088,0.8146032
0.006229167,0.78838706
0.0,0.77850425
0.0036063597,0.7574899
0.0041844784,0.8251008
0.010422887,0.7892679
0.0058138887,0.776456
0.003286371,0.7966651
0.00583156,0.8044222
0.0,0.8203727
0.002460353,0.80720735
0.0,0.81886446
0.0,0.7873157
0.00446875,0.7875061
0.0,0.8032621
0.80845624,0.82944715
3.918623,0.8375303
1.4646893,0.8279894
0.0020187441,0.8305342
0.0023318608,0.80137813
0.64002883,0.836827
2.1700757,0.83054113
0.016195834,0.8423426
1.0736245,0.8316908
0.0013635986,0.80813766
0.002880035,0.81189936
0.5387523,0.8316676
2.3401544,0.82441354
1.0486081,0.8271952
0.024249863,0.81148803
0.020962397,0.8039097
0.002921997,0.7891815
1.2344373,0.82677317
0.7906964,0.82784843
1.5261732,0.8334061
0.48812938,0.82409096
0.5801927,0.8286799
1.8766319,0.8235267
1.1478186,0.824208
0.012059667,0.82095486
0.00659307,0.80818903
0.509715,0.82451963
1.9917521,0.81714946
0.9970416,0.82021546
0.022123318,0.79592097
0.007655959,0.8178101
0.0072127194,0.8294445
0.0069564297,0.8262472
1.3223815,0.816903
1.5472622,0.818015
0.51652455,0.8081178
0.013852587,0.82429767
0.006758219,0.77862656
0.0011187075,0.7632868
0.90955883,0.80938244
0.0,0.80690956
0.0015087156,0.80945694
0.74343884,0.80472946
0.003849485,0.8140421
0.0017841064,0.80152786
0.015062479,0.80410206
0.008225437,0.808239
1.6266478,0.84499913
0.5109455,0.85975695
0.8110171,0.8356943
0.011557731,0.825009
0.0015311919,0.85193825
0.0055935374,0.8209882
0.0,0.8467386
0.51052433,0.8330767
0.0027047698,0.8482308
0.93834966,0.8265558
0.0,0.8440739
0.0028008516,0.81072855
1.3235894,0.8147882
0.00095666084,0.7949715
0.002257378,0.80966145
0.0005794574,0.8041885
0.0025294442,0.7787036
0.0020504987,0.8066505
0.0029984806,0.8114058
0.002525429,0.8077848
0.0024775895,0.78507495
1.2299105,0.83506596
0.0048725926,0.81795055
4.2713976,0.84184325
0.6201886,0.85360193
1.9502692,0.831696
0.50352615,0.8373327
1.6720066,0.831534
0.9267321,0.83244884
0.005374183,0.83146
2.2229226,0.82802683
1.1908526,0.831498
0.5430115,0.83115613
0.78597426,0.8228303
0.003729025,0.825966
0.002277701,0.84637976
0.009451149,0.8572906
0.0,0.8046595
0.57535154,0.82372797
1.2047836,0.82648766
0.0,0.8286614
1.34412,0.8206357
3.6825333,0.8243022
0.5865383,0.83950955
2.0010068,0.81405795
0.6941608,0.81859523
0.0019279015,0.8048361
0.59289306,0.8212706
2.212702,0.81345105
0.026465317,0.8074208
1.2298324,0.81487125
0.91595614,0.8110168
3.0025287,0.801943
1.7466502,0.804819
0.58287203,0.80858326
0.88973266,0.7994454
0.017601682,0.80099106
1.2554785,0.8069992
0.96349716,0.81851864
0.030092236,0.8254105
3.4742253,0.82353055
1.4791934,0.81403565
1.5661905,0.81594825
0.82225,0.816944
0.0,0.7904591
0.0018645125,0.78820264
2.2232447,0.81185794
1.2266086,0.8153489
0.01265,0.799422
0.021169038,0.8155395
0.0070145526,0.8463388
1.9526938,0.8306368
0.78093463,0.82172394
0.009745185,0.8153794
1.0504777,0.8211716
0.002905477,0.8287592
0.002041046,0.80609477
0.003028545,0.82859343
0.0030860896,0.8061247
0.0009549942,0.82213926
0.9486032,0.81185305
0.0044702683,0.8238334
0.005551055,0.80004084
0.002906267,0.8051915
0.0025099206,0.82850873
0.0022518584,0.8077829
0.004279513,0.8188673
0.0,0.8247634
0.002645592,0.8054187
0.0052607167,0.8028207
1.8494452,0.8266606
0.64664906,0.8181511
0.001978941,0.7960433
0.8952658,0.8128683
0.0034403766,0.852316
0.012674374,0.8322298
1.3315519,0.8199677
0.10018218,0.80987644
4.315219,0.82783604
1.9396666,0.81817245
1.1239462,0.8172525
1.0662007,0.8180458
0.002346604,0.8079195
2.291978,0.8163228
1.4330643,0.8199426
0.0,0.7769319
0.0050060884,0.78494704
0.0036024097,0.82442206
0.0073088887,0.8319197
0.004316273,0.81499016
1.150863,0.8303342
0.0016075269,0.8175224
0.0020377943,0.8090687
0.0017237946,0.8277501
0.0,0.82231486
0.0028911745,0.79048765
0.0010833334,0.8264029
0.0046021454,0.8237195
0.6545543,0.81807625
2.6024184,0.82592106
1.0563123,0.81639767
0.005107143,0.8045215
1.3100774,0.81848514
0.5769012,0.8196726
0.0060907407,0.80952775
1.3491849,0.8141133
0.68330765,0.8178799
0.0,0.81113553
0.0011916667,0.79218775
0.0,0.79631925
0.002332624,0.7767491
0.0,0.78736186
0.0021752645,0.8082508
1.3748422,0.8232076
0.0025116457,0.8037185
0.021360332,0.80759835
3.8474,0.8294475
0.68239063,0.8423805
1.9008898,0.819481
0.002334611,0.7874774
1.9267915,0.82327735
1.2050339,0.8243068
0.56316125,0.8255966
0.0,0.7986812
2.727248,0.8177153
1.8393189,0.821232
0.8462843,0.8125087
0.0027003284,0.80072844
0.008476804,0.8168611
0.78309524,0.8141246
1.0004717,0.83069813
4.2631955,0.8380792
1.5826219,0.8286027
0.8511697,0.83375
2.3105578,0.8275762
1.3917888,0.82895154
0.0021581366,0.841964
0.005741969,0.8091825
0.6234066,0.83168286
2.5095713,0.82392347
1.1394436,0.8274156
0.50576705,0.8197824
1.4550676,0.824405
0.5870093,0.82725126
2.1372461,0.8353014
0.7433472,0.826563
1.1975932,0.8250792
0.6016739,0.8264189
0.0052096094,0.8064784
1.0075046,0.820778
0.0062009804,0.82383007
0.002398979,0.79581964
0.0022103495,0.8287779
0.002139187,0.8295172
0.0031615647,0.8514122
0.0020377943,0.8294021
0.016561907,0.826041
0.62647617,0.8202158
0.0011516106,0.8268169
1.3206161,0.8242321
3.5889578,0.82834256
0.63586354,0.84263605
1.8014992,0.8180728
0.6374568,0.8233594
0.7672369,0.82820433
2.7479422,0.82211363
1.2245371,0.8231697
0.8109332,0.81892455
2.602847,0.81032395
1.6154542,0.8134708
0.5194744,0.8155365
0.83545333,0.80639535
0.0040806453,0.79440653
0.004056202,0.79071915
0.0015904255,0.7972168
0.005925564,0.81576633
0.35368142,0.80821747
1.6785511,0.81339544
0.012006672,0.8521894
0.0031303933,0.82753646
3.6707902,0.85100603
0.9263323,0.86479294
2.7282798,0.84129477
0.55151594,0.845166
2.4657917,0.83829135
0.6281318,0.83906347
0.0,0.8427541
0.0036063597,0.8204643
0.0067259716,0.81661963
0.7438127,0.8427563
3.7220192,0.83420354
0.9151212,0.8369248
0.021317592,0.85356176
0.9955414,0.83060986
0.025092136,0.8240361
0.00094511494,0.81297386
0.004894345,0.8111514
0.0021083334,0.8435693
0.8129815,0.8291936
1.3956612,0.8327057
0.0021581366,0.83520555
3.3775501,0.8500716
0.7912217,0.8640473
1.8509524,0.84063315
0.7726817,0.8360802
0.26389617,0.8382484
1.742055,0.83065104
0.56619847,0.82822067
0.0,0.82021934
0.0,0.810982
0.0013773032,0.8320975
0.005029052,0.827932
0.86739314,0.82907385
0.0024471725,0.83800447
0.0,0.82428324
0.009010162,0.84144527
2.0244017,0.8364103
0.55332375,0.82715094
0.82822734,0.8272596
0.0046186713,0.84610635
0.0035000818,0.83265054
0.0021988235,0.8069054
0.0,0.8011212
0.6339728,0.82066464
0.003786989,0.82875055
0.0029747575,0.8140644
0.004551799,0.8374342
0.5710404,0.8235265
0.025355726,0.8578595
0.0029642077,0.81297237
0.812217,0.8296989
0.8785257,0.8182492
0.005250639,0.7974807
0.01939269,0.79923034
0.59006643,0.812325
0.02242084,0.850309
0.008433334,0.81312513
0.7392606,0.8130096
0.627806,0.8197638
0.0014444444,0.81980026
0.001009515,0.8137413
0.003085366,0.7887447
0.005362235,0.8077154
0.00050152483,0.8029046
0.0030491347,0.7883699
0.0017201883,0.8077047
0.0024148312,0.80817497
0.0014821992,0.79681003
0.0016577621,0.8116297
0.00296118,0.7806698
0.0025244518,0.80544055
0.002746326,0.8112391
2.471627,0.8376454
1.1814369,0.82794803
0.00077315466,0.8045126
0.76076645,0.8262303
0.00446875,0.8374653
0.76014555,0.8214636
0.0027136963,0.8236316
0.6960631,0.8227644
0.5770415,0.81737304
0.0031655438,0.8291559
2.6478448,0.8197015
0.63932246,0.8351172
0.97314423,0.8086728
0.0023916522,0.814348
1.064047,0.80728513
0.0012959023,0.7817545
0.0020906434,0.7978897
1.2411529,0.7977598
0.0,0.8172771
0.5514575,0.80168307
0.007475,0.792993
0.09878622,0.8049927
1.8573287,0.8214165
0.6630353,0.81229293
0.011420139,0.80226326
0.0040306374,0.79568934
0.51004475,0.8073266
0.001684311,0.82161736
0.00155288,0.7841379
0.0032628968,0.7781137
0.7984913,0.82541543
0.0067466665,0.80327773
0.005242827,0.79115903
0.003784188,0.79536796
0.0055577196,0.8445783
0.0017812706,0.8343519
0.002949776,0.7979967
0.767352,0.8238075
0.0,0.77893233
0.016261797,0.8193431
0.0034383214,0.7992047
0.0017555378,0.825943
0.0023032213,0.79369473
2.6610866,0.82524717
0.9992844,0.8156398
0.01896174,0.83213484
0.003038618,0.81881905
0.010151234,0.83235586
0.002716141,0.8246788
0.5902946,0.8119122
0.0030252023,0.808008
0.0026326652,0.8142992
0.0015363416,0.8024713
0.0012928459,0.8306565
0.0022307378,0.80634624
0.0026103174,0.8225777
1.3423662,0.8245615
0.50594676,0.8152246
0.00229039,0.8073392
0.0033379567,0.794232
0.0013240741,0.8399127
0.0024201619,0.82017493
0.03823264,0.8142132
2.2621,0.8262
0.5338155,0.8399921
0.98382753,0.816187
0.014287323,0.8086196
0.5310982,0.817219
0.0024212308,0.8254698
0.002514526,0.8183195
0.7988759,0.8108649
0.004404219,0.8052317
0.0029246698,0.83562356
0.0014152323,0.7814937
0.0020334746,0.78102416
0.0017930686,0.81167006
0.0056804838,0.79912025
0.0075091324,0.8045323
0.23176028,0.8291614
0.002039961,0.8110559
2.3771188,0.83584255
0.7340612,0.82656693
0.74683654,0.8232423
0.0033197072,0.82982755
0.00448772,0.81614935
0.0021292986,0.8187082
0.7975064,0.8190462
0.0023748851,0.84025425
0.0023373354,0.8092778
0.0025822117,0.7916359
0.0011003964,0.80066895
0.003795417,0.82163966
0.0036271857,0.81714344
0.57188106,0.82040244
0.005508374,0.8399731
1.0095443,0.8333089
0.0027967687,0.7982398
0.0017265092,0.80042005
0.0021810345,0.821483
0.0004282552,0.82765573
0.002542517,0.7988667
0.0024644372,0.8106074
0.0011646601,0.81419384
0.002791407,0.81709486
0.0017628637,0.8097836
0.6116023,0.82151175
0.0027557933,0.8034792
2.3686926,0.8256104
0.5299658,0.8409227
0.91957325,0.8143227
0.00277975,0.7935404
1.2158186,0.816195
0.0038016844,0.80205417
1.132742,0.8069256
0.0048407884,0.8467775
0.002398769,0.79169285
0.0,0.78200006
0.6932837,0.8086198
0.002045398,0.7987468
0.0017601682,0.817216
0.90000415,0.8452335
0.6527302,0.8593168
0.004965278,0.8242846
0.83897376,0.8348532
0.97001094,0.83138114
0.004965278,0.8214443
1.4037986,0.8241706
0.003079588,0.8238845
0.0,0.8383474
0.0031503832,0.82540035
0.0036382743,0.82982194
0.004350529,0.8269747
0.7197061,0.8281237
0.7669594,0.8430263
0.56113005,0.8575063
0.6557822,0.83343005
0.0064871795,0.8067779
0.0009894705,0.8184046
0.004203732,0.81241745
0.0022492185,0.8154031
0.017959876,0.8345194
0.0027477026,0.7959313
0.00088988093,0.81631094
2.5773892,0.82640505
0.9994111,0.81545156
0.0042881356,0.80742705
1.0354259,0.82017565
0.0034367817,0.82757956
0.003703829,0.81856203
0.00676749,0.8151254
0.51227736,0.81379545
0.0031911384,0.8537692
0.004249354,0.79249716
0.0032890001,0.83190054
0.9578789,0.8237538
0.5552246,0.81739235
0.0031747106,0.80549693
1.2853131,0.8144257
0.009702065,0.7987133
0.024183823,0.79652655
0.012458334,0.80761707
0.7006681,0.80900884
0.0,0.798182
0.0016217949,0.78586847
0.0017720906,0.805941
0.0015842967,0.7922982
0.005412777,0.8677585
0.865315,0.8352845
0.84001464,0.82532305
0.0038852019,0.80301523
0.0033977274,0.83864015
0.003972222,0.8033618
0.0,0.8225113
0.0039002802,0.8276226
0.0042603626,0.8127936
0.0,0.7833499
0.0064744093,0.75276625
0.009574964,0.80337673
0.0025834762,0.77741146
0.9973097,0.8256272
3.3976882,0.8334179
1.7979866,0.82210624
0.0014425438,0.7862319
0.88803,0.8231506
0.740716,0.81816393
0.0047805235,0.8117214
0.0019369847,0.7908304
0.0050489036,0.7967402
0.8023436,0.8154285
0.08806753,0.8233859
2.839643,0.81585515
1.3568718,0.80471385
1.2285184,0.8064116
0.0021513605,0.79015607
0.77895796,0.7983151
0.0,0.814419
0.0019647551,0.7931949
0.0067083333,0.8147863
0.5061198,0.80873615
1.9014531,0.8158756
0.7955629,0.8055246
0.010461196,0.81307775
0.0032628968,0.76064414
0.0023902617,0.8105954
0.0041061174,0.80226123
0.0,0.7667135
0.0,0.7553105
0.11937547,0.7892275
0.0015226852,0.818913
0.8887489,0.8233413
0.012032927,0.8032898
0.005075617,0.78677016
0.008522789,0.8133761
0.88378304,0.8168087
0.016949346,0.81204355
0.0037545662,0.7990364
0.0015935077,0.78524613
0.0018560948,0.7942885
0.004705293,0.794561
0.0033130953,0.7797375
0.007899645,0.8220155
0.0013198234,0.80329657
0.0028197875,0.8081271
0.003851288,0.81903845
0.7248542,0.807962
3.4174209,0.815954
1.4244612,0.8054171
0.0042049047,0.78018034
0.004420699,0.7543037
0.0050175437,0.79974836
0.008120988,0.77442205
0.0026165473,0.8033646
0.0026438907,0.7969744
0.001403157,0.76475424
0.0028256015,0.7965343
0.0055586323,0.8155264
0.004420699,0.7928387
0.0022872044,0.8260361
0.66113,0.8254672
0.0011232924,0.80399394
0.001495,0.7888137
0.004758391,0.8060186
0.0024255163,0.7943338
0.0009015899,0.8276514
0.0019211449,0.83172315
0.0021926668,0.80774975
0.006337187,0.80290025
1.4281805,0.81730175
0.5086477,0.8067236
0.002030247,0.8180691
0.50585204,0.80885494
0.0060907407,0.8091326
0.011420139,0.79653835
0.0028353448,0.7979039
0.0039342106,0.7888513
0.0018902299,0.775874
0.0014762118,0.782243
0.0018645125,0.78892475
0.72397435,0.81357723
2.190535,0.8235474
1.0917535,0.8129746
0.0,0.7608806
0.0019765624,0.8295911
0.5434924,0.8145915
0.0030341328,0.8131819
0.5078116,0.80974865
0.002894567,0.8013263
0.0025203065,0.8258393
0.0024639962,0.8110497
0.004127761,0.77849567
0.0007308889,0.82759273
0.0017143602,0.83428407
0.6149364,0.81387305
0.029416582,0.8214291
2.9191048,0.8233094
0.0078061707,0.80083424
0.9334406,0.81325376
0.0011994895,0.76918834
1.0203164,0.81612027
0.0017972678,0.78635114
0.0023140244,0.807409
0.58646125,0.8128566
0.0024601524,0.8173992
0.0017836225,0.7565347
0.0018569331,0.7744694
0.001844437,0.8155246
1.0621754,0.82755435
0.0069304635,0.810217
0.0015226852,0.7953332
0.0035082668,0.8145893
0.018872717,0.81879747
0.0,0.8064693
0.0,0.8038906
0.0029598633,0.7974955
0.003171649,0.78359765
0.0009923364,0.8218126
0.0022698413,0.7898463
0.77238196,0.81814337
2.546501,0.8217631
1.1727483,0.81065696
0.022840278,0.77204627
1.5076683,0.81560326
0.7503593,0.807765
0.40905148,0.79883623
0.00291423,0.7895378
0.0014553097,0.8441429
0.0,0.7832247
0.05173096,0.831725
1.5825754,0.84179044
0.5808698,0.85666454
2.118373,0.830253
1.6263659,0.8284668
1.2417369,0.8229172
0.72748715,0.8164665
0.002086929,0.79799646
0.0076191463,0.82751346
0.001727416,0.80744386
1.9893466,0.842933
0.7326458,0.85712266
1.9893882,0.83189356
0.7263823,0.82894194
0.004787482,0.8171204
0.0019718225,0.8407632
0.003383745,0.8251805
0.0,0.8406051
0.0,0.83564246
0.0027271973,0.84207386
0.0052008224,0.8098023
1.2834061,0.82452226
0.025695313,0.820491
2.7811396,0.83571535
0.67925,0.8487393
1.4960382,0.8251699
1.3419405,0.8304282
0.9253241,0.82493424
0.018272223,0.80040514
0.0,0.7914287
0.0,0.79699075
0.0060907407,0.78495353
0.0,0.81956977
1.5896833,0.82349586
1.2091912,0.8282272
0.9512304,0.8437201
0.0,0.861165
0.0,0.8099188
1.3166748,0.8207991
0.7054276,0.8150963
0.0,0.8214338
0.0,0.80610347
0.5481667,0.8130443
0.5380154,0.8077324
0.8483532,0.818568
0.0,0.81441814
0.0,0.79230064
0.0,0.8273616
0.0,0.8105252
0.0,0.8157472
0.011916666,0.7974261
0.010541666,0.76395357
0.0,0.7733838
0.0036544444,0.77664435
1.2072718,0.8373375
0.54148173,0.8527501
0.0,0.81466365
0.769766,0.82775944
0.0025496124,0.8205144
0.003404762,0.8092123
0.0,0.8059712
0.0028550348,0.83267677
0.0014501764,0.8322718
0.0,0.80913055
0.01661111,0.84643155
0.0,0.8429121
0.004350529,0.8166112
0.8455762,0.81317216
0.0,0.82209
0.0,0.8222764
0.01612255,0.7771256
0.0,0.79937834
0.0,0.77082324
0.011420139,0.76554596
0.0,0.77389777
0.016363185,0.79468584
0.0,0.79337513
2.1723642,0.83204985
5.2336864,0.8396127
1.0963334,0.85159624
2.3023,0.8289707
0.53625,0.83713305
1.8540932,0.83071375
1.5477647,0.82637835
0.66563094,0.81901443
2.1917248,0.81597686
2.6488333,0.8149423
0.63215995,0.8310667
1.5789584,0.8041955
0.0,0.78585696
0.003915476,0.8266802
1.0831773,0.80502605
0.0066849594,0.7790016
0.94837683,0.79689306
0.0026103174,0.8490747
1.5725687,0.8159989
2.1551604,0.8228724
0.5647778,0.83666503
1.1396097,0.8129878
0.033733334,0.8216425
0.0042825523,0.79897785
0.5506359,0.81144106
0.018272223,0.82807004
0.0,0.78590965
0.0,0.7968046
0.0071190475,0.7809321
0.0,0.82041013
0.9275381,0.8237076
0.0025261138,0.82949203
0.003953125,0.8077729
0.0,0.81848764
0.0022651516,0.7953818
0.004216667,0.8037965
0.0013402608,0.81498694
0.003052153,0.815048
0.0028159246,0.8290148
0.51821715,0.812219
0.0,0.824932
1.2718256,0.8202512
0.005270833,0.79917765
0.0,0.7912693
0.20229961,0.8129573
0.0051713837,0.802311
0.0,0.84304726
0.0,0.7786435
0.0,0.78575623
0.0,0.8393868
0.0018519145,0.8207942
2.175678,0.8202685
0.5266699,0.8088065
4.685112,0.82836336
0.79484165,0.8405467
2.3043303,0.81783324
0.0066444445,0.78155786
0.0,0.78085256
0.553061,0.81926984
0.0,0.8339634
0.9572463,0.81928575
0.013369919,0.7725718
0.0,0.81181985
0.0,0.8105346
0.0,0.8520912
1.2275845,0.83271176
0.0065257936,0.83835393
0.0,0.78441864
0.0,0.80967414
0.0,0.8390436
0.0,0.77964294
0.0,0.8042402
0.0072127194,0.82901955
0.004894345,0.8161746
1.059789,0.81493783
1.7149786,0.8245255
0.5048904,0.81442976
0.01713021,0.8084689
0.018902298,0.7903174
0.598,0.81692314
0.0,0.8158805
0.019301644,0.8055662
0.0,0.8222307
0.0,0.77812123
0.0,0.7943253
2.1529446,0.8209413
2.7374496,0.82981706
0.67039305,0.843181
1.2220892,0.8192507
0.014425439,0.79419106
0.7736981,0.82207596
0.0,0.80940926
0.84545285,0.8166716
0.005270833,0.8099318
0.0,0.8067852
0.0,0.82411575
2.0327847,0.82959175
0.0038603286,0.8091646
3.2369242,0.83678615
0.783707,0.84992844
1.1628584,0.8270451
0.0,0.80072594
0.004350529,0.7952781
1.2046919,0.8278526
0.0,0.8255712
1.1080798,0.8260046
0.0047255745,0.84218067
0.1270295,0.8299942
0.0033022088,0.822994
0.70292926,0.83003354
1.4795178,0.8358078
0.5761344,0.8263582
0.5093202,0.8253236
0.0,0.8129283
0.018272223,0.846562
0.0,0.8380987
0.0019438535,0.818298
0.005270833,0.8495232
0.006374031,0.82829636
0.0022465847,0.81513685
1.8334312,0.81975317
2.1840115,0.8213974
0.8751433,0.83731186
1.1991146,0.81089187
0.0,0.79576015
1.4469464,0.81686044
0.87300617,0.8079852
0.0014815315,0.8292695
0.023492858,0.79891574
1.28271,0.8448375
0.9764219,0.8593353
2.3144815,0.8341795
0.0,0.82825863
1.7173945,0.83251613
0.0,0.8285166
0.0,0.82493234
1.3848422,0.8262351
0.0066849594,0.81286544
2.3664756,0.8443655
1.3312619,0.85874605
2.2200751,0.8340887
0.58520496,0.8243042
0.0,0.8343022
0.0,0.8324138
0.0,0.83840847
2.5488,0.85922384
0.58663917,0.8484429
4.581779,0.86323303
1.1814101,0.8737324
2.5800445,0.8540863
0.7404179,0.8881341
0.80949533,0.86810356
0.6832105,0.85596615
5.0751295,0.8521718
3.2945008,0.8632973
4.8769,0.8459834
4.037656,0.84556943
0.0,0.82121754
4.394216,0.8488759
4.1819677,0.86030257
4.452065,0.8410256
0.064732164,0.85405236
0.75634646,0.8337557
3.8974073,0.84300625
0.007724022,0.8516618
3.4794443,0.8512468
1.7082058,0.8629274
2.3002481,0.84260595
0.60371274,0.8776953
0.5979758,0.8565778
0.0135317035,0.8314351
0.5344007,0.8356564
1.260974,0.84524685
0.0032619936,0.83537924
0.81558305,0.8455359
0.5053874,0.85171795
1.0658796,0.84436476
2.172267,0.8563037
0.6582708,0.8465852
0.66736746,0.8620275
2.937045,0.85968137
1.44627,0.85132587
4.4147773,0.84783757
2.0241468,0.86130047
4.69565,0.8432404
0.5360925,0.8332542
3.195865,0.8419851
3.4281096,0.8456975
2.1465456,0.85814816
3.7058952,0.83817655
0.019332385,0.82796395
0.6623551,0.8297187
3.1486514,0.83947444
2.8319945,0.8464057
0.63039166,0.8602207
0.013983844,0.8241172
1.7404753,0.8385581
0.8062572,0.84048784
0.01617853,0.82735133
0.011154555,0.8289412
0.58536464,0.84241176
0.026338339,0.83212966
0.5153022,0.8471676
1.21254,0.8416482
0.8588642,0.83568597
0.0016712399,0.8132398
2.1366496,0.84202737
1.0288439,0.8319812
2.3251293,0.83060324
0.9540138,0.842764
2.4543946,0.82471085
1.5091873,0.82456577
0.011556217,0.8288349
0.0058564814,0.80937123
1.6330236,0.82729423
1.799433,0.83934534
2.0735455,0.8185731
1.6889443,0.8214326
1.5424477,0.82878125
0.9714807,0.8199843
0.0015572917,0.8064725
0.00066686946,0.8128475
2.187891,0.86488354
0.60610515,0.87073326
4.902062,0.86612195
1.2296892,0.8786406
3.1249154,0.8574255
1.27646,0.8919349
1.2855285,0.8715365
0.5549656,0.8590702
0.0029913597,0.84305215
2.4583306,0.85625
1.2110659,0.8687472
2.9586875,0.850194
0.06272554,0.8402145
1.5940397,0.8491942
2.9230547,0.8520995
3.3288743,0.86439955
3.7324758,0.8447886
0.23985799,0.83518106
3.0893505,0.8452513
3.0485404,0.8539834
1.4713948,0.8669597
2.4837153,0.8461748
0.92267746,0.88106036
1.6612526,0.8476685
0.003994488,0.8411836
0.034654215,0.863723
0.61059135,0.8378792
0.0073489742,0.82452637
0.0032245098,0.8594145
0.9878798,0.8455012
2.9414506,0.8498492
0.72643036,0.8409271
0.0017237946,0.8340192
1.0565339,0.84087133
1.9310813,0.83397734
0.0033527014,0.8396512
0.0014324913,0.83799386
1.9265803,0.84203297
0.73907936,0.8524474
0.043276317,0.815521
2.63954,0.83354867
1.1752689,0.8410721
0.604672,0.8321044
0.0023518703,0.83787435
2.6621993,0.8593881
0.5464265,0.8692568
0.68067235,0.848932
0.7349356,0.864969
4.6538916,0.86265373
1.435276,0.8737097
3.0637193,0.85337716
1.2062165,0.88771296
1.0776724,0.86824155
0.7055208,0.84619635
0.91780424,0.8552144
0.0083562,0.8582994
4.027219,0.8521626
2.2556987,0.8641137
4.2328773,0.8462804
3.0241795,0.84581816
0.0012074156,0.8428627
0.0022044235,0.83672017
3.6408415,0.8493324
3.9671235,0.86112463
4.093251,0.8411514
0.044957556,0.8551279
0.59768826,0.8360061
0.69825995,0.83374083
3.8048189,0.8434316
3.4725876,0.8508135
2.027514,0.86353683
2.692278,0.8425821
1.127325,0.877734
0.57736456,0.8573767
0.70266175,0.8351735
1.9341643,0.84505033
0.003904321,0.83823
0.014683036,0.83669645
0.0014055555,0.865537
0.00057100697,0.8327149
1.1074642,0.8465719
0.005817,0.8259765
0.6002951,0.85935444
0.0009966667,0.8589337
0.6369599,0.85057086
0.99055845,0.84361804
0.011962559,0.83757377
0.0,0.8505547
3.0763693,0.85355467
0.7283986,0.8644867
1.1234561,0.8430805
1.2270564,0.85869807
3.9597902,0.8548015
1.5168555,0.8669406
0.014225778,0.86161894
2.5486267,0.8458907
1.2815998,0.88112426
1.3559219,0.85984457
0.014584251,0.8385634
1.149813,0.8385086
1.1024182,0.84836733
5.2253466,0.8486952
3.320395,0.8611389
5.1229773,0.8433709
0.8961382,0.8365301
0.79837155,0.83440924
4.098499,0.8430294
0.0010076594,0.82439077
4.019937,0.8435735
4.3889666,0.85510373
4.4864626,0.8352292
1.121143,0.8302161
1.321997,0.8278978
4.294243,0.8377706
2.9449942,0.84301287
1.7166866,0.85595554
2.4898386,0.83462185
1.1304187,0.87067175
0.5363172,0.84872925
1.2424698,0.82720864
1.6524595,0.8375938
1.2610095,0.84191
0.0044738688,0.8226732
0.6475609,0.8522612
0.5034826,0.82938695
0.0025848208,0.83175385
0.0020189297,0.8194252
0.0029244914,0.83996624
0.7091603,0.8402066
1.4539299,0.8401044
0.5711713,0.8414966
0.0044064843,0.84573936
2.4679682,0.8459398
0.54005116,0.85585684
0.58068836,0.8353292
0.65666497,0.85176396
0.006588542,0.84893626
4.1834426,0.8489312
1.1644692,0.8607601
2.5417464,0.8398748
0.8730557,0.8754276
0.87010026,0.85509014
0.5934005,0.8327515
0.8855779,0.84256554
4.100304,0.8374952
2.6144829,0.85094416
4.4531684,0.831997
0.014265688,0.8337699
3.270653,0.8315537
0.00089569716,0.8298754
3.6458852,0.8347888
3.8992376,0.84741175
4.0871887,0.8262788
0.63955516,0.8207309
0.8374533,0.81891507
3.8289924,0.82944304
2.9266932,0.83695036
1.6118847,0.8508131
2.2809014,0.8287331
0.79010445,0.8657476
0.025551833,0.8515389
0.794396,0.82092047
1.3746216,0.83162916
0.0046161404,0.83777195
0.004420699,0.81340826
0.8887954,0.830338
0.0019615593,0.8273832
0.003887707,0.8674691
0.5694426,0.8305011
1.3158598,0.85816604
3.0468931,0.8603554
0.7364682,0.87280154
1.9490796,0.8512999
0.0023781634,0.8593589
0.0016201971,0.85724735
3.057064,0.8524633
1.2937247,0.86473334
3.834539,0.84738255
1.9656956,0.8462635
1.939851,0.8492428
2.693394,0.8609925
2.8255322,0.8411337
2.3011017,0.84255564
2.130185,0.8492129
0.82044286,0.8617209
1.5641001,0.8408173
0.6513916,0.8426921
0.0017935256,0.84990263
0.0026668499,0.8661384
0.003353385,0.83771694
0.0035063967,0.82692254
1.2868872,0.8528551
0.0025030442,0.8459089
2.3089352,0.8561413
0.556626,0.86840045
0.9525635,0.84699833
0.389874,0.84961194
0.0019813252,0.8245872
2.423453,0.8454206
1.0179627,0.85766953
2.4406075,0.83937967
0.012148558,0.8407992
1.7371806,0.83907187
0.010088957,0.84603316
0.0011141599,0.82385087
2.1394243,0.84316814
2.4327867,0.85491157
2.3931038,0.83485264
2.410963,0.8372283
1.9687994,0.8445399
0.73486805,0.85713494
1.137251,0.83546025
0.004090796,0.82651687
0.67302686,0.83886504
0.006274197,0.83558106
0.0022130953,0.8368874
0.012605066,0.86049795
0.0025024428,0.8384912
0.0021496732,0.82935
0.0006173048,0.84463835
2.5826595,0.8495179
0.58275545,0.85880965
0.7494287,0.83850116
0.7001298,0.8550335
4.629259,0.855206
1.5330524,0.8658079
2.5265794,0.84578454
1.3190588,0.88021374
1.0330073,0.86037064
0.6521382,0.83866346
0.839218,0.8475767
0.0065780003,0.85496974
0.009940846,0.8439072
3.6830654,0.84361655
2.3352952,0.855422
4.2191772,0.83736056
3.2069416,0.83647907
0.0,0.8094913
4.2024965,0.84458005
4.3752975,0.85607463
4.233958,0.83594847
0.5552694,0.83099437
0.88361347,0.8281697
4.0652966,0.8376191
3.1210043,0.8437779
1.5451157,0.8562341
0.011568452,0.85136294
2.3856902,0.8351831
1.0001273,0.87179285
0.55289227,0.85045046
0.68549263,0.8279099
1.4287914,0.83744156
0.0024992402,0.84367144
0.0047991243,0.8253604
0.82492644,0.83671486
0.5465468,0.84527814
0.00080612744,0.8508493
0.0,0.8259316
0.0025314162,0.8586532
0.0,0.8105793
0.044947714,0.8624475
1.9140153,0.84866774
0.0028093103,0.85374355
0.0020922392,0.8382865
0.92077214,0.8512788
0.0018031799,0.86798155
0.00240776,0.82190484
0.66029644,0.8349743
0.0040409723,0.82055634
0.0027103936,0.8215289
0.0016835586,0.8438252
0.0024581465,0.81731623
0.00272043,0.8388349
1.6260802,0.8476553
0.0026708816,0.8290768
3.3958426,0.85132825
0.9053843,0.8632102
2.0849624,0.8422117
0.73461586,0.877781
0.6106867,0.857231
0.6375897,0.8444366
0.0018945852,0.8436239
0.0032094067,0.8197715
3.075844,0.8400183
1.7410682,0.8529014
3.592497,0.83442104
2.5075386,0.8339608
2.6803021,0.8370408
3.055223,0.8492497
3.150012,0.8287672
2.7800221,0.8312297
2.7937121,0.8384476
1.1498715,0.8519324
1.8598185,0.8300225
0.6704374,0.86672246
0.5242934,0.82245517
0.9013462,0.8327832
0.003675447,0.83127165
0.56801224,0.8342705
0.005270833,0.87611353
0.0060255993,0.8287407
0.53676915,0.8324281
0.003806713,0.8202987
0.00417992,0.8260249
3.0667078,0.8533184
0.7935735,0.8635003
0.972963,0.8422197
0.9558988,0.8586369
5.321112,0.8569628
1.8564066,0.8686686
3.6055124,0.8472519
1.5520729,0.88272923
1.4166161,0.8623144
1.058555,0.8400408
1.4470775,0.8504729
5.0445995,0.84603345
3.240656,0.85807264
5.485226,0.83991337
0.78412366,0.8331795
0.67983526,0.8309361
4.799635,0.8400987
4.76081,0.84271365
5.1143403,0.8546994
5.3047776,0.8338942
1.1228254,0.8290783
1.4729892,0.82698864
5.1440926,0.83716977
4.2519846,0.84419256
2.542716,0.8565155
3.328228,0.8350307
1.3993556,0.87110585
0.8485288,0.8502631
1.3315201,0.82800543
2.2927275,0.8384727
1.2814993,0.8338517
0.6858429,0.85092556
0.0027587654,0.85521734
0.01479247,0.8544971
0.9445749,0.83963406
0.0033121854,0.84150875
0.514216,0.8407967
2.6168149,0.8549022
0.59080327,0.8437192
0.6785859,0.86016
4.8232775,0.859561
1.2383034,0.8705699
2.6489093,0.8502282
0.8211651,0.8646697
0.0,0.80856663
5.4678245,0.8467897
3.7624972,0.85885423
5.068043,0.840469
0.51938254,0.83407575
0.6495659,0.8314939
3.8297155,0.84024286
4.509016,0.84556425
4.389941,0.857565
4.634166,0.8371059
0.60978365,0.82940644
3.3016245,0.83967245
3.7085583,0.8477911
1.5983925,0.8600339
2.6515408,0.8386355
0.5202756,0.85388345
0.6524413,0.8418538
0.0012021199,0.849304
0.0027810035,0.8401538
0.5717363,0.84193474
0.0021890744,0.83002853
0.6570698,0.8452009
1.2176323,0.83759403
1.340972,0.8496404
2.5266516,0.8534459
1.2799219,0.8443882
0.0022429079,0.8212448
3.0904696,0.8402192
1.6981791,0.8533428
3.3711824,0.8357261
2.1254714,0.83590186
0.0058612525,0.8450365
0.010583202,0.8430742
0.0016644737,0.8451039
2.0142467,0.8370645
2.1916292,0.84925145
2.427867,0.8286879
1.915368,0.83237207
1.7936302,0.8411435
0.6309328,0.8538507
1.2135514,0.83287895
0.14127405,0.8477994
0.0019729144,0.8615922
0.003305053,0.8272768
0.01577206,0.84360856
0.029630631,0.8564365
0.5328611,0.83466434
2.6894982,0.85732013
0.61630493,0.8686291
1.0269669,0.8474483
1.0668815,0.8630767
4.030629,0.859138
1.5404177,0.871777
2.8325567,0.85055465
1.2641056,0.8852672
1.3524132,0.8651614
1.0458578,0.8431396
1.0848204,0.8534123
0.013153156,0.8605212
0.0025964081,0.85294926
5.2488785,0.85329866
3.2247248,0.8667352
5.1412644,0.8487461
0.86528224,0.8411944
0.8424799,0.8389304
4.088771,0.8479946
0.013684892,0.8368355
3.6621718,0.8469104
4.045932,0.85896075
4.0882583,0.8394803
0.8703634,0.83447844
1.0296036,0.83183455
3.8246057,0.84210235
3.3199403,0.8480525
1.8003297,0.8617901
2.6296046,0.84074926
1.1572592,0.87567776
0.029337287,0.86145085
0.5608681,0.85425466
1.2442374,0.8326225
1.6926211,0.84358245
0.00242517,0.85750556
0.0035804943,0.8327004
1.295751,0.8429528
0.21844992,0.8587609
0.515458,0.85416937
0.91613954,0.8456376
0.6229015,0.85067713
0.0041585057,0.83075583
1.6056818,0.844737
0.0121935485,0.83633506
0.69465137,0.84617203
4.1617994,0.8660225
0.95695305,0.87689275
1.44547,0.8560204
0.51637715,0.87916803
1.9022689,0.8713605
7.282333,0.8711621
2.6615531,0.88275987
4.579237,0.8618676
3.0226014,0.8963733
0.70913625,0.8836426
2.6382694,0.87582195
1.2959912,0.8539885
1.3104609,0.8642423
5.8415833,0.85796523
4.07522,0.86987877
6.3434973,0.8515905
0.5358153,0.8451496
4.597263,0.85119295
1.13687,0.83987
6.291083,0.85602415
6.857543,0.8680601
6.877949,0.84797037
1.3797748,0.84247863
1.5598812,0.8394661
6.6897297,0.8495823
6.147298,0.8560158
3.2083874,0.8686776
4.9163003,0.8476743
1.9178877,0.8825946
1.3479853,0.8614496
1.0697321,0.83919555
3.0143733,0.84991145
0.0023476088,0.85384107
0.0010265294,0.8407973
0.0041597807,0.8414587
0.003126426,0.8654331
0.01598197,0.8540497
1.5992099,0.8413764
0.1220234,0.8597511
0.55335903,0.8513661
1.1784238,0.85743046
0.22899914,0.8699935
1.9189906,0.8505087
3.1663387,0.868034
0.7067435,0.8580433
0.9365735,0.874099
0.0056366753,0.8476473
6.044237,0.86955416
1.6916081,0.88192666
3.695995,0.8608515
1.8115195,0.89513874
1.7576842,0.8751996
0.5812885,0.85284626
0.8076381,0.8630917
3.1680458,0.85736245
1.63254,0.86971813
3.4540343,0.85119855
0.009616959,0.841816
1.8781756,0.8513159
0.0031870154,0.8457525
3.4326663,0.85312635
3.9329972,0.86555964
4.2536006,0.8456092
0.5980608,0.8398659
3.4808583,0.8475952
3.5661151,0.8543271
1.9343958,0.86761826
2.989725,0.84651077
1.3704166,0.8814838
0.8673048,0.86075276
0.54171765,0.8382979
2.0845485,0.84904355
0.0012346096,0.8632461
1.1920134,0.83924913
0.76708305,0.8576134
0.7121961,0.8504441
3.9392216,0.867388
0.86663,0.85658014
0.88157755,0.8608022
4.4342294,0.8696087
2.0242257,0.8605709
0.005339286,0.8611584
2.060189,0.8583313
0.71566206,0.86989474
3.2221396,0.85214245
1.4057355,0.8517611
2.3550508,0.8536181
2.2580955,0.86593276
3.594757,0.8464464
2.3536496,0.8477173
2.0840123,0.8556891
1.6771889,0.84770757
0.0043333336,0.8425034
0.0022840279,0.8657805
0.004420699,0.8644436
0.06196117,0.85342515
0.7062214,0.8518313
3.3575208,0.8602468
0.17561027,0.87233305
1.0102576,0.8511587
0.080711655,0.8885941
0.5749198,0.84378123
0.9592917,0.85425854
2.5709915,0.86253965
0.95738834,0.8539805
0.02257157,0.8595873
0.004249354,0.84286845
1.8353951,0.8518629
0.57688016,0.8655624
3.3623216,0.84704244
1.5045247,0.84613276
2.0131478,0.8463422
1.0610436,0.8598424
3.4499443,0.83972454
2.1138544,0.8405168
2.0584219,0.84607303
2.1493905,0.83924127
0.013369919,0.8279929
0.016978614,0.8442532
0.5250808,0.8516031
0.045365516,0.8373301
0.9033169,0.84470975
1.1665419,0.8408768
1.4867083,0.8448106
0.7956667,0.83530307
0.70172286,0.83438474
1.5678861,0.82791233
0.8044872,0.83080184
0.9049101,0.8436804
1.6727452,0.8231269
0.91637546,0.82552814
0.7641467,0.8319317
0.005790493,0.8401934
0.78326404,0.82350576
0.0041844784,0.81951606
0.0027408334,0.83929384
0.0064871795,0.84805715
0.0,0.8255832
5.6009126,0.86811733
2.2939239,0.8588077
3.2475655,0.85188526
3.193753,0.86203516
3.8886192,0.86807156
0.61469173,0.88118273
2.2561843,0.85938215
0.75788194,0.87414825
0.015226852,0.84854066
0.0020763888,0.870654
0.5009428,0.8581399
1.7794203,0.85268337
0.022348333,0.8709435
0.0022651516,0.86445487
1.1649414,0.85104567
1.3418664,0.8643968
3.2886927,0.8444011
1.3007712,0.8447298
1.2269028,0.8525974
1.8943995,0.84520763
0.0018272222,0.8557117
0.0036131514,0.85153383
0.5311597,0.83848584
0.0058770305,0.8419744
0.0076845796,0.8554984
1.9578217,0.848079
0.013051587,0.8532312
1.8255382,0.8506012
1.3683069,0.83459675
0.0023774267,0.8241186
0.0069,0.8341303
0.0034089966,0.831054
0.0045037167,0.8525342
0.01172549,0.8457794
0.0047012577,0.84675896
0.0025232069,0.8290645
0.003972222,0.82502735
5.4403296,0.8661979
0.89190656,0.87582076
2.7216666,0.85552126
2.2092195,0.8496115
2.878745,0.85952425
4.6492944,0.8682382
0.8114593,0.87928885
2.3743625,0.859035
0.6429624,0.8734771
0.7533464,0.8614122
0.0039837696,0.83420503
1.6824414,0.8576409
0.87925935,0.8692305
3.6152897,0.851402
1.4022869,0.851247
0.0018394855,0.839647
2.3097231,0.85314316
2.6566923,0.8657604
3.9808276,0.8457925
3.0472603,0.8476528
2.5802302,0.85447717
0.7713892,0.8677446
2.2584467,0.84682685
1.0909592,0.8492158
1.3972418,0.86285365
0.81449294,0.8494199
4.4372888,0.8555664
1.2704253,0.86754483
2.5246015,0.84562755
0.29773423,0.8693913
0.8245662,0.8614422
1.815924,0.83895195
1.5914441,0.8500439
5.081244,0.8548872
1.4654506,0.8691009
3.5041296,0.8451396
0.68663585,0.88469386
1.7988522,0.8609196
0.8347557,0.8378037
0.8861705,0.8486527
0.0023032213,0.8235788
2.8689415,0.85008305
1.4183147,0.8633892
5.0670476,0.84454346
0.5015316,0.8353031
2.3046799,0.8444725
0.006591182,0.8348446
3.4458878,0.84209883
3.7790496,0.85559523
4.4302764,0.8346628
0.78638184,0.8267056
3.382388,0.83652556
3.3389342,0.8394008
1.1299927,0.85392374
2.5378468,0.8311895
0.84716666,0.8234294
1.2965382,0.8339797
0.0020272436,0.8321808
1.4693657,0.84877574
0.25885648,0.8363724
1.1253369,0.8347242
3.2375498,0.8499109
0.52247137,0.86059475
1.2676355,0.83984727
0.707969,0.8434273
3.7588573,0.85211253
0.7659518,0.8646506
2.1224947,0.84320486
0.52325,0.8584725
1.0081667,0.84089994
0.53116924,0.85406965
3.2413838,0.83582616
1.2772872,0.8352215
0.0,0.87108386
0.001986111,0.822115
0.0,0.8421837
2.3645782,0.8363185
2.6183705,0.84993875
3.6571717,0.829123
0.02220422,0.8657234
2.6958225,0.8310022
1.9500872,0.83865136
0.55022746,0.8528662
1.8047898,0.83092856
0.6312033,0.8336688
0.003915476,0.8550477
0.0040012165,0.8236773
0.6802087,0.8474838
0.0012127581,0.82591903
2.764818,0.8604852
0.90079606,0.85128415
2.629266,0.86079746
1.4904553,0.8515679
0.65598786,0.85387915
2.714291,0.84875625
0.62712073,0.8479954
0.0008927796,0.8569468
0.0032758964,0.8574116
1.024249,0.8476647
1.516937,0.8609118
2.7068636,0.8406989
1.5710514,0.84181964
1.2395481,0.8461074
1.2537855,0.8385441
0.0064439657,0.8407553
0.003955842,0.8438089
0.005307952,0.86156934
0.0011890817,0.82919586
0.0033323201,0.83356667
0.009224944,0.8681505
0.0042877058,0.84387296
0.0018111233,0.84737515
2.1716037,0.8546545
0.63707185,0.84448516
2.4234066,0.8576871
1.2916982,0.8485838
0.017746404,0.8557025
1.9035422,0.84230864
0.00325,0.84253
0.60638696,0.84187925
0.005481667,0.8472366
1.218299,0.84289
1.4980072,0.85609835
0.0050468603,0.82140493
2.2997944,0.83585465
1.6263266,0.8372785
1.2386458,0.843056
0.98648673,0.83498025
0.0030538533,0.84059834
0.002514526,0.82291317
0.005294329,0.8424765
0.0015820105,0.86030114
0.0043276316,0.8745247
3.9284127,0.85347784
0.5373948,0.86327094
1.3310777,0.8424333
0.7381196,0.83700836
1.3899677,0.84643
4.3812504,0.857383
0.6163089,0.8684577
2.2672257,0.8479258
0.6363909,0.86295235
0.75255007,0.84566295
2.800789,0.8395927
0.0005342755,0.8282794
1.3822354,0.83911467
0.0031145834,0.81793785
1.9111757,0.8463617
2.293763,0.8586293
3.8238852,0.83831334
2.8343606,0.839998
1.7534729,0.8450876
1.9539033,0.8365819
0.65978134,0.839289
0.0021412761,0.83840156
0.0021329443,0.8209443
0.87877303,0.84638405
0.00855104,0.84659505
0.0021002553,0.8308388
0.94087803,0.8556658
0.61423707,0.85728896
0.007583333,0.86396897
0.0,0.8195881
0.0016611111,0.822796
0.0016737913,0.828226
0.0039295102,0.878714
0.0009894705,0.8423477
2.4289975,0.8523642
0.8814702,0.8419678
0.5170124,0.8455113
2.941227,0.8548611
1.5462868,0.8454632
0.0011096491,0.84898126
0.0,0.84819436
0.004216667,0.81848085
0.9156875,0.84376717
0.006229167,0.8230914
2.7570834,0.83813214
0.97758156,0.8379011
0.0,0.83411014
0.009451149,0.81182456
0.005094486,0.82678473
0.009516782,0.8370316
1.5535523,0.839295
1.7620673,0.852527
2.7391896,0.8319064
0.014895833,0.8682264
1.8679606,0.8337424
1.7125899,0.8403725
1.3359294,0.83273363
0.0061296592,0.81429297
0.0037891704,0.82782453
0.012432646,0.8446355
4.158653,0.8584979
0.65771973,0.869067
1.7492608,0.8485026
0.76674217,0.84189487
1.1749492,0.85212255
4.764441,0.86182016
1.07888,0.8741337
3.2598338,0.8522849
0.5553967,0.88856983
0.7639803,0.8671996
0.7004109,0.8554688
1.3780352,0.85166377
0.6748121,0.8639393
4.2671638,0.8456552
2.2163146,0.8458045
0.007294994,0.8322514
3.1475766,0.8448241
3.680022,0.85765374
4.7277,0.8373269
0.50542355,0.82974494
3.8239543,0.83948624
2.7307673,0.84603894
0.8917497,0.8594621
2.8003454,0.8383972
0.016276423,0.85958624
0.0027685186,0.8281199
1.0902629,0.841155
0.0016763507,0.8471978
0.0020277435,0.82998943
0.0030453703,0.84731704
0.9492209,0.85377675
0.00060105993,0.8814675
0.0028207547,0.8341285
0.005291184,0.8590521
0.52336,0.8453021
4.229563,0.8614508
0.96382296,0.85011697
0.8281009,0.8546032
4.278354,0.8646297
0.56767607,0.8760302
2.0091946,0.8549626
2.0546162,0.8524013
0.9254197,0.8642445
3.4978704,0.84614307
1.4284837,0.8460078
0.0018560948,0.8443897
2.323747,0.84889895
2.0778353,0.8617741
3.7554107,0.8412805
1.936707,0.8432644
2.001622,0.8509546
1.6465265,0.8423553
0.001922043,0.8343816
0.0020711587,0.8664164
0.0019133217,0.8476184
0.00048254107,0.83806306
0.7582351,0.8449899
2.8069499,0.8575741
0.17682795,0.8674879
0.6823143,0.8473746
0.6589591,0.8516331
2.4406886,0.85918605
1.1114051,0.8504401
0.74633133,0.8470315
1.9101431,0.84202385
0.5654772,0.84192246
0.002963063,0.863174
0.0047805235,0.8317157
0.0044931695,0.8471738
0.0,0.81643087
0.0020006082,0.8518032
0.9184973,0.84170336
1.0423472,0.85488516
2.03572,0.8347847
0.0103308335,0.85467863
1.0058006,0.8373469
0.84886,0.8460976
0.9924271,0.83848995
0.0014735663,0.86278266
0.0016314484,0.81817997
0.004956299,0.83662146
0.005123053,0.8344381
0.0022362245,0.8223602
0.013051587,0.8614071
0.0012181482,0.8559909
3.9118996,0.8624556
0.9617535,0.87425137
2.263832,0.8528097
0.18606257,0.8762831
0.59414196,0.8685232
0.011431215,0.8462908
1.4532161,0.8460882
1.4589018,0.8577157
4.1072445,0.8626621
1.2249485,0.8766242
2.9024649,0.85387367
0.5726681,0.8907444
1.3893335,0.86897683
0.59741837,0.8465204
0.7393417,0.8575457
0.0018805031,0.8280904
0.0029845736,0.8361342
2.565586,0.85682535
1.413418,0.87012815
4.495275,0.85133034
0.12869619,0.8833177
2.11748,0.851559
0.0046454803,0.84289646
3.044613,0.84849846
3.2699974,0.86177236
4.0920296,0.8417463
0.56295633,0.8336772
3.089531,0.84379417
2.916835,0.8481554
1.0553489,0.8623172
2.3715823,0.8405768
0.0050060884,0.82902324
0.6803798,0.8327587
1.1192843,0.84390646
1.1913047,0.8532547
1.1129981,0.843043
5.6719127,0.8688168
2.566246,0.8591074
0.8311875,0.87417805
2.9728744,0.851888
2.945936,0.86287355
5.9747186,0.8727001
1.4674,0.8847028
4.352548,0.8633224
0.7522713,0.8991614
1.2380469,0.8776746
0.58540624,0.8557436
0.5134812,0.8662547
0.0,0.8583984
2.076817,0.8607503
1.0111452,0.8724967
0.0077570756,0.840261
5.013018,0.85454017
1.3450385,0.85396874
3.3451219,0.85534
3.8589194,0.8676591
5.631268,0.84770036
0.01595194,0.8494537
3.828882,0.8488734
3.1497118,0.85485196
0.9572463,0.8679051
3.8100595,0.8469354
0.7782458,0.8493085
0.0034260417,0.8560952
0.001957738,0.84623647
0.0,0.83443904
0.012565425,0.8482162
1.3223319,0.84170014
0.994821,0.85269743
6.9813333,0.870931
0.84306645,0.8823656
3.4651964,0.8609085
0.008459362,0.85482085
4.551203,0.85454446
4.312032,0.865325
4.60396,0.8718974
0.99572045,0.8845979
3.4638462,0.8626582
1.0205998,0.89898443
1.24006,0.8777886
0.51771295,0.85548544
1.12278,0.8660111
0.6982351,0.8587831
2.0387063,0.85300434
0.016314484,0.84332067
1.6365893,0.8519855
1.8015424,0.86514336
0.0024692193,0.83121246
3.8692737,0.84473425
1.9393045,0.84667957
1.578517,0.8528808
2.1415045,0.8451772
0.8042773,0.8484233
0.0033424797,0.88553995
0.006423828,0.8625499
0.36857682,0.8662355
1.0448704,0.8390385
0.0022527399,0.84188515
0.026281964,0.86501205
0.0044931695,0.8393803
